learning_rate,memory_component,tangent_model,horizon,radius_scale,n_seeds,n_seed_direction_means,endpoint_error,endpoint_error_lo,endpoint_error_hi,centered_error,centered_error_lo,centered_error_hi,endpoint_cosine,endpoint_cosine_lo,endpoint_cosine_hi,centered_cosine,centered_cosine_lo,centered_cosine_hi,tangent_norm,tangent_norm_lo,tangent_norm_hi,true_endpoint_norm,true_endpoint_norm_lo,true_endpoint_norm_hi,centered_fd_norm,centered_fd_norm_lo,centered_fd_norm_hi
0.0003,m,full_coupled,1,1e-06,1,1,0.00011327173706376925,,,7.216332960524596e-05,,,0.9999999701976776,,,0.9999999403953552,,,2962.173095703125,,,0.0029621731373481452,,,2962.1729125976562,,
0.0003,m,full_coupled,1,3e-06,1,1,4.5262374442245346e-05,,,2.675639598237467e-05,,,0.9999999701976776,,,0.9999999403953552,,,2962.173095703125,,,0.008886520052328706,,,2962.17333984375,,
0.0003,m,full_coupled,1,1e-05,1,1,1.5171938457569922e-05,,,8.462448704449343e-06,,,1.0000000596046448,,,0.9999999701976776,,,2962.173095703125,,,0.029621729161590338,,,2962.1729125976562,,
0.0003,m,full_coupled,1,3e-05,1,1,5.254822099232115e-06,,,2.8888367751278565e-06,,,0.9999999701976776,,,1.0,,,2962.173095703125,,,0.08886518888175488,,,2962.1727905273438,,
0.0003,m,full_coupled,1,0.0001,1,1,1.6081097555797896e-06,,,8.757740772580291e-07,,,1.0000000298023224,,,1.0,,,2962.173095703125,,,0.29621729254722595,,,2962.1728515625,,
0.0003,m,full_coupled,1,0.0003,1,1,5.474642676972508e-07,,,3.0375497317436384e-07,,,1.0000000298023224,,,0.9999999105930328,,,2962.173095703125,,,0.8886519372463226,,,2962.1731567382812,,
0.0003,m,full_coupled,1,0.001,1,1,1.814920516096663e-07,,,1.2527483406188367e-07,,,1.0000000298023224,,,0.9999999105930328,,,2962.173095703125,,,2.9621731638908386,,,2962.1732177734375,,
0.0003,m,full_coupled,1,0.003,1,1,9.352096874692961e-08,,,8.783142746437989e-08,,,1.0,,,0.9999999403953552,,,2962.173095703125,,,8.886519193649292,,,2962.1731567382812,,
0.0003,m,full_coupled,1,0.01,1,1,7.598648821272036e-08,,,7.51839692725298e-08,,,1.0000000894069672,,,1.0,,,2962.173095703125,,,29.621728897094727,,,2962.1728515625,,
0.0003,m,full_coupled,5,1e-06,1,1,0.10417933067219565,,,0.0796155453317624,,,0.9890634417533875,,,0.9957688897848129,,,12084.1416015625,,,0.012224007630720735,,,12141.824951171875,,
0.0003,m,full_coupled,5,3e-06,1,1,0.03618686787376646,,,0.02712577070633415,,,0.9987222701311111,,,0.9995115846395493,,,12084.1416015625,,,0.036303747445344925,,,12092.45458984375,,
0.0003,m,full_coupled,5,1e-05,1,1,0.023406065185554326,,,0.017357814591377974,,,0.9996118396520615,,,0.9998349100351334,,,12084.1416015625,,,0.12089669145643711,,,12088.254638671875,,
0.0003,m,full_coupled,5,3e-05,1,1,0.024805618915706873,,,0.01345429359935224,,,0.999672457575798,,,0.9999037683010101,,,12084.1416015625,,,0.3622819110751152,,,12080.899658203125,,
0.0003,m,full_coupled,5,0.0001,1,1,0.05259738489985466,,,0.03078999137505889,,,0.9986310452222824,,,0.9995253086090088,,,12084.1416015625,,,1.199203222990036,,,12016.11962890625,,
0.0003,m,full_coupled,5,0.0003,1,1,0.19101731851696968,,,0.1339602768421173,,,0.9846968799829483,,,0.9927862882614136,,,12084.1416015625,,,3.4066630005836487,,,11438.33349609375,,
0.0003,m,full_coupled,5,0.001,1,1,0.5033766701817513,,,0.4374539777636528,,,0.9248567819595337,,,0.9471255987882614,,,12084.1416015625,,,9.631278276443481,,,9701.76953125,,
0.0003,m,full_coupled,5,0.003,1,1,0.9303277134895325,,,0.9068227857351303,,,0.8631415069103241,,,0.8856782466173172,,,12084.1416015625,,,22.057710647583008,,,7263.9033203125,,
0.0003,m,full_coupled,5,0.01,1,1,2.164278030395508,,,2.2449796199798584,,,0.8839808255434036,,,0.9121188074350357,,,12084.1416015625,,,40.38815212249756,,,3875.2902221679688,,
0.0003,m,full_coupled,10,1e-06,1,1,0.204303604317829,,,0.14928618213161826,,,0.9697427898645401,,,0.986176386475563,,,18998.1572265625,,,0.019680376164615154,,,19290.0849609375,,
0.0003,m,full_coupled,10,3e-06,1,1,0.11938252858817577,,,0.08485543914139271,,,0.9923502206802368,,,0.9963311851024628,,,18998.1572265625,,,0.05745884217321873,,,19047.525390625,,
0.0003,m,full_coupled,10,1e-05,1,1,0.11230685748159885,,,0.0650379229336977,,,0.9927666485309601,,,0.9977561980485916,,,18998.1572265625,,,0.19112162292003632,,,19016.28369140625,,
0.0003,m,full_coupled,10,3e-05,1,1,0.08183903247117996,,,0.05580675508826971,,,0.9964217990636826,,,0.9983457624912262,,,18998.1572265625,,,0.5683279186487198,,,18943.1689453125,,
0.0003,m,full_coupled,10,0.0001,1,1,0.13471081666648388,,,0.09466883912682533,,,0.9913382977247238,,,0.9958834797143936,,,18998.1572265625,,,1.8382902145385742,,,18453.5048828125,,
0.0003,m,full_coupled,10,0.0003,1,1,0.30403897166252136,,,0.24370120093226433,,,0.9660558104515076,,,0.9798482060432434,,,18998.1572265625,,,5.052610158920288,,,16925.87255859375,,
0.0003,m,full_coupled,10,0.001,1,1,0.6930067837238312,,,0.6301498711109161,,,0.8864471316337585,,,0.9148503243923187,,,18998.1572265625,,,13.548846244812012,,,13580.603271484375,,
0.0003,m,full_coupled,10,0.003,1,1,1.3459442257881165,,,1.340650498867035,,,0.8085267841815948,,,0.8397621661424637,,,18998.1572265625,,,28.25157642364502,,,9205.3828125,,
0.0003,m,full_coupled,10,0.01,1,1,3.320065438747406,,,3.5298799872398376,,,0.8088505566120148,,,0.8508398234844208,,,18998.1572265625,,,46.702627182006836,,,4378.3121337890625,,
0.0003,m,full_coupled,20,1e-06,1,1,0.7722368985414505,,,0.7269764542579651,,,0.5794492810964584,,,0.6625102609395981,,,24866.11083984375,,,0.05223795538768172,,,38756.90869140625,,
0.0003,m,full_coupled,20,3e-06,1,1,0.5999399274587631,,,0.40217915922403336,,,0.7855233997106552,,,0.9151684641838074,,,24866.11083984375,,,0.09617187082767487,,,26598.34423828125,,
0.0003,m,full_coupled,20,1e-05,1,1,0.41139688342809677,,,0.2926507405936718,,,0.9059401005506516,,,0.9550634771585464,,,24866.11083984375,,,0.26937495917081833,,,25407.80078125,,
0.0003,m,full_coupled,20,3e-05,1,1,0.26943179219961166,,,0.20074081048369408,,,0.962209478020668,,,0.9782918989658356,,,24866.11083984375,,,0.7542744725942612,,,24804.94873046875,,
0.0003,m,full_coupled,20,0.0001,1,1,0.2787954919040203,,,0.21024484559893608,,,0.9626465439796448,,,0.9791778177022934,,,24866.11083984375,,,2.363823175430298,,,23536.82080078125,,
0.0003,m,full_coupled,20,0.0003,1,1,0.41998133063316345,,,0.3604503571987152,,,0.9400430172681808,,,0.9599040299654007,,,24866.11083984375,,,6.272924542427063,,,20843.06103515625,,
0.0003,m,full_coupled,20,0.001,1,1,0.8744808435440063,,,0.8180438876152039,,,0.8604443818330765,,,0.8942972123622894,,,24866.11083984375,,,15.828843355178833,,,15739.906982421875,,
0.0003,m,full_coupled,20,0.003,1,1,1.7107926607131958,,,1.7290925681591034,,,0.7761786431074142,,,0.8132745176553726,,,24866.11083984375,,,31.555126190185547,,,10191.037109375,,
0.0003,m,full_coupled,20,0.01,1,1,4.188399374485016,,,4.522827982902527,,,0.7582154124975204,,,0.8073477745056152,,,24866.11083984375,,,50.9764518737793,,,4703.8902587890625,,
0.0003,m,full_coupled,40,1e-06,1,1,0.9834245592355728,,,0.9716149419546127,,,0.16937145963311195,,,0.2337503768503666,,,27947.71923828125,,,0.16257130354642868,,,106263.58984375,,
0.0003,m,full_coupled,40,3e-06,1,1,0.9339911639690399,,,0.8393315821886063,,,0.3489716649055481,,,0.5517370104789734,,,27947.71923828125,,,0.22591319680213928,,,45489.40234375,,
0.0003,m,full_coupled,40,1e-05,1,1,0.8132390975952148,,,0.6647354066371918,,,0.5749583840370178,,,0.7509015053510666,,,27947.71923828125,,,0.452403761446476,,,34190.0849609375,,
0.0003,m,full_coupled,40,3e-05,1,1,0.6583889946341515,,,0.5170243605971336,,,0.755543127655983,,,0.853590115904808,,,27947.71923828125,,,0.9837435781955719,,,29747.17578125,,
0.0003,m,full_coupled,40,0.0001,1,1,0.5226035192608833,,,0.41266626864671707,,,0.8654838055372238,,,0.9208089858293533,,,27947.71923828125,,,2.7454750537872314,,,26180.4560546875,,
0.0003,m,full_coupled,40,0.0003,1,1,0.5860676467418671,,,0.520596869289875,,,0.8810676634311676,,,0.9155556112527847,,,27947.71923828125,,,6.818871259689331,,,22248.94482421875,,
0.0003,m,full_coupled,40,0.001,1,1,1.0368414670228958,,,0.9896291196346283,,,0.8182279020547867,,,0.8553578555583954,,,27947.71923828125,,,16.615745544433594,,,16422.692626953125,,
0.0003,m,full_coupled,40,0.003,1,1,1.9577923715114594,,,1.9863975942134857,,,0.7381870746612549,,,0.7768362611532211,,,27947.71923828125,,,32.5831823348999,,,10502.27392578125,,
0.0003,m,full_coupled,40,0.01,1,1,4.662522673606873,,,5.070808291435242,,,0.7126568257808685,,,0.762390747666359,,,27947.71923828125,,,52.72814655303955,,,4828.7764892578125,,
0.0003,m,restricted_no_dv,1,1e-06,1,1,0.00011327173706376925,,,7.216332960524596e-05,,,0.9999999701976776,,,0.9999999403953552,,,2962.173095703125,,,0.0029621731373481452,,,2962.1729125976562,,
0.0003,m,restricted_no_dv,1,3e-06,1,1,4.5262374442245346e-05,,,2.675639598237467e-05,,,0.9999999701976776,,,0.9999999403953552,,,2962.173095703125,,,0.008886520052328706,,,2962.17333984375,,
0.0003,m,restricted_no_dv,1,1e-05,1,1,1.5171938457569922e-05,,,8.462448704449343e-06,,,1.0000000596046448,,,0.9999999701976776,,,2962.173095703125,,,0.029621729161590338,,,2962.1729125976562,,
0.0003,m,restricted_no_dv,1,3e-05,1,1,5.254822099232115e-06,,,2.8888367751278565e-06,,,0.9999999701976776,,,1.0,,,2962.173095703125,,,0.08886518888175488,,,2962.1727905273438,,
0.0003,m,restricted_no_dv,1,0.0001,1,1,1.6081097555797896e-06,,,8.757740772580291e-07,,,1.0000000298023224,,,1.0,,,2962.173095703125,,,0.29621729254722595,,,2962.1728515625,,
0.0003,m,restricted_no_dv,1,0.0003,1,1,5.474642676972508e-07,,,3.0375497317436384e-07,,,1.0000000298023224,,,0.9999999105930328,,,2962.173095703125,,,0.8886519372463226,,,2962.1731567382812,,
0.0003,m,restricted_no_dv,1,0.001,1,1,1.814920516096663e-07,,,1.2527483406188367e-07,,,1.0000000298023224,,,0.9999999105930328,,,2962.173095703125,,,2.9621731638908386,,,2962.1732177734375,,
0.0003,m,restricted_no_dv,1,0.003,1,1,9.352096874692961e-08,,,8.783142746437989e-08,,,1.0,,,0.9999999403953552,,,2962.173095703125,,,8.886519193649292,,,2962.1731567382812,,
0.0003,m,restricted_no_dv,1,0.01,1,1,7.598648821272036e-08,,,7.51839692725298e-08,,,1.0000000894069672,,,1.0,,,2962.173095703125,,,29.621728897094727,,,2962.1728515625,,
0.0003,m,restricted_no_dv,5,1e-06,1,1,0.10790903004817665,,,0.08130146039184183,,,0.9890285283327103,,,0.9957341104745865,,,12085.83544921875,,,0.012224007630720735,,,12141.824951171875,,
0.0003,m,restricted_no_dv,5,3e-06,1,1,0.03990725858602673,,,0.029315285151824355,,,0.9986868649721146,,,0.9994780272245407,,,12085.83544921875,,,0.036303747445344925,,,12092.45458984375,,
0.0003,m,restricted_no_dv,5,1e-05,1,1,0.026008744025602937,,,0.01915672025643289,,,0.9995747357606888,,,0.9998028874397278,,,12085.83544921875,,,0.12089669145643711,,,12088.254638671875,,
0.0003,m,restricted_no_dv,5,3e-05,1,1,0.026977895759046078,,,0.015390631277114153,,,0.9996076375246048,,,0.9998720288276672,,,12085.83544921875,,,0.3622819110751152,,,12080.899658203125,,
0.0003,m,restricted_no_dv,5,0.0001,1,1,0.054283116944134235,,,0.032935835886746645,,,0.9985333979129791,,,0.9994505494832993,,,12085.83544921875,,,1.199203222990036,,,12016.11962890625,,
0.0003,m,restricted_no_dv,5,0.0003,1,1,0.1917441375553608,,,0.13478314317762852,,,0.9845772683620453,,,0.9926847666501999,,,12085.83544921875,,,3.4066630005836487,,,11438.33349609375,,
0.0003,m,restricted_no_dv,5,0.001,1,1,0.5037548318505287,,,0.4378731772303581,,,0.9247511774301529,,,0.9470174163579941,,,12085.83544921875,,,9.631278276443481,,,9701.76953125,,
0.0003,m,restricted_no_dv,5,0.003,1,1,0.9306855201721191,,,0.9072000980377197,,,0.8630487769842148,,,0.8855807483196259,,,12085.83544921875,,,22.057710647583008,,,7263.9033203125,,
0.0003,m,restricted_no_dv,5,0.01,1,1,2.1648006439208984,,,2.2455220222473145,,,0.8839049935340881,,,0.9120387136936188,,,12085.83544921875,,,40.38815212249756,,,3875.2902221679688,,
0.0003,m,restricted_no_dv,10,1e-06,1,1,0.2054729755036533,,,0.15169491432607174,,,0.9700122326612473,,,0.9858549535274506,,,19035.4267578125,,,0.019680376164615154,,,19290.0849609375,,
0.0003,m,restricted_no_dv,10,3e-06,1,1,0.12420092895627022,,,0.09499727003276348,,,0.991862952709198,,,0.9953344464302063,,,19035.4267578125,,,0.05745884217321873,,,19047.525390625,,
0.0003,m,restricted_no_dv,10,1e-05,1,1,0.11535143665969372,,,0.07349900994449854,,,0.9923927634954453,,,0.9970943629741669,,,19035.4267578125,,,0.19112162292003632,,,19016.28369140625,,
0.0003,m,restricted_no_dv,10,3e-05,1,1,0.09586639329791069,,,0.06847650837153196,,,0.9948454648256302,,,0.9974004328250885,,,19035.4267578125,,,0.5683279186487198,,,18943.1689453125,,
0.0003,m,restricted_no_dv,10,0.0001,1,1,0.14814468659460545,,,0.10978577844798565,,,0.9892405569553375,,,0.9941809475421906,,,19035.4267578125,,,1.8382902145385742,,,18453.5048828125,,
0.0003,m,restricted_no_dv,10,0.0003,1,1,0.3121289014816284,,,0.252731591463089,,,0.9641375541687012,,,0.9780080169439316,,,19035.4267578125,,,5.052610158920288,,,16925.87255859375,,
0.0003,m,restricted_no_dv,10,0.001,1,1,0.6982904076576233,,,0.635937511920929,,,0.8848320096731186,,,0.9131309241056442,,,19035.4267578125,,,13.548846244812012,,,13580.603271484375,,
0.0003,m,restricted_no_dv,10,0.003,1,1,1.3517762422561646,,,1.3466860949993134,,,0.8070396333932877,,,0.8382036983966827,,,19035.4267578125,,,28.25157642364502,,,9205.3828125,,
0.0003,m,restricted_no_dv,10,0.01,1,1,3.3298115730285645,,,3.5401636958122253,,,0.80740125477314,,,0.8493083864450455,,,19035.4267578125,,,46.702627182006836,,,4378.3121337890625,,
0.0003,m,restricted_no_dv,20,1e-06,1,1,0.815047949552536,,,0.8200624883174896,,,0.5146221108734608,,,0.5711137652397156,,,29791.24853515625,,,0.05223795538768172,,,38756.90869140625,,
0.0003,m,restricted_no_dv,20,3e-06,1,1,0.7332946956157684,,,0.6918468102812767,,,0.6948850825428963,,,0.7976424545049667,,,29791.24853515625,,,0.09617187082767487,,,26598.34423828125,,
0.0003,m,restricted_no_dv,20,1e-05,1,1,0.6582763120532036,,,0.6292503327131271,,,0.8008726686239243,,,0.8359997570514679,,,29791.24853515625,,,0.26937495917081833,,,25407.80078125,,
0.0003,m,restricted_no_dv,20,3e-05,1,1,0.6468390673398972,,,0.5818387940526009,,,0.8298268467187881,,,0.8657778352499008,,,29791.24853515625,,,0.7542744725942612,,,24804.94873046875,,
0.0003,m,restricted_no_dv,20,0.0001,1,1,0.6922258958220482,,,0.644242987036705,,,0.8292459696531296,,,0.8514058291912079,,,29791.24853515625,,,2.363823175430298,,,23536.82080078125,,
0.0003,m,restricted_no_dv,20,0.0003,1,1,0.836244747042656,,,0.7961762100458145,,,0.8105679452419281,,,0.8308670818805695,,,29791.24853515625,,,6.272924542427063,,,20843.06103515625,,
0.0003,m,restricted_no_dv,20,0.001,1,1,1.3165548890829086,,,1.2777501046657562,,,0.7419516444206238,,,0.7720460146665573,,,29791.24853515625,,,15.828843355178833,,,15739.906982421875,,
0.0003,m,restricted_no_dv,20,0.003,1,1,2.2933226823806763,,,2.3261554539203644,,,0.667905867099762,,,0.7004409432411194,,,29791.24853515625,,,31.555126190185547,,,10191.037109375,,
0.0003,m,restricted_no_dv,20,0.01,1,1,5.252224922180176,,,5.6718796491622925,,,0.6552079916000366,,,0.6971842795610428,,,29791.24853515625,,,50.9764518737793,,,4703.8902587890625,,
0.0003,m,restricted_no_dv,40,1e-06,1,1,2.4186324179172516,,,3.543172597885132,,,-0.16577810049057007,,,-0.15869294106960297,,,361259.3046875,,,0.16257130354642868,,,106263.58984375,,
0.0003,m,restricted_no_dv,40,3e-06,1,1,4.579614222049713,,,8.430954694747925,,,-0.02123553678393364,,,0.10400717705488205,,,361259.3046875,,,0.22591319680213928,,,45489.40234375,,
0.0003,m,restricted_no_dv,40,1e-05,1,1,7.751326262950897,,,10.547922194004059,,,0.03652854636311531,,,0.12931476067751646,,,361259.3046875,,,0.452403761446476,,,34190.0849609375,,
0.0003,m,restricted_no_dv,40,3e-05,1,1,11.451881885528564,,,11.86352813243866,,,-0.016661905450746417,,,0.11668396554887295,,,361259.3046875,,,0.9837435781955719,,,29747.17578125,,
0.0003,m,restricted_no_dv,40,0.0001,1,1,13.262994050979614,,,13.694918632507324,,,0.12272375542670488,,,0.1805411223322153,,,361259.3046875,,,2.7454750537872314,,,26180.4560546875,,
0.0003,m,restricted_no_dv,40,0.0003,1,1,15.939784526824951,,,16.227152347564697,,,0.1402224595658481,,,0.1666780635714531,,,361259.3046875,,,6.818871259689331,,,22248.94482421875,,
0.0003,m,restricted_no_dv,40,0.001,1,1,21.593392610549927,,,21.86871314048767,,,0.1185804782435298,,,0.13405180629342794,,,361259.3046875,,,16.615745544433594,,,16422.692626953125,,
0.0003,m,restricted_no_dv,40,0.003,1,1,33.19277739524841,,,33.88498103618622,,,0.1094093737192452,,,0.12001543771475554,,,361259.3046875,,,32.5831823348999,,,10502.27392578125,,
0.0003,m,restricted_no_dv,40,0.01,1,1,67.74186444282532,,,73.77189803123474,,,0.11028317920863628,,,0.12087337812408805,,,361259.3046875,,,52.72814655303955,,,4828.7764892578125,,
0.0003,rms_global,full_coupled,1,0.001,1,1,0.011378368362784386,,,0.005718122236430645,,,0.9999354481697083,,,0.9999837279319763,,,0.04053112864494324,,,4.051990254083648e-05,,,0.0405326671898365,,
0.0003,rms_global,full_coupled,1,0.003,1,1,0.003980651032179594,,,0.0019029101822525263,,,0.9999926090240479,,,0.999998152256012,,,0.04053112864494324,,,0.00012145987420808524,,,0.0405312106013298,,
0.0003,rms_global,full_coupled,1,0.01,1,1,0.004170136991888285,,,0.0005750463460572064,,,0.999998152256012,,,0.9999997615814209,,,0.04053112864494324,,,0.00040381395956501365,,,0.04053150862455368,,
0.0003,rms_global,full_coupled,1,0.03,1,1,0.01210226584225893,,,0.00021995537099428475,,,0.9999896287918091,,,1.0,,,0.04053112864494324,,,0.0012024597963318229,,,0.04053255170583725,,
0.0003,rms_global,full_coupled,1,0.1,1,1,0.040910907089710236,,,0.0019442499615252018,,,0.9998880624771118,,,0.999998152256012,,,0.04053112864494324,,,0.0039048723410815,,,0.040546778589487076,,
0.0003,rms_global,full_coupled,5,0.001,1,1,0.3768671154975891,,,0.34183648228645325,,,0.9265788793563843,,,0.940338134765625,,,0.27225181460380554,,,0.00028639871743507683,,,0.27971360087394714,,
0.0003,rms_global,full_coupled,5,0.003,1,1,0.28059831261634827,,,0.22379431128501892,,,0.9601863622665405,,,0.975130558013916,,,0.27225181460380554,,,0.0008279209723696113,,,0.27058205008506775,,
0.0003,rms_global,full_coupled,5,0.01,1,1,0.3145994544029236,,,0.21293479204177856,,,0.9495152831077576,,,0.977238118648529,,,0.27225181460380554,,,0.0027980313170701265,,,0.27346667647361755,,
0.0003,rms_global,full_coupled,5,0.03,1,1,0.3516610860824585,,,0.26247018575668335,,,0.9363797903060913,,,0.9650586843490601,,,0.27225181460380554,,,0.00852458830922842,,,0.2777518332004547,,
0.0003,rms_global,full_coupled,5,0.1,1,1,0.16420234739780426,,,0.12366259843111038,,,0.9871509075164795,,,0.992510199546814,,,0.27225181460380554,,,0.026562372222542763,,,0.2690981328487396,,
0.0003,rms_global,full_coupled,10,0.001,1,1,0.9399821758270264,,,0.9369530081748962,,,0.34296292066574097,,,0.3505365252494812,,,0.525132417678833,,,0.0013912356225773692,,,1.389072299003601,,
0.0003,rms_global,full_coupled,10,0.003,1,1,0.9530792236328125,,,0.8820602297782898,,,0.30414238572120667,,,0.47333088517189026,,,0.525132417678833,,,0.004723658319562674,,,1.0121053457260132,,
0.0003,rms_global,full_coupled,10,0.01,1,1,0.9338838458061218,,,0.778839647769928,,,0.3646748960018158,,,0.6319575905799866,,,0.525132417678833,,,0.012036681175231934,,,0.7404896020889282,,
0.0003,rms_global,full_coupled,10,0.03,1,1,0.7714879512786865,,,0.6471779942512512,,,0.6403782367706299,,,0.7652191519737244,,,0.525132417678833,,,0.022094452753663063,,,0.63150954246521,,
0.0003,rms_global,full_coupled,10,0.1,1,1,0.5088072419166565,,,0.4219449460506439,,,0.8674607276916504,,,0.9125186204910278,,,0.525132417678833,,,0.053909268230199814,,,0.5168153643608093,,
0.0003,rms_global,full_coupled,20,0.001,1,1,0.9971731901168823,,,1.0000381469726562,,,0.07553276419639587,,,0.029490219429135323,,,0.9521996974945068,,,0.014041255228221416,,,15.804634094238281,,
0.0003,rms_global,full_coupled,20,0.003,1,1,1.0089309215545654,,,1.0183660984039307,,,-0.10920033603906631,,,-0.09005201607942581,,,0.9521996974945068,,,0.044902361929416656,,,7.772980213165283,,
0.0003,rms_global,full_coupled,20,0.01,1,1,1.0063871145248413,,,1.0116701126098633,,,-0.016329234465956688,,,0.10620852559804916,,,0.9521996974945068,,,0.09711812436580658,,,3.2538323402404785,,
0.0003,rms_global,full_coupled,20,0.03,1,1,1.0170197486877441,,,1.0000953674316406,,,0.08725016564130783,,,0.1955804079771042,,,0.9521996974945068,,,0.0978129431605339,,,2.431264877319336,,
0.0003,rms_global,full_coupled,20,0.1,1,1,0.9477187991142273,,,0.8844257593154907,,,0.3861764967441559,,,0.5208609700202942,,,0.9521996974945068,,,0.15773527324199677,,,1.2659318447113037,,
0.0003,rms_global,full_coupled,40,0.001,1,1,0.9992164969444275,,,1.0002108812332153,,,0.046497274190187454,,,0.004779817070811987,,,1.8851159811019897,,,0.08533300459384918,,,72.88200378417969,,
0.0003,rms_global,full_coupled,40,0.003,1,1,1.0023212432861328,,,1.0085740089416504,,,-0.05372233688831329,,,-0.09590932726860046,,,1.8851159811019897,,,0.17098280787467957,,,28.290651321411133,,
0.0003,rms_global,full_coupled,40,0.01,1,1,1.0006989240646362,,,1.0062181949615479,,,0.01631947048008442,,,0.0398576520383358,,,1.8851159811019897,,,0.3300270140171051,,,11.897438049316406,,
0.0003,rms_global,full_coupled,40,0.03,1,1,1.002710223197937,,,0.9964397549629211,,,0.0825367197394371,,,0.1297774314880371,,,1.8851159811019897,,,0.2927625775337219,,,8.252148628234863,,
0.0003,rms_global,full_coupled,40,0.1,1,1,1.0092271566390991,,,0.9950698614120483,,,0.18922387063503265,,,0.24606391787528992,,,1.8851159811019897,,,0.44634589552879333,,,4.000194072723389,,
0.0003,rms_layerwise,full_coupled,1,0.001,1,1,0.01777595708457132,,,0.007423847176445027,,,0.9998206496238708,,,0.999969094991684,,,0.0074773939134805305,,,7.476407095197146e-06,,,0.007477731952045967,,
0.0003,rms_layerwise,full_coupled,1,0.003,1,1,0.005556836491450667,,,0.002697222303443899,,,0.9999818603197733,,,0.9999956587950388,,,0.0074773939134805305,,,2.2409038969328776e-05,,,0.007477464060987889,,
0.0003,rms_layerwise,full_coupled,1,0.01,1,1,0.004390877807357659,,,0.0008269389387957441,,,0.9999975115060806,,,0.9999995628992716,,,0.0074773939134805305,,,7.449830386008216e-05,,,0.007477459505025763,,
0.0003,rms_layerwise,full_coupled,1,0.03,1,1,0.012457505411778888,,,0.00032079338780022226,,,0.9999901254971822,,,0.999999945362409,,,0.0074773939134805305,,,0.0002218312664202434,,,0.007477681524809062,,
0.0003,rms_layerwise,full_coupled,1,0.1,1,1,0.04227678726116816,,,0.0013510491019890953,,,0.999893253048261,,,0.9999991804361343,,,0.0074773939134805305,,,0.0007203436338537964,,,0.007480475834502916,,
0.0003,rms_layerwise,full_coupled,5,0.001,1,1,0.5962450771282116,,,0.5413369064529737,,,0.6697662478933731,,,0.752570083985726,,,0.05414355697333425,,,6.984193062938478e-05,,,0.0627201249784169,,
0.0003,rms_layerwise,full_coupled,5,0.003,1,1,0.4515142037222783,,,0.34846165341635543,,,0.8324345449606577,,,0.895949050784111,,,0.05414355697333425,,,0.0001784896701337857,,,0.059376167152853064,,
0.0003,rms_layerwise,full_coupled,5,0.01,1,1,0.2504737599908064,,,0.23157599878807864,,,0.9445598324139913,,,0.9542386283477148,,,0.05414355697333425,,,0.0005525750602828339,,,0.0553640718353563,,
0.0003,rms_layerwise,full_coupled,5,0.03,1,1,0.2543447574911018,,,0.2081484911032021,,,0.934348334868749,,,0.9649360030889511,,,0.05414355697333425,,,0.0017870243220841076,,,0.05615231219417183,,
0.0003,rms_layerwise,full_coupled,5,0.1,1,1,0.1710642014319698,,,0.15380255528725684,,,0.9768556505441666,,,0.9781217724084854,,,0.05414355697333425,,,0.00536628978503965,,,0.05482131321089886,,
0.0003,rms_layerwise,full_coupled,10,0.001,1,1,0.7243295982480049,,,0.7821067422628403,,,0.5805418789386749,,,0.4945591352880001,,,0.117491126661965,,,0.00017390757072159127,,,0.33106142686059076,,
0.0003,rms_layerwise,full_coupled,10,0.003,1,1,0.6554242459436258,,,0.6500766997536024,,,0.634641095995903,,,0.6566392071545124,,,0.117491126661965,,,0.0006563931194326263,,,0.22603020103027424,,
0.0003,rms_layerwise,full_coupled,10,0.01,1,1,0.6372287658353647,,,0.5890465217332045,,,0.6631215550005436,,,0.7227668513854345,,,0.117491126661965,,,0.0023258251621882664,,,0.18756193335866556,,
0.0003,rms_layerwise,full_coupled,10,0.03,1,1,0.5826162584125996,,,0.585496187210083,,,0.7371876438458761,,,0.7297745669881502,,,0.117491126661965,,,0.005262216322686679,,,0.1469917127493924,,
0.0003,rms_layerwise,full_coupled,10,0.1,1,1,0.5051919408142567,,,0.46417124072710675,,,0.8167853529254595,,,0.8556383202473322,,,0.117491126661965,,,0.013360461558477255,,,0.12708540747795874,,
0.0003,rms_layerwise,full_coupled,20,0.001,1,1,0.9991371383269628,,,0.9985982527335485,,,0.02774692124997576,,,0.02694362116987274,,,0.21420735190622509,,,0.004313800959304596,,,5.713476310173671,,
0.0003,rms_layerwise,full_coupled,20,0.003,1,1,0.9985944132010142,,,0.9989724606275558,,,0.04000653559342027,,,0.040735296439379454,,,0.21420735190622509,,,0.009163536815322004,,,2.823400204690794,,
0.0003,rms_layerwise,full_coupled,20,0.01,1,1,0.9949694573879242,,,0.9928834140300751,,,0.06315440960073222,,,0.10083000486095746,,,0.21420735190622509,,,0.018991305914823897,,,1.3473781266560156,,
0.0003,rms_layerwise,full_coupled,20,0.03,1,1,0.982802634437879,,,0.951722651720047,,,0.12775509470763305,,,0.21886725925529996,,,0.21420735190622509,,,0.030264415448376287,,,0.6223121068129936,,
0.0003,rms_layerwise,full_coupled,20,0.1,1,1,0.9680897295475006,,,0.9057777871688207,,,0.21922325467069945,,,0.3376734680496156,,,0.21420735190622509,,,0.055331718254213534,,,0.3846007914592822,,
0.0003,rms_layerwise,full_coupled,40,0.001,1,1,0.99998406569163,,,0.9999678085247675,,,-0.003757470015746852,,,0.0034680125730422637,,,0.37268092079708975,,,0.05502129144345721,,,40.530665238698326,,
0.0003,rms_layerwise,full_coupled,40,0.003,1,1,1.0000540912151337,,,1.0004453907410304,,,-0.001187521421040098,,,-0.004383514732277642,,,0.37268092079708975,,,0.06732705825318892,,,16.48965875307719,,
0.0003,rms_layerwise,full_coupled,40,0.01,1,1,1.0000131179889042,,,0.9998252938191096,,,0.00395611304945002,,,0.01732854909884433,,,0.37268092079708975,,,0.10147073135400812,,,5.710696200529735,,
0.0003,rms_layerwise,full_coupled,40,0.03,1,1,0.998290608326594,,,0.9926684449116389,,,0.030593729151102405,,,0.07758357430187364,,,0.37268092079708975,,,0.1309037092141807,,,2.454755629102389,,
0.0003,rms_layerwise,full_coupled,40,0.1,1,1,0.9956723898649216,,,0.9845683525005976,,,0.09962246768797438,,,0.1568725275574252,,,0.37268092079708975,,,0.20613546669483185,,,1.2758693943421047,,
0.0003,rms_random_layerwise,full_coupled,1,0.001,1,1,0.04344822000712156,,,0.021968449000269175,,,0.9989733546972275,,,0.9997373819351196,,,0.011658906820230186,,,1.1669195828289958e-05,,,0.011660936870612204,,
0.0003,rms_random_layerwise,full_coupled,1,0.003,1,1,0.014689534436911345,,,0.007347661186940968,,,0.9998825490474701,,,0.9999707043170929,,,0.011658906820230186,,,3.4988776860700455e-05,,,0.011659186449833214,,
0.0003,rms_random_layerwise,full_coupled,1,0.01,1,1,0.0047818582388572395,,,0.0022128235432319343,,,0.9999887496232986,,,0.9999973475933075,,,0.011658906820230186,,,0.00011669482046272606,,,0.011658985284157097,,
0.0003,rms_random_layerwise,full_coupled,1,0.03,1,1,0.004912203759886324,,,0.0007412450140691362,,,0.9999923706054688,,,0.9999997168779373,,,0.011658906820230186,,,0.00035071207821602,,,0.01165901927743107,,
0.0003,rms_random_layerwise,full_coupled,1,0.1,1,1,0.015271253185346723,,,0.0003325582656543702,,,0.999928742647171,,,0.9999998956918716,,,0.011658906820230186,,,0.0011765165836550295,,,0.011659872252494097,,
0.0003,rms_random_layerwise,full_coupled,5,0.001,1,1,0.49284549802541733,,,0.423378050327301,,,0.8616440147161484,,,0.8923410773277283,,,0.08346655778586864,,,9.874959960143315e-05,,,0.09246880933642387,,
0.0003,rms_random_layerwise,full_coupled,5,0.003,1,1,0.3496606722474098,,,0.2582567259669304,,,0.9304073750972748,,,0.9636427462100983,,,0.08346655778586864,,,0.0002671574038686231,,,0.08561756554991007,,
0.0003,rms_random_layerwise,full_coupled,5,0.01,1,1,0.3163607083261013,,,0.2602376863360405,,,0.9296758025884628,,,0.9584129601716995,,,0.08346655778586864,,,0.000891136733116582,,,0.0859586326405406,,
0.0003,rms_random_layerwise,full_coupled,5,0.03,1,1,0.20889796502888203,,,0.155817199498415,,,0.9722987562417984,,,0.9873991161584854,,,0.08346655778586864,,,0.002548917633248493,,,0.08383489400148392,,
0.0003,rms_random_layerwise,full_coupled,5,0.1,1,1,0.16109199542552233,,,0.1299982015043497,,,0.9813428670167923,,,0.9890565872192383,,,0.08346655778586864,,,0.00847678876016289,,,0.083876246586442,,
0.0003,rms_random_layerwise,full_coupled,10,0.001,1,1,0.7854316532611847,,,0.7718478739261627,,,0.5437214560806751,,,0.4770328402519226,,,0.17836138047277927,,,0.0006740227872796822,,,0.6171236969530582,,
0.0003,rms_random_layerwise,full_coupled,10,0.003,1,1,0.7512469291687012,,,0.7587940692901611,,,0.5657633133232594,,,0.5633608847856522,,,0.17836138047277927,,,0.0013402787517406978,,,0.3379688411951065,,
0.0003,rms_random_layerwise,full_coupled,10,0.01,1,1,0.77760149538517,,,0.7550124973058701,,,0.5676917880773544,,,0.6368871182203293,,,0.17836138047277927,,,0.0036696899333037436,,,0.27485405653715134,,
0.0003,rms_random_layerwise,full_coupled,10,0.03,1,1,0.7246647626161575,,,0.6600827351212502,,,0.6825580149888992,,,0.7391616702079773,,,0.17836138047277927,,,0.007712190970778465,,,0.2296920083463192,,
0.0003,rms_random_layerwise,full_coupled,10,0.1,1,1,0.5399630144238472,,,0.39675286412239075,,,0.8346097767353058,,,0.9141792207956314,,,0.17836138047277927,,,0.02064711367711425,,,0.18911332078278065,,
0.0003,rms_random_layerwise,full_coupled,20,0.001,1,1,0.9981837421655655,,,0.9975986629724503,,,0.05701264459639788,,,0.05576823418959975,,,0.30156148225069046,,,0.009698647889308631,,,8.462050676345825,,
0.0003,rms_random_layerwise,full_coupled,20,0.003,1,1,0.9966918677091599,,,0.9951919466257095,,,0.06987870298326015,,,0.0800774060189724,,,0.30156148225069046,,,0.017080807243473828,,,3.830337703227997,,
0.0003,rms_random_layerwise,full_coupled,20,0.01,1,1,0.99714794754982,,,0.9934650808572769,,,0.08270233124494553,,,0.10983113222755492,,,0.30156148225069046,,,0.025248869322240353,,,2.069902777671814,,
0.0003,rms_random_layerwise,full_coupled,20,0.03,1,1,0.9768384546041489,,,0.958238497376442,,,0.20878416672348976,,,0.2712072730064392,,,0.30156148225069046,,,0.03940343391150236,,,0.9633277207612991,,
0.0003,rms_random_layerwise,full_coupled,20,0.1,1,1,0.9464241713285446,,,0.8349100649356842,,,0.30857503041625023,,,0.5330192074179649,,,0.30156148225069046,,,0.09329749178141356,,,0.5067967548966408,,
0.0003,rms_random_layerwise,full_coupled,40,0.001,1,1,0.9999978393316269,,,1.0000025480985641,,,0.0005864126142114401,,,0.005450019612908363,,,0.47345131635665894,,,0.07540861144661903,,,47.58665180206299,,
0.0003,rms_random_layerwise,full_coupled,40,0.003,1,1,1.0000698268413544,,,0.999762162566185,,,0.0018495995318517089,,,0.020672606071457267,,,0.47345131635665894,,,0.08764525689184666,,,14.727930784225464,,
0.0003,rms_random_layerwise,full_coupled,40,0.01,1,1,0.9999368041753769,,,0.998867005109787,,,0.023642202839255333,,,0.04727977956645191,,,0.47345131635665894,,,0.11265436001121998,,,6.691806793212891,,
0.0003,rms_random_layerwise,full_coupled,40,0.03,1,1,0.9968767464160919,,,0.9934151619672775,,,0.07574054505676031,,,0.110037955455482,,,0.47345131635665894,,,0.1624913588166237,,,3.4389846324920654,,
0.0003,rms_random_layerwise,full_coupled,40,0.1,1,1,0.9912427216768265,,,0.9698981940746307,,,0.12990184687078,,,0.2392752319574356,,,0.47345131635665894,,,0.3114590160548687,,,1.6111968457698822,,
0.001,m,full_coupled,1,1e-06,1,1,4.122727750655031e-05,,,2.424654121568892e-05,,,1.0,,,0.9999999552965164,,,9873.91015625,,,0.009873910341411829,,,9873.91015625,,
0.001,m,full_coupled,1,3e-06,1,1,1.5097239838723908e-05,,,8.434644541921443e-06,,,1.0,,,1.0,,,9873.91015625,,,0.0296217305585742,,,9873.91064453125,,
0.001,m,full_coupled,1,1e-05,1,1,4.7168340415737475e-06,,,2.5909752707775624e-06,,,0.9999998956918716,,,0.9999999701976776,,,9873.91015625,,,0.09873910062015057,,,9873.909912109375,,
0.001,m,full_coupled,1,3e-05,1,1,1.602233993480695e-06,,,8.790811989456415e-07,,,1.0000000298023224,,,1.0000000447034836,,,9873.91015625,,,0.29621728509664536,,,9873.9091796875,,
0.001,m,full_coupled,1,0.0001,1,1,4.93731775463857e-07,,,2.7568654559217975e-07,,,1.0000000298023224,,,0.9999999701976776,,,9873.91015625,,,0.9873909652233124,,,9873.909912109375,,
0.001,m,full_coupled,1,0.0003,1,1,1.802730089650595e-07,,,1.1759454743298647e-07,,,1.0000000298023224,,,0.9999999403953552,,,9873.91015625,,,2.9621731638908386,,,9873.910400390625,,
0.001,m,full_coupled,1,0.001,1,1,9.074478413140241e-08,,,9.152985214200271e-08,,,0.9999999850988388,,,0.9999999850988388,,,9873.91015625,,,9.873910427093506,,,9873.91064453125,,
0.001,m,full_coupled,1,0.003,1,1,7.720521111309608e-08,,,8.338900236992686e-08,,,1.0000000894069672,,,0.9999999403953552,,,9873.91015625,,,29.621729373931885,,,9873.91064453125,,
0.001,m,full_coupled,1,0.01,1,1,7.293564863175561e-08,,,7.477114749576685e-08,,,1.0000000298023224,,,0.9999999701976776,,,9873.91015625,,,98.73909759521484,,,9873.909912109375,,
0.001,m,full_coupled,5,1e-06,1,1,0.09843712684232742,,,0.19467230141162872,,,0.9934343844652176,,,0.9803290367126465,,,39805.986328125,,,0.040063343942165375,,,40665.5625,,
0.001,m,full_coupled,5,3e-06,1,1,0.19098489545285702,,,0.17159191146492958,,,0.9788575321435928,,,0.9848495572805405,,,39805.986328125,,,0.12216894701123238,,,40461.830078125,,
0.001,m,full_coupled,5,1e-05,1,1,0.14424453862011433,,,0.10653669945895672,,,0.9891042709350586,,,0.9942913055419922,,,39805.986328125,,,0.4013744369149208,,,39866.27734375,,
0.001,m,full_coupled,5,3e-05,1,1,0.1142251156270504,,,0.0808534249663353,,,0.9935339987277985,,,0.9968007206916809,,,39805.986328125,,,1.1834169030189514,,,39321.7041015625,,
0.001,m,full_coupled,5,0.0001,1,1,0.22518647089600563,,,0.1789156012237072,,,0.9786959886550903,,,0.9872897416353226,,,39805.986328125,,,3.7040472626686096,,,37003.0595703125,,
0.001,m,full_coupled,5,0.0003,1,1,0.5278222560882568,,,0.4622952342033386,,,0.9228684455156326,,,0.945648118853569,,,39805.986328125,,,9.303008794784546,,,31226.810546875,,
0.001,m,full_coupled,5,0.001,1,1,1.10397407412529,,,1.081901639699936,,,0.8642730265855789,,,0.8915805220603943,,,39805.986328125,,,21.573919773101807,,,21258.458984375,,
0.001,m,full_coupled,5,0.003,1,1,2.230404317378998,,,2.3009442687034607,,,0.8974021226167679,,,0.920853778719902,,,39805.986328125,,,38.7642822265625,,,12486.46044921875,,
0.001,m,full_coupled,5,0.01,1,1,2.8752442598342896,,,2.9003888964653015,,,0.9719184786081314,,,0.9778333604335785,,,39805.986328125,,,103.76589393615723,,,10285.628173828125,,
0.001,m,full_coupled,10,1e-06,1,1,0.8381059914827347,,,0.7257789522409439,,,0.537276528775692,,,0.6873691529035568,,,61785.5966796875,,,0.11421048827469349,,,88380.6328125,,
0.001,m,full_coupled,10,3e-06,1,1,0.6484465152025223,,,0.5407693535089493,,,0.7502552568912506,,,0.8328869640827179,,,61785.5966796875,,,0.24483417347073555,,,73443.79296875,,
0.001,m,full_coupled,10,1e-05,1,1,0.4331546500325203,,,0.3554321378469467,,,0.8979135006666183,,,0.9354126006364822,,,61785.5966796875,,,0.6685643196105957,,,63627.2578125,,
0.001,m,full_coupled,10,3e-05,1,1,0.3316202163696289,,,0.25298529863357544,,,0.9465823322534561,,,0.9696380794048309,,,61785.5966796875,,,1.8068651854991913,,,59283.5380859375,,
0.001,m,full_coupled,10,0.0001,1,1,0.4192458540201187,,,0.3613731116056442,,,0.9352946430444717,,,0.9556005299091339,,,61785.5966796875,,,5.313680291175842,,,52758.466796875,,
0.001,m,full_coupled,10,0.0003,1,1,0.7930712252855301,,,0.730526939034462,,,0.8681091964244843,,,0.9035557955503464,,,61785.5966796875,,,12.47538423538208,,,41338.724609375,,
0.001,m,full_coupled,10,0.001,1,1,1.6327868103981018,,,1.6588197350502014,,,0.7914243042469025,,,0.8339280486106873,,,61785.5966796875,,,26.873321056365967,,,25797.8173828125,,
0.001,m,full_coupled,10,0.003,1,1,3.466427505016327,,,3.6448607444763184,,,0.8161960691213608,,,0.851925328373909,,,61785.5966796875,,,43.83077907562256,,,13861.64990234375,,
0.001,m,full_coupled,10,0.01,1,1,4.852209091186523,,,4.9038050174713135,,,0.9258898049592972,,,0.93390853703022,,,61785.5966796875,,,107.28340721130371,,,10613.89794921875,,
0.001,m,full_coupled,20,1e-06,1,1,0.9876172542572021,,,0.9624086320400238,,,0.15590820088982582,,,0.27062006667256355,,,92746.04296875,,,0.5815775394439697,,,330085.421875,,
0.001,m,full_coupled,20,3e-06,1,1,0.9750657677650452,,,0.9054206311702728,,,0.24050691723823547,,,0.43225333094596863,,,92746.04296875,,,0.8585637211799622,,,174982.50390625,,
0.001,m,full_coupled,20,1e-05,1,1,0.8499646186828613,,,0.7925171256065369,,,0.5627464652061462,,,0.6608864367008209,,,92746.04296875,,,1.239850789308548,,,102636.263671875,,
0.001,m,full_coupled,20,3e-05,1,1,0.7865349054336548,,,0.6899100542068481,,,0.7096412628889084,,,0.8056096583604813,,,92746.04296875,,,2.6517451405525208,,,79957.23046875,,
0.001,m,full_coupled,20,0.0001,1,1,0.8770497739315033,,,0.827092170715332,,,0.7665387243032455,,,0.8157101571559906,,,92746.04296875,,,6.821612477302551,,,65658.0712890625,,
0.001,m,full_coupled,20,0.0003,1,1,1.3323106467723846,,,1.3156268000602722,,,0.7164219170808792,,,0.7630056589841843,,,92746.04296875,,,15.054855823516846,,,48619.7685546875,,
0.001,m,full_coupled,20,0.001,1,1,2.4565799832344055,,,2.578250229358673,,,0.645619124174118,,,0.6919576525688171,,,92746.04296875,,,31.2977557182312,,,29376.28564453125,,
0.001,m,full_coupled,20,0.003,1,1,5.089793920516968,,,5.48532247543335,,,0.6577645391225815,,,0.6988475620746613,,,92746.04296875,,,48.85407543182373,,,15114.4501953125,,
0.001,m,full_coupled,20,0.01,1,1,7.577382922172546,,,7.693957328796387,,,0.7722848206758499,,,0.7811267524957657,,,92746.04296875,,,111.65738677978516,,,11008.61279296875,,
0.001,m,full_coupled,40,1e-06,1,1,0.9969624876976013,,,0.9947086274623871,,,0.07710463902913034,,,0.13924159482121468,,,150900.16796875,,,1.4899011254310608,,,698405.3125,,
0.001,m,full_coupled,40,3e-06,1,1,1.0092440843582153,,,1.031474530696869,,,0.07422503735870123,,,0.16985204443335533,,,150900.16796875,,,1.9784897863864899,,,325418.578125,,
0.001,m,full_coupled,40,1e-05,1,1,1.0691488236188889,,,1.168712541460991,,,0.26622115448117256,,,0.3716622218489647,,,150900.16796875,,,2.1304205656051636,,,142910.609375,,
0.001,m,full_coupled,40,3e-05,1,1,1.2428892105817795,,,1.3517464697360992,,,0.4089426100254059,,,0.5313244089484215,,,150900.16796875,,,3.6862699389457703,,,96302.0703125,,
0.001,m,full_coupled,40,0.0001,1,1,1.6672852039337158,,,1.7292250394821167,,,0.5051710829138756,,,0.563434973359108,,,150900.16796875,,,7.899897933006287,,,72528.890625,,
0.001,m,full_coupled,40,0.0003,1,1,2.4366589784622192,,,2.5227890014648438,,,0.48867568373680115,,,0.5285602807998657,,,150900.16796875,,,16.45503258705139,,,52087.9697265625,,
0.001,m,full_coupled,40,0.001,1,1,4.232238709926605,,,4.520582914352417,,,0.44432930648326874,,,0.47929786145687103,,,150900.16796875,,,33.27666616439819,,,30906.3076171875,,
0.001,m,full_coupled,40,0.003,1,1,8.407739162445068,,,9.170922875404358,,,0.4515400230884552,,,0.48187436163425446,,,150900.16796875,,,51.110840797424316,,,15676.52099609375,,
0.001,m,full_coupled,40,0.01,1,1,12.797725439071655,,,13.041286826133728,,,0.5344380810856819,,,0.5401038005948067,,,150900.16796875,,,114.0042667388916,,,11220.6513671875,,
0.001,m,restricted_no_dv,1,1e-06,1,1,4.122727750655031e-05,,,2.424654121568892e-05,,,1.0,,,0.9999999552965164,,,9873.91015625,,,0.009873910341411829,,,9873.91015625,,
0.001,m,restricted_no_dv,1,3e-06,1,1,1.5097239838723908e-05,,,8.434644541921443e-06,,,1.0,,,1.0,,,9873.91015625,,,0.0296217305585742,,,9873.91064453125,,
0.001,m,restricted_no_dv,1,1e-05,1,1,4.7168340415737475e-06,,,2.5909752707775624e-06,,,0.9999998956918716,,,0.9999999701976776,,,9873.91015625,,,0.09873910062015057,,,9873.909912109375,,
0.001,m,restricted_no_dv,1,3e-05,1,1,1.602233993480695e-06,,,8.790811989456415e-07,,,1.0000000298023224,,,1.0000000447034836,,,9873.91015625,,,0.29621728509664536,,,9873.9091796875,,
0.001,m,restricted_no_dv,1,0.0001,1,1,4.93731775463857e-07,,,2.7568654559217975e-07,,,1.0000000298023224,,,0.9999999701976776,,,9873.91015625,,,0.9873909652233124,,,9873.909912109375,,
0.001,m,restricted_no_dv,1,0.0003,1,1,1.802730089650595e-07,,,1.1759454743298647e-07,,,1.0000000298023224,,,0.9999999403953552,,,9873.91015625,,,2.9621731638908386,,,9873.910400390625,,
0.001,m,restricted_no_dv,1,0.001,1,1,9.074478413140241e-08,,,9.152985214200271e-08,,,0.9999999850988388,,,0.9999999850988388,,,9873.91015625,,,9.873910427093506,,,9873.91064453125,,
0.001,m,restricted_no_dv,1,0.003,1,1,7.720521111309608e-08,,,8.338900236992686e-08,,,1.0000000894069672,,,0.9999999403953552,,,9873.91015625,,,29.621729373931885,,,9873.91064453125,,
0.001,m,restricted_no_dv,1,0.01,1,1,7.293564863175561e-08,,,7.477114749576685e-08,,,1.0000000298023224,,,0.9999999701976776,,,9873.91015625,,,98.73909759521484,,,9873.909912109375,,
0.001,m,restricted_no_dv,5,1e-06,1,1,0.107570581138134,,,0.19490477070212364,,,0.9930048733949661,,,0.9802816063165665,,,39846.759765625,,,0.040063343942165375,,,40665.5625,,
0.001,m,restricted_no_dv,5,3e-06,1,1,0.19088014215230942,,,0.1712639220058918,,,0.9791854619979858,,,0.9849237948656082,,,39846.759765625,,,0.12216894701123238,,,40461.830078125,,
0.001,m,restricted_no_dv,5,1e-05,1,1,0.14690835401415825,,,0.10912241041660309,,,0.9887080639600754,,,0.993995413184166,,,39846.759765625,,,0.4013744369149208,,,39866.27734375,,
0.001,m,restricted_no_dv,5,3e-05,1,1,0.11929158866405487,,,0.08872476778924465,,,0.9929541647434235,,,0.996145486831665,,,39846.759765625,,,1.1834169030189514,,,39321.7041015625,,
0.001,m,restricted_no_dv,5,0.0001,1,1,0.22957004234194756,,,0.18432210013270378,,,0.9778791964054108,,,0.9864954799413681,,,39846.759765625,,,3.7040472626686096,,,37003.0595703125,,
0.001,m,restricted_no_dv,5,0.0003,1,1,0.5308090448379517,,,0.4656450152397156,,,0.9220079481601715,,,0.9447731822729111,,,39846.759765625,,,9.303008794784546,,,31226.810546875,,
0.001,m,restricted_no_dv,5,0.001,1,1,1.1069338917732239,,,1.0850902497768402,,,0.8635006844997406,,,0.8907384425401688,,,39846.759765625,,,21.573919773101807,,,21258.458984375,,
0.001,m,restricted_no_dv,5,0.003,1,1,2.234624207019806,,,2.305343806743622,,,0.8965876698493958,,,0.9199982583522797,,,39846.759765625,,,38.7642822265625,,,12486.46044921875,,
0.001,m,restricted_no_dv,5,0.01,1,1,2.880419969558716,,,2.905599594116211,,,0.9709945023059845,,,0.9769055396318436,,,39846.759765625,,,103.76589393615723,,,10285.628173828125,,
0.001,m,restricted_no_dv,10,1e-06,1,1,0.8477482348680496,,,0.7357437759637833,,,0.5237784013152122,,,0.6771862357854843,,,63117.3330078125,,,0.11421048827469349,,,88380.6328125,,
0.001,m,restricted_no_dv,10,3e-06,1,1,0.6666690111160278,,,0.5571766197681427,,,0.7349863797426224,,,0.8251275420188904,,,63117.3330078125,,,0.24483417347073555,,,73443.79296875,,
0.001,m,restricted_no_dv,10,1e-05,1,1,0.46105822175741196,,,0.38260242342948914,,,0.885486513376236,,,0.9261664897203445,,,63117.3330078125,,,0.6685643196105957,,,63627.2578125,,
0.001,m,restricted_no_dv,10,3e-05,1,1,0.3751305937767029,,,0.31540975719690323,,,0.9337618052959442,,,0.9548073410987854,,,63117.3330078125,,,1.8068651854991913,,,59283.5380859375,,
0.001,m,restricted_no_dv,10,0.0001,1,1,0.47950832545757294,,,0.4304146245121956,,,0.9179108738899231,,,0.9377753436565399,,,63117.3330078125,,,5.313680291175842,,,52758.466796875,,
0.001,m,restricted_no_dv,10,0.0003,1,1,0.850366547703743,,,0.7933035045862198,,,0.8504606038331985,,,0.8850707411766052,,,63117.3330078125,,,12.47538423538208,,,41338.724609375,,
0.001,m,restricted_no_dv,10,0.001,1,1,1.7007015645503998,,,1.7312047481536865,,,0.7755966335535049,,,0.8171934485435486,,,63117.3330078125,,,26.873321056365967,,,25797.8173828125,,
0.001,m,restricted_no_dv,10,0.003,1,1,3.576166331768036,,,3.7606025338172913,,,0.8000202029943466,,,0.8350200206041336,,,63117.3330078125,,,43.83077907562256,,,13861.64990234375,,
0.001,m,restricted_no_dv,10,0.01,1,1,4.998509407043457,,,5.051529407501221,,,0.9074043482542038,,,0.9154505282640457,,,63117.3330078125,,,107.28340721130371,,,10613.89794921875,,
0.001,m,restricted_no_dv,20,1e-06,1,1,1.0051268488168716,,,1.0200610756874084,,,0.13419928587973118,,,0.28824586421251297,,,182416.78515625,,,0.5815775394439697,,,330085.421875,,
0.001,m,restricted_no_dv,20,3e-06,1,1,1.1294796764850616,,,1.2999233603477478,,,0.0811880948022008,,,0.20549068599939346,,,182416.78515625,,,0.8585637211799622,,,174982.50390625,,
0.001,m,restricted_no_dv,20,1e-05,1,1,1.5325373113155365,,,1.7224432826042175,,,0.300041314214468,,,0.3592875376343727,,,182416.78515625,,,1.239850789308548,,,102636.263671875,,
0.001,m,restricted_no_dv,20,3e-05,1,1,1.923818677663803,,,2.034436821937561,,,0.400458924472332,,,0.463683158159256,,,182416.78515625,,,2.6517451405525208,,,79957.23046875,,
0.001,m,restricted_no_dv,20,0.0001,1,1,2.4612005054950714,,,2.4995882511138916,,,0.4224380627274513,,,0.4553034007549286,,,182416.78515625,,,6.821612477302551,,,65658.0712890625,,
0.001,m,restricted_no_dv,20,0.0003,1,1,3.3971800804138184,,,3.472408890724182,,,0.3914383575320244,,,0.41994786262512207,,,182416.78515625,,,15.054855823516846,,,48619.7685546875,,
0.001,m,restricted_no_dv,20,0.001,1,1,5.627239644527435,,,5.951430380344391,,,0.35226649045944214,,,0.37910905480384827,,,182416.78515625,,,31.2977557182312,,,29376.28564453125,,
0.001,m,restricted_no_dv,20,0.003,1,1,10.823760509490967,,,11.717223167419434,,,0.35806218534708023,,,0.380746565759182,,,182416.78515625,,,48.85407543182373,,,15114.4501953125,,
0.001,m,restricted_no_dv,20,0.01,1,1,15.978083610534668,,,16.279309272766113,,,0.41966962069272995,,,0.4236518666148186,,,182416.78515625,,,111.65738677978516,,,11008.61279296875,,
0.001,m,restricted_no_dv,40,1e-06,1,1,1.0399708151817322,,,1.331767737865448,,,0.008568830788135529,,,0.08440970536321402,,,606081.171875,,,1.4899011254310608,,,698405.3125,,
0.001,m,restricted_no_dv,40,3e-06,1,1,1.3212248980998993,,,2.0886011123657227,,,-0.021962136030197144,,,0.010535693261772394,,,606081.171875,,,1.9784897863864899,,,325418.578125,,
0.001,m,restricted_no_dv,40,1e-05,1,1,2.9626452922821045,,,4.265833377838135,,,0.06242753937840462,,,0.10169277526438236,,,606081.171875,,,2.1304205656051636,,,142910.609375,,
0.001,m,restricted_no_dv,40,3e-05,1,1,4.911142468452454,,,6.204050660133362,,,0.12813317216932774,,,0.17221937142312527,,,606081.171875,,,3.6862699389457703,,,96302.0703125,,
0.001,m,restricted_no_dv,40,0.0001,1,1,7.671214163303375,,,8.272776126861572,,,0.1315797260031104,,,0.1550912894308567,,,606081.171875,,,7.899897933006287,,,72528.890625,,
0.001,m,restricted_no_dv,40,0.0003,1,1,11.025448679924011,,,11.585491180419922,,,0.13330771401524544,,,0.14723940566182137,,,606081.171875,,,16.45503258705139,,,52087.9697265625,,
0.001,m,restricted_no_dv,40,0.001,1,1,18.403916358947754,,,19.718945503234863,,,0.11883221566677094,,,0.13078060559928417,,,606081.171875,,,33.27666616439819,,,30906.3076171875,,
0.001,m,restricted_no_dv,40,0.003,1,1,35.177677154541016,,,38.4661750793457,,,0.12223945185542107,,,0.13130168616771698,,,606081.171875,,,51.110840797424316,,,15676.52099609375,,
0.001,m,restricted_no_dv,40,0.01,1,1,53.241455078125,,,54.400808334350586,,,0.14566808380186558,,,0.147102115675807,,,606081.171875,,,114.0042667388916,,,11220.6513671875,,
0.001,rms_global,full_coupled,1,0.001,1,1,0.003436827100813389,,,0.0017286059446632862,,,0.9999940395355225,,,0.9999985694885254,,,0.1351037621498108,,,0.0001350552192889154,,,0.1351049840450287,,
0.001,rms_global,full_coupled,1,0.003,1,1,0.0016650325851514935,,,0.0005733260768465698,,,0.9999992251396179,,,0.9999998211860657,,,0.1351037621498108,,,0.00040486163925379515,,,0.13510368764400482,,
0.001,rms_global,full_coupled,1,0.01,1,1,0.00402823556214571,,,0.0001738463615765795,,,0.9999988079071045,,,0.9999998807907104,,,0.1351037621498108,,,0.00134603853803128,,,0.1351044774055481,,
0.001,rms_global,full_coupled,1,0.03,1,1,0.012096640653908253,,,0.000120142700325232,,,0.9999898076057434,,,1.0,,,0.1351037621498108,,,0.004008194897323847,,,0.13510847091674805,,
0.001,rms_global,full_coupled,1,0.1,1,1,0.040910858660936356,,,0.00194359861779958,,,0.9998879432678223,,,0.9999982714653015,,,0.1351037621498108,,,0.013016236014664173,,,0.13515593111515045,,
0.001,rms_global,full_coupled,5,0.001,1,1,0.9440643191337585,,,0.8656423687934875,,,0.3300878703594208,,,0.5010755658149719,,,0.7379531264305115,,,0.002140421885997057,,,1.4152995347976685,,
0.001,rms_global,full_coupled,5,0.003,1,1,0.9290822744369507,,,0.8862882852554321,,,0.3713921010494232,,,0.4657653272151947,,,0.7379531264305115,,,0.005467038601636887,,,1.432349443435669,,
0.001,rms_global,full_coupled,5,0.01,1,1,0.900615394115448,,,0.856386661529541,,,0.43532219529151917,,,0.5174592733383179,,,0.7379531264305115,,,0.016039419919252396,,,1.337963342666626,,
0.001,rms_global,full_coupled,5,0.03,1,1,0.8493743538856506,,,0.7550145387649536,,,0.5292108654975891,,,0.6559923887252808,,,0.7379531264305115,,,0.038979656994342804,,,1.0927708148956299,,
0.001,rms_global,full_coupled,5,0.1,1,1,0.5765690207481384,,,0.5048074126243591,,,0.8216229677200317,,,0.8670197129249573,,,0.7379531264305115,,,0.08125419169664383,,,0.7784517407417297,,
0.001,rms_global,full_coupled,10,0.001,1,1,1.0009199380874634,,,1.0000118017196655,,,0.014240537770092487,,,0.026142200455069542,,,1.614395022392273,,,0.027157489210367203,,,30.616336822509766,,
0.001,rms_global,full_coupled,10,0.003,1,1,1.0001330375671387,,,0.9999728798866272,,,0.021709104999899864,,,0.053203076124191284,,,1.614395022392273,,,0.09910867363214493,,,15.245271682739258,,
0.001,rms_global,full_coupled,10,0.01,1,1,0.9912664294242859,,,0.989025354385376,,,0.13270387053489685,,,0.1608283370733261,,,1.614395022392273,,,0.13694797456264496,,,7.195442199707031,,
0.001,rms_global,full_coupled,10,0.03,1,1,0.9765750169754028,,,0.9595456719398499,,,0.21745119988918304,,,0.2815749943256378,,,1.614395022392273,,,0.19464799761772156,,,5.8063740730285645,,
0.001,rms_global,full_coupled,10,0.1,1,1,0.9816012978553772,,,0.9954390525817871,,,0.3838811218738556,,,0.3919435143470764,,,1.614395022392273,,,0.22518905997276306,,,2.0909156799316406,,
0.001,rms_global,full_coupled,20,0.001,1,1,0.9997478127479553,,,1.000516414642334,,,0.03988555073738098,,,-0.020871128886938095,,,3.6556594371795654,,,0.5280329585075378,,,209.4663848876953,,
0.001,rms_global,full_coupled,20,0.003,1,1,1.000441312789917,,,1.0001535415649414,,,-0.019207974895834923,,,0.010086282156407833,,,3.6556594371795654,,,0.6781790256500244,,,120.62510681152344,,
0.001,rms_global,full_coupled,20,0.01,1,1,0.9976644515991211,,,1.0044814348220825,,,0.0702531561255455,,,0.003679718589410186,,,3.6556594371795654,,,0.6791307330131531,,,37.10250473022461,,
0.001,rms_global,full_coupled,20,0.03,1,1,0.9872999787330627,,,0.9927583932876587,,,0.15886729955673218,,,0.12615348398685455,,,3.6556594371795654,,,0.6922115087509155,,,22.198843002319336,,
0.001,rms_global,full_coupled,20,0.1,1,1,1.0136116743087769,,,1.0309501886367798,,,0.19296449422836304,,,0.23156213760375977,,,3.6556594371795654,,,0.817424476146698,,,6.381500720977783,,
0.001,rms_global,full_coupled,40,0.001,1,1,1.0004920959472656,,,1.0008221864700317,,,-0.08574068546295166,,,-0.038962602615356445,,,7.482685089111328,,,1.3454630374908447,,,433.0284729003906,,
0.001,rms_global,full_coupled,40,0.003,1,1,1.0018407106399536,,,1.001817226409912,,,-0.13675688207149506,,,-0.04298810288310051,,,7.482685089111328,,,1.7445954084396362,,,240.77157592773438,,
0.001,rms_global,full_coupled,40,0.01,1,1,1.0038819313049316,,,1.0018099546432495,,,-0.05353863909840584,,,0.033271197229623795,,,7.482685089111328,,,1.5074660778045654,,,73.32646942138672,,
0.001,rms_global,full_coupled,40,0.03,1,1,1.009399175643921,,,0.9944366216659546,,,0.008120628073811531,,,0.12099548429250717,,,7.482685089111328,,,1.5397592782974243,,,41.44898986816406,,
0.001,rms_global,full_coupled,40,0.1,1,1,1.0745341777801514,,,1.0735363960266113,,,0.02559259533882141,,,0.19203492999076843,,,7.482685089111328,,,1.7830926179885864,,,11.930537223815918,,
0.001,rms_layerwise,full_coupled,1,0.001,1,1,0.004465487979662915,,,0.0024935789503312358,,,0.9999888638655344,,,0.9999963591496149,,,0.024924646257810917,,,2.4916348496143808e-05,,,0.02492484258012458,,
0.001,rms_layerwise,full_coupled,1,0.003,1,1,0.0020050878617136427,,,0.0008064199379684093,,,0.9999986489613851,,,0.999999557932218,,,0.024924646257810917,,,7.469020270415665e-05,,,0.02492453291779384,,
0.001,rms_layerwise,full_coupled,1,0.01,1,1,0.004205422572946797,,,0.00022708382008810682,,,0.9999988228082657,,,0.999999980131785,,,0.024924646257810917,,,0.0002483215827548217,,,0.02492475971424331,,
0.001,rms_layerwise,full_coupled,1,0.03,1,1,0.012517346845318874,,,0.00014178915262164082,,,0.9999902248382568,,,0.9999999503294627,,,0.024924646257810917,,,0.0007394345617133998,,,0.024925582110881805,,
0.001,rms_layerwise,full_coupled,1,0.1,1,1,0.04229302145540714,,,0.001340835801480959,,,0.999893253048261,,,0.9999991953372955,,,0.024924646257810917,,,0.0024011435361899203,,,0.024934932742326055,,
0.001,rms_layerwise,full_coupled,5,0.001,1,1,0.8205257554848989,,,0.6985781739155451,,,0.4694303212066491,,,0.6282127983868122,,,0.1553727807283091,,,0.00036704171854277473,,,0.25543841857385513,,
0.001,rms_layerwise,full_coupled,5,0.003,1,1,0.7391778292755286,,,0.6209177734951178,,,0.5972996974984804,,,0.6771129481494427,,,0.1553727807283091,,,0.000812772795749576,,,0.25110013897453126,,
0.001,rms_layerwise,full_coupled,5,0.01,1,1,0.6542794977625211,,,0.6224789681533972,,,0.6408603216211001,,,0.7046295702457428,,,0.1553727807283091,,,0.002859986383555224,,,0.22355151135707274,,
0.001,rms_layerwise,full_coupled,5,0.03,1,1,0.6732684187591076,,,0.5709655831257502,,,0.6651101671159267,,,0.7646241461237272,,,0.1553727807283091,,,0.0076926529363845475,,,0.22953343956032768,,
0.001,rms_layerwise,full_coupled,5,0.1,1,1,0.5793151824424664,,,0.46676672125856083,,,0.7685183212161064,,,0.8490272214015325,,,0.1553727807283091,,,0.01998259108950151,,,0.18130867006645227,,
0.001,rms_layerwise,full_coupled,10,0.001,1,1,0.9998823354641596,,,0.9997341086467108,,,0.0135037811123766,,,0.02216047254235794,,,0.3271226696282004,,,0.011166862406147024,,,7.899672374129295,,
0.001,rms_layerwise,full_coupled,10,0.003,1,1,0.99871726334095,,,0.9983566800753275,,,0.036008778164008014,,,0.04868537338916212,,,0.3271226696282004,,,0.016206550256659586,,,4.7843092158436775,,
0.001,rms_layerwise,full_coupled,10,0.01,1,1,0.9951245139042536,,,0.9943533837795258,,,0.08348653605207801,,,0.09441035271932681,,,0.3271226696282004,,,0.03331943633384071,,,2.389024996509155,,
0.001,rms_layerwise,full_coupled,10,0.03,1,1,0.9893583059310913,,,0.9751891841491064,,,0.11590176271662737,,,0.18342596447716156,,,0.3271226696282004,,,0.05990817133958141,,,1.4770975063244502,,
0.001,rms_layerwise,full_coupled,10,0.1,1,1,0.9669918318589529,,,0.9349992970625559,,,0.2050490740997096,,,0.2876258449008067,,,0.3271226696282004,,,0.1024335961168011,,,0.7545234418163697,,
0.001,rms_layerwise,full_coupled,20,0.001,1,1,0.999978631734848,,,1.000035618742307,,,0.02259402893347821,,,0.01669764332473278,,,0.6811483629668752,,,0.39524761587381363,,,187.29180590311685,,
0.001,rms_layerwise,full_coupled,20,0.003,1,1,1.0000046243270238,,,1.0001110881567001,,,0.016921473560311522,,,-0.007269897653410832,,,0.6811483629668752,,,0.3975287588934104,,,69.20001713434856,,
0.001,rms_layerwise,full_coupled,20,0.01,1,1,0.9997292309999466,,,0.9995380491018295,,,0.018138336522194248,,,0.03819947685891142,,,0.6811483629668752,,,0.3923206012696028,,,24.064374049504597,,
0.001,rms_layerwise,full_coupled,20,0.03,1,1,0.998267263174057,,,0.9962396423021952,,,0.05817555325726668,,,0.08178070994714896,,,0.6811483629668752,,,0.521043968697389,,,9.457330346107483,,
0.001,rms_layerwise,full_coupled,20,0.1,1,1,0.9978433549404144,,,0.9912292609612147,,,0.049061090258571007,,,0.09607992717064917,,,0.6811483629668752,,,0.6311011910438538,,,3.516126682360967,,
0.001,rms_layerwise,full_coupled,40,0.001,1,1,1.000053346157074,,,1.0001375824213028,,,-0.033753336407244205,,,-0.011231575607477376,,,1.2597192550698917,,,1.1357111583153408,,,485.52635701497394,,
0.001,rms_layerwise,full_coupled,40,0.003,1,1,1.0001919319232304,,,1.0001806020736694,,,-0.03517597354948521,,,-0.02214241260662675,,,1.2597192550698917,,,1.1521004339059193,,,175.15859921773276,,
0.001,rms_layerwise,full_coupled,40,0.01,1,1,1.0003725091616313,,,0.999618336558342,,,-0.02813905361108482,,,0.03700502251740545,,,1.2597192550698917,,,1.1411012013753254,,,54.4300282796224,,
0.001,rms_layerwise,full_coupled,40,0.03,1,1,1.0006810476382573,,,0.9982671091953913,,,-0.012206977662572172,,,0.05992858078752761,,,1.2597192550698917,,,1.3554356048504512,,,20.88946787516276,,
0.001,rms_layerwise,full_coupled,40,0.1,1,1,1.0060995072126389,,,1.0027259588241577,,,-0.032286153795818485,,,0.0577100437755386,,,1.2597192550698917,,,1.565427949031194,,,7.0488459666570025,,
0.001,rms_random_layerwise,full_coupled,1,0.001,1,1,0.013115269364789128,,,0.006606713111978024,,,0.999906450510025,,,0.9999762773513794,,,0.03886302234604955,,,3.8869830405019457e-05,,,0.038863429334014654,,
0.001,rms_random_layerwise,full_coupled,1,0.003,1,1,0.004445858299732208,,,0.002219710178906098,,,0.999989315867424,,,0.9999973177909851,,,0.03886302234604955,,,0.00011662272663670592,,,0.038863162975758314,,
0.001,rms_random_layerwise,full_coupled,1,0.01,1,1,0.0021260595531202853,,,0.0006672292802250013,,,0.9999983161687851,,,0.9999998062849045,,,0.03886302234604955,,,0.0003889800573233515,,,0.03886322537437081,,
0.001,rms_random_layerwise,full_coupled,1,0.03,1,1,0.0046250896994024515,,,0.00022488873582915403,,,0.9999934583902359,,,1.0,,,0.03886302234604955,,,0.0011690374230965972,,,0.03886329149827361,,
0.001,rms_random_layerwise,full_coupled,1,0.1,1,1,0.015264194458723068,,,0.0002225315311079612,,,0.999928891658783,,,0.9999999403953552,,,0.03886302234604955,,,0.003921724564861506,,,0.03886624285951257,,
0.001,rms_random_layerwise,full_coupled,5,0.001,1,1,0.8290068209171295,,,0.8161329180002213,,,0.48551424592733383,,,0.5384238660335541,,,0.23634104803204536,,,0.0005314070440363139,,,0.42260369658470154,,
0.001,rms_random_layerwise,full_coupled,5,0.003,1,1,0.8173328936100006,,,0.6838001310825348,,,0.5636881291866302,,,0.7186593264341354,,,0.23634104803204536,,,0.0012036740081384778,,,0.3200366795063019,,
0.001,rms_random_layerwise,full_coupled,5,0.01,1,1,0.6628539264202118,,,0.5658450722694397,,,0.6915773674845695,,,0.7973701804876328,,,0.23634104803204536,,,0.0036251310957595706,,,0.29725825414061546,,
0.001,rms_random_layerwise,full_coupled,5,0.03,1,1,0.6100993305444717,,,0.5758681818842888,,,0.7824629098176956,,,0.8144037574529648,,,0.23634104803204536,,,0.00911595276556909,,,0.2804777920246124,,
0.001,rms_random_layerwise,full_coupled,5,0.1,1,1,0.6571417897939682,,,0.5782555416226387,,,0.7343148589134216,,,0.8123249262571335,,,0.23634104803204536,,,0.03300821501761675,,,0.28582654520869255,,
0.001,rms_random_layerwise,full_coupled,10,0.001,1,1,0.9992799609899521,,,0.9962885677814484,,,0.035633813589811325,,,0.07085493998602033,,,0.45326169580221176,,,0.011198327643796802,,,5.9344322681427,,
0.001,rms_random_layerwise,full_coupled,10,0.003,1,1,0.9967180490493774,,,0.9957182556390762,,,0.06919906055554748,,,0.08888458553701639,,,0.45326169580221176,,,0.02523503080010414,,,5.183792352676392,,
0.001,rms_random_layerwise,full_coupled,10,0.01,1,1,0.9962314963340759,,,0.9891482144594193,,,0.07552902307361364,,,0.13190197944641113,,,0.45326169580221176,,,0.05840606801211834,,,3.1419548988342285,,
0.001,rms_random_layerwise,full_coupled,10,0.03,1,1,0.9906271547079086,,,0.975826159119606,,,0.13501869142055511,,,0.2123672477900982,,,0.45326169580221176,,,0.08346953056752682,,,1.9254167675971985,,
0.001,rms_random_layerwise,full_coupled,10,0.1,1,1,0.9581503570079803,,,0.9180896431207657,,,0.2814265228807926,,,0.3883703723549843,,,0.45326169580221176,,,0.16221068613231182,,,1.1293094456195831,,
0.001,rms_random_layerwise,full_coupled,20,0.001,1,1,0.9999617040157318,,,0.9998941272497177,,,0.024433730635792017,,,0.028045725543051958,,,0.8860979378223419,,,0.4013217091560364,,,175.0795497894287,,
0.001,rms_random_layerwise,full_coupled,20,0.003,1,1,0.9998262226581573,,,0.9999013990163803,,,0.03806079598143697,,,0.01906897744629532,,,0.8860979378223419,,,0.45161090791225433,,,73.81765842437744,,
0.001,rms_random_layerwise,full_coupled,20,0.01,1,1,1.000034362077713,,,0.9985528439283371,,,0.008762896060943604,,,0.04970614053308964,,,0.8860979378223419,,,0.5000885277986526,,,22.88118839263916,,
0.001,rms_random_layerwise,full_coupled,20,0.03,1,1,0.9982125163078308,,,0.9991261959075928,,,0.06441153679043055,,,0.051213877741247416,,,0.8860979378223419,,,0.5322058796882629,,,10.798964977264404,,
0.001,rms_random_layerwise,full_coupled,20,0.1,1,1,0.996335968375206,,,0.9842050075531006,,,0.09199796454049647,,,0.16815283335745335,,,0.8860979378223419,,,0.7478178888559341,,,4.286869168281555,,
0.001,rms_random_layerwise,full_coupled,40,0.001,1,1,0.9999293684959412,,,0.9998908787965775,,,0.051819405634887516,,,0.05860635149292648,,,1.6791009902954102,,,1.146843433380127,,,452.43939208984375,,
0.001,rms_random_layerwise,full_coupled,40,0.003,1,1,0.9998838901519775,,,0.9999887347221375,,,0.043240036349743605,,,0.0059590969467535615,,,1.6791009902954102,,,1.2795336246490479,,,190.01910781860352,,
0.001,rms_random_layerwise,full_coupled,40,0.01,1,1,0.9998976141214371,,,0.9988739341497421,,,0.01977108680875972,,,0.04335415828973055,,,1.6791009902954102,,,1.4000978767871857,,,51.21165180206299,,
0.001,rms_random_layerwise,full_coupled,40,0.03,1,1,0.998804971575737,,,0.9997635334730148,,,0.05631898675346747,,,0.04003258002921939,,,1.6791009902954102,,,1.4466219544410706,,,21.820696353912354,,
0.001,rms_random_layerwise,full_coupled,40,0.1,1,1,1.0008781105279922,,,0.995831310749054,,,0.054206413216888905,,,0.13076807744801044,,,1.6791009902954102,,,1.7359585165977478,,,8.528693675994873,,
