learning_rate,memory_component,direction,direction_label,horizon,radius_scale,tangent_norm,endpoint_norm,predicted_endpoint_norm,centered_fd_norm,endpoint_error,endpoint_cosine,centered_error,centered_cosine,first_order_residual,residual_over_endpoint,fd_delta_norm,fd_rho,fd_resolvable_1e3,selection,passes_local_025_cos09,max_horizon_passed,best_H20_centered_error,best_H20_centered_cosine
3e-05,m,0,random_m_0,1,0.01,294.7397155761719,2.947397232055664,2.947397232055664,294.7397155761719,1.824444382236834e-07,1.0,1.188810827557063e-07,1.0,5.377362413128139e-07,1.824444382236834e-07,5.894794464111328,3562971.5,True,min_centered_error_scale,True,40,0.0008225803030654788,0.9999996423721313
3e-05,m,0,random_m_0,5,0.0001,1205.2354736328125,0.12052351236343384,0.12052354961633682,1205.2354736328125,2.2862330297357403e-05,1.0000001192092896,4.629812337952899e-06,1.0,2.7554483494895976e-06,2.2862330297357403e-05,0.24104709923267365,145722.40625,True,min_centered_error_scale,True,40,0.0008225803030654788,0.9999996423721313
3e-05,m,0,random_m_0,10,1e-05,1916.4451904296875,0.01916445605456829,0.019164450466632843,1916.445068359375,0.00031190557638183236,1.0,0.00013536996266338974,1.0,5.977500677545322e-06,0.00031190557638183236,0.038328900933265686,23180.662109375,True,min_centered_error_scale,True,40,0.0008225803030654788,0.9999996423721313
3e-05,m,0,random_m_0,20,1e-06,2579.730224609375,0.0025797332637012005,0.0025797300040721893,2579.7255859375,0.0061960662715137005,0.9999808669090271,0.0008225803030654788,0.9999996423721313,1.598419839865528e-05,0.0061960662715137005,0.00515945116057992,3122.90185546875,True,min_centered_error_scale,True,40,0.0008225803030654788,0.9999996423721313
3e-05,m,0,random_m_0,40,1e-05,2884.47314453125,0.028870198875665665,0.02884472906589508,2886.374755859375,0.0437445193529129,0.999042809009552,0.032165445387363434,0.9994825720787048,0.00126291299238801,0.0437445193529129,0.05772749334573746,34973.3671875,True,min_centered_error_scale,True,40,0.0008225803030654788,0.9999996423721313
3e-05,rms_global,0,all_parameters,1,0.03,0.004053112585097551,0.00012024590250803158,0.00012159338075434789,0.004053282551467419,0.012705824337899685,0.9999822378158569,0.00191524310503155,0.9999982118606567,1.5278233149729203e-06,0.012705824337899685,0.00024319696240127087,146.9947509765625,False,min_centered_error_scale,True,40,0.08610910922288895,0.99653160572052
3e-05,rms_global,0,all_parameters,5,0.1,0.031437572091817856,0.0030729013960808516,0.0031437573488801718,0.03136449307203293,0.04164452478289604,0.9994122385978699,0.018852440640330315,0.9998255968093872,0.00012796951341442764,0.04164452478289604,0.0062728989869356155,3792.212890625,True,min_centered_error_scale,True,40,0.08610910922288895,0.99653160572052
3e-05,rms_global,0,all_parameters,10,0.1,0.07549404352903366,0.007412059232592583,0.007549404166638851,0.07496964931488037,0.047832272946834564,0.9990454316139221,0.030556809157133102,0.9995606541633606,0.0003545356448739767,0.047832272946834564,0.014993930235505104,9068.072265625,True,min_centered_error_scale,True,40,0.08610910922288895,0.99653160572052
3e-05,rms_global,0,all_parameters,20,0.1,0.15266969799995422,0.014957576990127563,0.015266969799995422,0.1498718112707138,0.09874878078699112,0.9954326748847961,0.08610910922288895,0.99653160572052,0.0014770424459129572,0.09874878078699112,0.02997436374425888,18142.8203125,True,min_centered_error_scale,True,40,0.08610910922288895,0.99653160572052
3e-05,rms_global,0,all_parameters,40,0.1,0.23390115797519684,0.02296784147620201,0.023390116170048714,0.22525255382061005,0.26570022106170654,0.9655049443244934,0.22284452617168427,0.9767981767654419,0.006102560553699732,0.26570022106170654,0.04505051299929619,27293.203125,True,min_centered_error_scale,True,40,0.08610910922288895,0.99653160572052
3e-05,rms_layerwise,0,features.0.weight,1,0.1,0.0003726509748958051,3.574832226149738e-05,3.726509748958051e-05,0.0003728980664163828,0.043734122067689896,0.9999460577964783,0.001972125144675374,0.9999982714653015,1.5634215060345014e-06,0.043734122067689896,7.457961328327656e-05,45.077911376953125,False,min_centered_error_scale,True,20,0.17202763259410858,0.9850962162017822
3e-05,rms_layerwise,0,features.0.weight,5,0.1,0.0026013485621660948,0.00025458878371864557,0.0002601348387543112,0.0026134904474020004,0.14943042397499084,0.9893056154251099,0.10284668952226639,0.9946973323822021,3.804330845014192e-05,0.14943042397499084,0.0005226980429142714,315.9914245605469,False,min_centered_error_scale,True,20,0.17202763259410858,0.9850962162017822
3e-05,rms_layerwise,0,features.0.weight,10,0.1,0.006430087145417929,0.0006354286451824009,0.0006430087378248572,0.0064755952917039394,0.17300096154212952,0.9852820038795471,0.12686872482299805,0.991919994354248,0.00010992976604029536,0.17300096154212952,0.001295118941925466,783.2657470703125,False,min_centered_error_scale,True,20,0.17202763259410858,0.9850962162017822
3e-05,rms_layerwise,0,features.0.weight,20,0.1,0.014394735917448997,0.0014496797230094671,0.0014394739409908652,0.01457061804831028,0.23532536625862122,0.9721394181251526,0.17202763259410858,0.9850962162017822,0.0003411463985685259,0.23532536625862122,0.0029141237027943134,1763.854736328125,True,min_centered_error_scale,True,20,0.17202763259410858,0.9850962162017822
3e-05,rms_layerwise,0,features.0.weight,40,0.1,0.02622663788497448,0.0028218640945851803,0.0026226637419313192,0.02762674167752266,0.42126527428627014,0.9072091579437256,0.3510906994342804,0.9364301562309265,0.001188753405585885,0.42126527428627014,0.005525348708033562,3347.45263671875,True,min_centered_error_scale,False,20,0.17202763259410858,0.9850962162017822
3e-05,rms_random_layerwise,0,random_layerwise_0,1,0.1,0.0009535349672660232,9.5340445113834e-05,9.535349090583622e-05,0.0009535825811326504,0.013501130975782871,0.9999089241027832,0.0024335249327123165,0.9999970197677612,1.2872037586930674e-06,0.013501130975782871,0.00019071651331614703,115.27416229248047,False,min_centered_error_scale,True,40,0.05112408474087715,0.9986931681632996
3e-05,rms_random_layerwise,0,random_layerwise_0,5,0.1,0.007300642319023609,0.0007300881552509964,0.0007300642319023609,0.007303946651518345,0.031071145087480545,0.9995172023773193,0.01965061016380787,0.9998069405555725,2.268467505928129e-05,0.031071145087480545,0.0014607892371714115,883.104248046875,False,min_centered_error_scale,True,40,0.05112408474087715,0.9986931681632996
3e-05,rms_random_layerwise,0,random_layerwise_0,10,0.1,0.01789567619562149,0.0017892075702548027,0.0017895676428452134,0.01789124496281147,0.04508499428629875,0.9989839196205139,0.02977650985121727,0.999556839466095,8.06664174888283e-05,0.04508499428629875,0.0035782488994300365,2164.063720703125,True,min_centered_error_scale,True,40,0.05112408474087715,0.9986931681632996
3e-05,rms_random_layerwise,0,random_layerwise_0,20,0.1,0.038571134209632874,0.003860832890495658,0.003857113653793931,0.03856799751520157,0.0787472054362297,0.9968968033790588,0.05112408474087715,0.9986931681632996,0.00030402978882193565,0.0787472054362297,0.007713599130511284,4668.87158203125,True,min_centered_error_scale,True,40,0.05112408474087715,0.9986931681632996
3e-05,rms_random_layerwise,0,random_layerwise_0,40,0.1,0.06614755094051361,0.006897978018969297,0.0066147553734481335,0.06730956584215164,0.28945064544677734,0.9571945071220398,0.18839187920093536,0.9820941090583801,0.001996624283492565,0.28945064544677734,0.013461913913488388,8155.7060546875,True,min_centered_error_scale,True,40,0.05112408474087715,0.9986931681632996
0.0001,m,0,random_m_0,1,0.01,982.4657592773438,9.824657440185547,9.824657440185547,982.4656982421875,9.003503720350636e-08,1.0,8.005928719967415e-08,1.0,8.845634056342533e-07,9.003503720350636e-08,19.649314880371094,11876672.0,True,min_centered_error_scale,True,40,0.06184413656592369,0.9981393218040466
0.0001,m,0,random_m_0,5,1e-05,4015.733154296875,0.04015713930130005,0.04015733301639557,4015.734130859375,9.708296420285478e-05,0.9999998807907104,2.8334217859082855e-05,0.9999999403953552,3.898574050253956e-06,9.708296420285478e-05,0.08031468093395233,48572.06640625,True,min_centered_error_scale,True,40,0.06184413656592369,0.9981393218040466
0.0001,m,0,random_m_0,10,1e-06,6372.1865234375,0.006372195668518543,0.006372186820954084,6372.18896484375,0.0012677935883402824,0.9999991655349731,0.0002432661276543513,1.0,8.078628525254317e-06,0.0012677935883402824,0.012744379229843616,7715.06640625,True,min_centered_error_scale,True,40,0.06184413656592369,0.9981393218040466
0.0001,m,0,random_m_0,20,0.0001,8524.2568359375,0.8457628488540649,0.8524256348609924,8452.583984375,0.08616286516189575,0.9963478446006775,0.06184413656592369,0.9981393218040466,0.07287334650754929,0.08616286516189575,1.690516710281372,1024517.8125,True,min_centered_error_scale,True,40,0.06184413656592369,0.9981393218040466
0.0001,m,0,random_m_0,40,0.0001,9427.025390625,0.9441141486167908,0.9427025318145752,9371.478515625,0.18948695063591003,0.9820215702056885,0.1657760739326477,0.9863576292991638,0.17889730632305145,0.18948695063591003,1.874295711517334,1135818.875,True,min_centered_error_scale,True,40,0.06184413656592369,0.9981393218040466
0.0001,rms_global,0,all_parameters,1,0.03,0.013510375283658504,0.00040082246414385736,0.0004053112643305212,0.013510843738913536,0.01214789878576994,0.9999889731407166,0.0005849196459166706,0.9999998211860657,4.869150870945305e-06,0.01214789878576994,0.0008106506429612637,489.98309326171875,False,min_centered_error_scale,True,10,0.3834892809391022,0.9284571409225464
0.0001,rms_global,0,all_parameters,5,0.1,0.1008521020412445,0.009839595295488834,0.01008521020412445,0.10034120082855225,0.051901452243328094,0.9989899396896362,0.03707006573677063,0.9993292093276978,0.0005106892785988748,0.051901452243328094,0.02006823942065239,12136.7080078125,True,min_centered_error_scale,True,10,0.3834892809391022,0.9284571409225464
0.0001,rms_global,0,all_parameters,10,0.1,0.22400103509426117,0.021825863048434258,0.022400105372071266,0.21967263519763947,0.1274745613336563,0.9924205541610718,0.09648185223340988,0.995625913143158,0.0027822423726320267,0.1274745613336563,0.04393452778458595,26596.650390625,True,min_centered_error_scale,True,10,0.3834892809391022,0.9284571409225464
0.0001,rms_global,0,all_parameters,20,0.1,0.3824208378791809,0.03812886402010918,0.03824208676815033,0.3735181987285614,0.43699967861175537,0.9048027992248535,0.3834892809391022,0.9284571409225464,0.016662301495671272,0.43699967861175537,0.0747036412358284,45273.265625,True,min_centered_error_scale,False,10,0.3834892809391022,0.9284571409225464
0.0001,rms_global,0,all_parameters,40,0.1,0.571311354637146,0.07042205333709717,0.05713113397359848,0.6238435506820679,0.9134166836738586,0.5077395439147949,0.8526275157928467,0.6069619059562683,0.06432467699050903,0.9134166836738586,0.1247687041759491,75609.546875,True,min_centered_error_scale,False,10,0.3834892809391022,0.9284571409225464
0.0001,rms_layerwise,0,features.0.weight,1,0.1,0.001242169993929565,0.00011917249503312632,0.00012421699648257345,0.0012430623173713684,0.04350775480270386,0.9999514818191528,0.0013103424571454525,0.9999993443489075,5.184927431400865e-06,0.04350775480270386,0.0002486124576535076,150.269287109375,False,min_centered_error_scale,True,10,0.7832402586936951,0.6218748688697815
0.0001,rms_layerwise,0,features.0.weight,5,0.1,0.008447481319308281,0.0008352203294634819,0.0008447481086477637,0.008501279167830944,0.20797643065452576,0.9786810874938965,0.13515466451644897,0.9908286333084106,0.0001737061538733542,0.20797643065452576,0.0017002560198307037,1028.26708984375,True,min_centered_error_scale,True,10,0.7832402586936951,0.6218748688697815
0.0001,rms_layerwise,0,features.0.weight,10,0.1,0.020183973014354706,0.0020412418525666,0.0020183974411338568,0.02056325227022171,0.30506446957588196,0.9530044794082642,0.22610948979854584,0.9741300940513611,0.0006227103294804692,0.30506446957588196,0.00411265017464757,2489.675537109375,True,min_centered_error_scale,True,10,0.7832402586936951,0.6218748688697815
0.0001,rms_layerwise,0,features.0.weight,20,0.1,0.041387055069208145,0.008346689864993095,0.004138705786317587,0.06509479880332947,0.8802967667579651,0.47488629817962646,0.7832402586936951,0.6218748688697815,0.007347563747316599,0.8802967667579651,0.013018959201872349,7889.9873046875,True,min_centered_error_scale,False,10,0.7832402586936951,0.6218748688697815
0.0001,rms_layerwise,0,features.0.weight,40,0.1,0.07115320861339569,0.03341660648584366,0.007115321233868599,0.20133791863918304,0.9911638498306274,0.14777840673923492,0.9490275382995605,0.31725871562957764,0.03312133252620697,0.9911638498306274,0.04026758298277855,24402.0625,True,min_centered_error_scale,False,10,0.7832402586936951,0.6218748688697815
0.0001,rms_random_layerwise,0,random_layerwise_0,1,0.1,0.0031784498132765293,0.0003177976468577981,0.0003178449987899512,0.003178571118041873,0.012691738083958626,0.9999194741249084,0.0007350599626079202,0.9999996423721313,4.033404366055038e-06,0.012691738083958626,0.0006357142119668424,384.2459411621094,False,min_centered_error_scale,True,10,0.3714729845523834,0.9284481406211853
0.0001,rms_random_layerwise,0,random_layerwise_0,5,0.1,0.02403263747692108,0.0024053037632256746,0.002403263933956623,0.024062540382146835,0.04059506207704544,0.9991756081581116,0.03703340142965317,0.9993142485618591,9.764346032170579e-05,0.04059506207704544,0.0048125083558261395,2910.469970703125,True,min_centered_error_scale,True,10,0.3714729845523834,0.9284481406211853
0.0001,rms_random_layerwise,0,random_layerwise_0,10,0.03,0.05728057399392128,0.0017308882670477033,0.0017184172756969929,0.057543978095054626,0.11685942113399506,0.9931485056877136,0.09289127588272095,0.9956764578819275,0.00020227060304023325,0.11685942113399506,0.0034526388626545668,2090.12451171875,True,min_centered_error_scale,True,10,0.3714729845523834,0.9284481406211853
0.0001,rms_random_layerwise,0,random_layerwise_0,20,0.1,0.11182557791471481,0.014213057234883308,0.011182558722794056,0.1208115965127945,0.6122106909751892,0.7907044291496277,0.3714729845523834,0.9284481406211853,0.008701384998857975,0.6122106909751892,0.02416232042014599,14643.2900390625,True,min_centered_error_scale,False,10,0.3714729845523834,0.9284481406211853
0.0001,rms_random_layerwise,0,random_layerwise_0,40,0.1,0.16200578212738037,0.042882636189460754,0.016200577840209007,0.27335023880004883,0.9335449934005737,0.3589545786380768,0.8187406063079834,0.5744525790214539,0.040032871067523956,0.9335449934005737,0.054670050740242004,33129.92578125,True,min_centered_error_scale,False,10,0.3714729845523834,0.9284481406211853
0.0003,m,0,random_m_0,1,0.01,2947.3974609375,29.47397232055664,29.47397232055664,2947.3974609375,7.57500870918193e-08,1.0000001192092896,7.496754506064462e-08,1.0,2.232655788247939e-06,7.57500870918193e-08,58.94794464111328,35630760.0,True,min_centered_error_scale,True,20,0.17660294473171234,0.9852755665779114
0.0003,m,0,random_m_0,5,3e-05,12024.8798828125,0.36076462268829346,0.3607463836669922,12028.15625,0.02001909539103508,0.9997996091842651,0.011476981453597546,0.999934196472168,0.007222181186079979,0.02001909539103508,0.7216894030570984,436767.78125,True,min_centered_error_scale,True,20,0.17660294473171234,0.9852755665779114
0.0003,m,0,random_m_0,10,3e-05,18911.466796875,0.565729022026062,0.5673439502716064,18882.162109375,0.073917917907238,0.997279942035675,0.04523690417408943,0.9989795684814453,0.04181751236319542,0.073917917907238,1.132929801940918,686349.5625,True,min_centered_error_scale,True,20,0.17660294473171234,0.9852755665779114
0.0003,m,0,random_m_0,20,0.0001,24691.388671875,2.4114911556243896,2.4691388607025146,23983.7109375,0.24243485927581787,0.9715777635574341,0.17660294473171234,0.9852755665779114,0.5846295356750488,0.24243485927581787,4.796741962432861,2903091.25,True,min_centered_error_scale,True,20,0.17660294473171234,0.9852755665779114
0.0003,m,0,random_m_0,40,0.0001,27675.21484375,2.7909395694732666,2.767521381378174,26981.935546875,0.5230504274368286,0.8620872497558594,0.4108700454235077,0.9180290699005127,1.4598021507263184,0.5230504274368286,5.396386623382568,3239435.5,True,min_centered_error_scale,False,20,0.17660294473171234,0.9852755665779114
0.0003,rms_global,0,all_parameters,1,0.03,0.04053112864494324,0.0012024597963318229,0.0012159338220953941,0.04053255170583725,0.01210226584225893,0.9999896287918091,0.00021995537099428475,1.0,1.4552487300534267e-05,0.01210226584225893,0.0024319530930370092,1469.980712890625,True,min_centered_error_scale,True,5,0.8844257593154907,0.5208609700202942
0.0003,rms_global,0,all_parameters,5,0.1,0.27225181460380554,0.026562372222542763,0.027225179597735405,0.2690981328487396,0.16420234739780426,0.9871509075164795,0.12366259843111038,0.992510199546814,0.0043616038747131824,0.16420234739780426,0.053819622844457626,32571.736328125,True,min_centered_error_scale,True,5,0.8844257593154907,0.5208609700202942
0.0003,rms_global,0,all_parameters,10,0.1,0.525132417678833,0.053909268230199814,0.052513238042593,0.5168153643608093,0.5088072419166565,0.8674607276916504,0.4219449460506439,0.9125186204910278,0.027429426088929176,0.5088072419166565,0.10336307436227798,62619.23828125,True,min_centered_error_scale,False,5,0.8844257593154907,0.5208609700202942
0.0003,rms_global,0,all_parameters,20,0.1,0.9521996974945068,0.15773527324199677,0.09521996974945068,1.2659318447113037,0.9477187991142273,0.3861764967441559,0.8844257593154907,0.5208609700202942,0.1494886875152588,0.9477187991142273,0.2531863749027252,153233.84375,True,min_centered_error_scale,False,5,0.8844257593154907,0.5208609700202942
0.0003,rms_global,0,all_parameters,40,0.1,1.8851159811019897,0.44634589552879333,0.18851161003112793,4.000194072723389,1.0092271566390991,0.18922387063503265,0.9950698614120483,0.24606391787528992,0.4504643976688385,1.0092271566390991,0.800038754940033,480260.96875,True,min_centered_error_scale,False,5,0.8844257593154907,0.5208609700202942
0.0003,rms_layerwise,0,features.0.weight,1,0.03,0.0037265100982040167,0.00011041757534258068,0.00011179529974469915,0.0037266938015818596,0.012889428995549679,0.9999948740005493,0.0005387604469433427,0.9999998211860657,1.4232194871510728e-06,0.012889428995549679,0.0002236016298411414,135.15476989746094,False,min_centered_error_scale,True,1,0.9716636538505554,0.2418796718120575
0.0003,rms_layerwise,0,features.0.weight,5,0.03,0.02393547259271145,0.0008276861044578254,0.0007180641405284405,0.025730369612574577,0.4859556257724762,0.8740074634552002,0.3687376081943512,0.9295337796211243,0.00040221872041001916,0.4859556257724762,0.0015438221162185073,934.3240356445312,False,min_centered_error_scale,False,1,0.9716636538505554,0.2418796718120575
0.0003,rms_layerwise,0,features.0.weight,10,0.1,0.05341062694787979,0.010463512502610683,0.005341063253581524,0.08096238970756531,0.8767425417900085,0.4818115532398224,0.7615317702293396,0.6482290625572205,0.009173806756734848,0.8767425417900085,0.016192477196455002,9809.6982421875,True,min_centered_error_scale,False,1,0.9716636538505554,0.2418796718120575
0.0003,rms_layerwise,0,features.0.weight,20,0.1,0.11129800975322723,0.08575927466154099,0.011129801161587238,0.37956759333610535,0.997422993183136,0.08472087234258652,0.9716636538505554,0.2418796718120575,0.08553827553987503,0.997422993183136,0.07591351866722107,45944.4921875,True,min_centered_error_scale,False,1,0.9716636538505554,0.2418796718120575
0.0003,rms_layerwise,0,features.0.weight,40,0.1,0.2698782682418823,0.37645694613456726,0.026987828314304352,1.764417052268982,0.9929671883583069,0.13360252976417542,0.984102725982666,0.1795853078365326,0.3738093972206116,0.9929671883583069,0.35288339853286743,211834.890625,True,min_centered_error_scale,False,1,0.9716636538505554,0.2418796718120575
0.0003,rms_random_layerwise,0,random_layerwise_0,1,0.1,0.009535349905490875,0.0009533909033052623,0.0009535350254736841,0.009535694494843483,0.012630309909582138,0.9999202489852905,0.00027735382900573313,0.9999998211860657,1.20416225399822e-05,0.012630309909582138,0.0019071388524025679,1152.7596435546875,True,min_centered_error_scale,True,5,0.9149013161659241,0.40501418709754944
0.0003,rms_random_layerwise,0,random_layerwise_0,5,0.1,0.06897781044244766,0.006922690663486719,0.006897781044244766,0.06926152110099792,0.08154496550559998,0.9966696500778198,0.08885081112384796,0.9960448741912842,0.000564510584808886,0.08154496550559998,0.013852303847670555,8383.4404296875,True,min_centered_error_scale,True,5,0.9149013161659241,0.40501418709754944
0.0003,rms_random_layerwise,0,random_layerwise_0,10,0.003,0.14934177696704865,0.0005117303808219731,0.0004480253264773637,0.16279909014701843,0.4981347918510437,0.8671400547027588,0.40317875146865845,0.9151239395141602,0.0002549107011873275,0.4981347918510437,0.000976794515736401,591.7599487304688,False,min_centered_error_scale,False,5,0.9149013161659241,0.40501418709754944
0.0003,rms_random_layerwise,0,random_layerwise_0,20,0.1,0.2508414387702942,0.06222987547516823,0.02508414536714554,0.5728397369384766,0.9039587378501892,0.4283662438392639,0.9149013161659241,0.40501418709754944,0.05625323951244354,0.9039587378501892,0.11456795036792755,69338.984375,True,min_centered_error_scale,False,5,0.9149013161659241,0.40501418709754944
0.0003,rms_random_layerwise,0,random_layerwise_0,40,0.1,0.3924981653690338,0.19232527911663055,0.03924981877207756,1.8645838499069214,0.9841406345367432,0.1791352927684784,0.9802438020706177,0.19817660748958588,0.1892751306295395,0.9841406345367432,0.3729167580604553,223860.859375,True,min_centered_error_scale,False,5,0.9149013161659241,0.40501418709754944
0.001,m,0,random_m_0,1,0.01,9824.658203125,98.24658203125,98.24658203125,9824.658203125,7.289374792662784e-08,1.0,7.540933921745818e-08,1.0,7.161561370594427e-06,7.289374792662784e-08,196.4931640625,118773336.0,True,min_centered_error_scale,True,10,0.6977952718734741,0.8037409782409668
0.001,m,0,random_m_0,5,3e-05,39663.078125,1.1842012405395508,1.189892292022705,39270.078125,0.12492918223142624,0.9922451972961426,0.08215425163507462,0.996708333492279,0.14794129133224487,0.12492918223142624,2.3562047481536865,1425454.375,True,min_centered_error_scale,True,10,0.6977952718734741,0.8037409782409668
0.001,m,0,random_m_0,10,3e-05,61142.02734375,1.8181649446487427,1.8342608213424683,59184.61328125,0.3158724009990692,0.9505888819694519,0.2231317013502121,0.9764324426651001,0.5743081569671631,0.3158724009990692,3.551076650619507,2139166.25,True,min_centered_error_scale,True,10,0.6977952718734741,0.8037409782409668
0.001,m,0,random_m_0,20,3e-05,92194.7421875,2.646801233291626,2.7658421993255615,78912.2421875,0.7784583568572998,0.7110101580619812,0.6977952718734741,0.8037409782409668,2.060424566268921,0.7784583568572998,4.734734535217285,2799725.0,True,min_centered_error_scale,False,10,0.6977952718734741,0.8037409782409668
0.001,m,0,random_m_0,40,1e-06,159453.21875,1.3261773586273193,0.15945322811603546,631906.8125,1.0043936967849731,0.023495424538850784,0.9877281785011292,0.17450273036956787,1.3320040702819824,1.0043936967849731,1.2638136148452759,728516.1875,True,min_centered_error_scale,False,10,0.6977952718734741,0.8037409782409668
0.001,rms_global,0,all_parameters,1,0.03,0.1351037621498108,0.004008194897323847,0.004053112585097551,0.13510847091674805,0.012096640653908253,0.9999898076057434,0.000120142700325232,1.0,4.848569369642064e-05,0.012096640653908253,0.00810650922358036,4900.10498046875,True,min_centered_error_scale,True,1,0.9927583932876587,0.12615348398685455
0.001,rms_global,0,all_parameters,5,0.1,0.7379531264305115,0.08125419169664383,0.07379531860351562,0.7784517407417297,0.5765690207481384,0.8216229677200317,0.5048074126243591,0.8670197129249573,0.04684865102171898,0.5765690207481384,0.15569034218788147,94189.390625,True,min_centered_error_scale,False,1,0.9927583932876587,0.12615348398685455
0.001,rms_global,0,all_parameters,10,0.03,1.614395022392273,0.19464799761772156,0.048431847244501114,5.8063740730285645,0.9765750169754028,0.21745119988918304,0.9595456719398499,0.2815749943256378,0.19008837640285492,0.9765750169754028,0.3483824133872986,209865.328125,True,min_centered_error_scale,False,1,0.9927583932876587,0.12615348398685455
0.001,rms_global,0,all_parameters,20,0.03,3.6556594371795654,0.6922115087509155,0.10966978222131729,22.198843002319336,0.9872999787330627,0.15886729955673218,0.9927583932876587,0.12615348398685455,0.6834204196929932,0.9872999787330627,1.3319305181503296,787592.0,True,min_centered_error_scale,False,1,0.9927583932876587,0.12615348398685455
0.001,rms_global,0,all_parameters,40,0.03,7.482685089111328,1.5397592782974243,0.2244805544614792,41.44898986816406,1.009399175643921,0.008120628073811531,0.9944366216659546,0.12099548429250717,1.5542317628860474,1.009399175643921,2.4869396686553955,1433578.375,True,min_centered_error_scale,False,1,0.9927583932876587,0.12615348398685455
0.001,rms_layerwise,0,features.0.weight,1,0.03,0.012421700172126293,0.0003680487861856818,0.0003726509748958051,0.012422574684023857,0.01287588570266962,0.9999954700469971,0.00019855250138789415,0.9999998807907104,4.7389544306497555e-06,0.01287588570266962,0.0007453544531017542,450.5410461425781,False,min_centered_error_scale,True,1,0.979623019695282,0.20096991956233978
0.001,rms_layerwise,0,features.0.weight,5,0.1,0.0743788406252861,0.019579242914915085,0.007437884341925383,0.13647416234016418,0.9361664652824402,0.3526131808757782,0.8451334238052368,0.5346556305885315,0.018329430371522903,0.9361664652824402,0.027294833213090897,16512.80078125,True,min_centered_error_scale,False,1,0.979623019695282,0.20096991956233978
0.001,rms_layerwise,0,features.0.weight,10,0.1,0.19989079236984253,0.11245964467525482,0.019989078864455223,0.716532826423645,0.9976246356964111,0.10222063958644867,0.9818530082702637,0.20394466817378998,0.11219251155853271,0.9976246356964111,0.14330656826496124,86327.78125,True,min_centered_error_scale,False,1,0.979623019695282,0.20096991956233978
0.001,rms_layerwise,0,features.0.weight,20,0.1,0.6080319285392761,0.699668288230896,0.06080319359898567,2.9226479530334473,0.9942970275878906,0.10888784378767014,0.979623019695282,0.20096991956233978,0.6956781148910522,0.9942970275878906,0.5845296382904053,345641.8125,True,min_centered_error_scale,False,1,0.979623019695282,0.20096991956233978
0.001,rms_layerwise,0,features.0.weight,40,0.1,1.2739787101745605,1.824505090713501,0.12739787995815277,6.475310802459717,0.9984827637672424,0.0566256009042263,0.9882988929748535,0.1574980467557907,1.8217368125915527,0.9984827637672424,1.2950621843338013,746529.1875,True,min_centered_error_scale,False,1,0.979623019695282,0.20096991956233978
0.001,rms_random_layerwise,0,random_layerwise_0,1,0.1,0.03178450092673302,0.0031779713463038206,0.003178450046107173,0.03178564831614494,0.012623130343854427,0.9999204277992249,0.00014776401803828776,0.9999998807907104,4.0115948650054634e-05,0.012623130343854427,0.006357129197567701,3842.665283203125,True,min_centered_error_scale,True,1,0.9965594410896301,0.11690212786197662
0.001,rms_random_layerwise,0,random_layerwise_0,5,0.01,0.1979127824306488,0.002340079518035054,0.0019791279919445515,0.21848894655704498,0.5316824316978455,0.8469445705413818,0.42169874906539917,0.906736433506012,0.001244179205968976,0.5316824316978455,0.004369779024273157,2643.62451171875,True,min_centered_error_scale,False,1,0.9965594410896301,0.11690212786197662
0.001,rms_random_layerwise,0,random_layerwise_0,10,0.1,0.3858567476272583,0.2025657594203949,0.03858567401766777,1.229896903038025,0.9677630662918091,0.261750191450119,0.9330782294273376,0.3630373775959015,0.19603566825389862,0.9677630662918091,0.24597936868667603,148177.796875,True,min_centered_error_scale,False,1,0.9965594410896301,0.11690212786197662
0.001,rms_random_layerwise,0,random_layerwise_0,20,0.1,0.8858848214149475,0.7480623126029968,0.08858848363161087,4.44398307800293,1.005308747291565,0.014265128411352634,0.9965594410896301,0.11690212786197662,0.7520335912704468,1.005308747291565,0.8887966275215149,525559.75,True,min_centered_error_scale,False,1,0.9965594410896301,0.11690212786197662
0.001,rms_random_layerwise,0,random_layerwise_0,40,0.03,1.9497159719467163,1.2073808908462524,0.058491479605436325,19.335899353027344,1.0009996891021729,0.0035733042750507593,0.9965279698371887,0.08478981256484985,1.2085880041122437,1.0009996891021729,1.1601539850234985,668762.375,True,min_centered_error_scale,False,1,0.9965594410896301,0.11690212786197662
