learning_rate,memory_component,direction,direction_label,horizon,coordinate_norm,tangent_norm,tangent_gain_per_coordinate_norm,theta_norm
3e-05,m,0,random_m_0,1,0.9001141786575317,294.7397155761719,327.447021484375,13.878618240356445
3e-05,m,0,random_m_0,5,0.9001141786575317,1205.2354736328125,1338.980712890625,13.876038551330566
3e-05,m,0,random_m_0,10,0.9001141786575317,1916.4451904296875,2129.113525390625,13.870445251464844
3e-05,m,0,random_m_0,20,0.9001141786575317,2579.730224609375,2866.00341796875,13.859101295471191
3e-05,m,0,random_m_0,40,0.9001141786575317,2884.47314453125,3204.563720703125,13.846343994140625
3e-05,rms_global,0,all_parameters,1,374.2579345703125,0.004053112585097551,1.0829730854311492e-05,13.878618240356445
3e-05,rms_global,0,all_parameters,5,374.2579345703125,0.031437572091817856,8.399974467465654e-05,13.876038551330566
3e-05,rms_global,0,all_parameters,10,374.2579345703125,0.07549404352903366,0.00020171661162748933,13.870445251464844
3e-05,rms_global,0,all_parameters,20,374.2579345703125,0.15266969799995422,0.0004079264181200415,13.859101295471191
3e-05,rms_global,0,all_parameters,40,374.2579345703125,0.23390115797519684,0.0006249731522984803,13.846343994140625
3e-05,rms_layerwise,0,features.0.weight,1,29.393877029418945,0.0003726509748958051,1.267784318770282e-05,13.878618240356445
3e-05,rms_layerwise,0,features.0.weight,5,29.393877029418945,0.0026013485621660948,8.849967707647011e-05,13.876038551330566
3e-05,rms_layerwise,0,features.0.weight,10,29.393877029418945,0.006430087145417929,0.00021875600214116275,13.870445251464844
3e-05,rms_layerwise,0,features.0.weight,20,29.393877029418945,0.014394735917448997,0.0004897188628092408,13.859101295471191
3e-05,rms_layerwise,0,features.0.weight,40,29.393877029418945,0.02622663788497448,0.000892248353920877,13.846343994140625
3e-05,rms_random_layerwise,0,random_layerwise_0,1,73.61093139648438,0.0009535349672660232,1.295371384912869e-05,13.878618240356445
3e-05,rms_random_layerwise,0,random_layerwise_0,5,73.61093139648438,0.007300642319023609,9.917878196574748e-05,13.876038551330566
3e-05,rms_random_layerwise,0,random_layerwise_0,10,73.61093139648438,0.01789567619562149,0.0002431116736261174,13.870445251464844
3e-05,rms_random_layerwise,0,random_layerwise_0,20,73.61093139648438,0.038571134209632874,0.0005239865276962519,13.859101295471191
3e-05,rms_random_layerwise,0,random_layerwise_0,40,73.61093139648438,0.06614755094051361,0.000898610451258719,13.846343994140625
0.0001,m,0,random_m_0,1,0.9001141786575317,982.4657592773438,1091.4901123046875,13.878500938415527
0.0001,m,0,random_m_0,5,0.9001141786575317,4015.733154296875,4461.35986328125,13.870697021484375
0.0001,m,0,random_m_0,10,0.9001141786575317,6372.1865234375,7079.30908203125,13.856989860534668
0.0001,m,0,random_m_0,20,0.9001141786575317,8524.2568359375,9470.1953125,13.841713905334473
0.0001,m,0,random_m_0,40,0.9001141786575317,9427.025390625,10473.1435546875,13.842639923095703
0.0001,rms_global,0,all_parameters,1,374.2579345703125,0.013510375283658504,3.6099103454034775e-05,13.878500938415527
0.0001,rms_global,0,all_parameters,5,374.2579345703125,0.1008521020412445,0.0002694721915759146,13.870697021484375
0.0001,rms_global,0,all_parameters,10,374.2579345703125,0.22400103509426117,0.0005985204479657114,13.856989860534668
0.0001,rms_global,0,all_parameters,20,374.2579345703125,0.3824208378791809,0.0010218109237030149,13.841713905334473
0.0001,rms_global,0,all_parameters,40,374.2579345703125,0.571311354637146,0.0015265176771208644,13.842639923095703
0.0001,rms_layerwise,0,features.0.weight,1,29.393877029418945,0.001242169993929565,4.225948214298114e-05,13.878500938415527
0.0001,rms_layerwise,0,features.0.weight,5,29.393877029418945,0.008447481319308281,0.00028738914988934994,13.870697021484375
0.0001,rms_layerwise,0,features.0.weight,10,29.393877029418945,0.020183973014354706,0.0006866726907901466,13.856989860534668
0.0001,rms_layerwise,0,features.0.weight,20,29.393877029418945,0.041387055069208145,0.001408016192726791,13.841713905334473
0.0001,rms_layerwise,0,features.0.weight,40,29.393877029418945,0.07115320861339569,0.002420681295916438,13.842639923095703
0.0001,rms_random_layerwise,0,random_layerwise_0,1,73.61093139648438,0.0031784498132765293,4.31790467700921e-05,13.878500938415527
0.0001,rms_random_layerwise,0,random_layerwise_0,5,73.61093139648438,0.02403263747692108,0.0003264819097239524,13.870697021484375
0.0001,rms_random_layerwise,0,random_layerwise_0,10,73.61093139648438,0.05728057399392128,0.0007781530730426311,13.856989860534668
0.0001,rms_random_layerwise,0,random_layerwise_0,20,73.61093139648438,0.11182557791471481,0.0015191435813903809,13.841713905334473
0.0001,rms_random_layerwise,0,random_layerwise_0,40,73.61093139648438,0.16200578212738037,0.0022008386440575123,13.842639923095703
0.0003,m,0,random_m_0,1,0.9001141786575317,2947.3974609375,3274.470703125,13.878210067749023
0.0003,m,0,random_m_0,5,0.9001141786575317,12024.8798828125,13359.283203125,13.86084270477295
0.0003,m,0,random_m_0,10,0.9001141786575317,18911.466796875,21010.076171875,13.846739768981934
0.0003,m,0,random_m_0,20,0.9001141786575317,24691.388671875,27431.396484375,13.860393524169922
0.0003,m,0,random_m_0,40,0.9001141786575317,27675.21484375,30746.337890625,13.974093437194824
0.0003,rms_global,0,all_parameters,1,374.2579345703125,0.04053112864494324,0.00010829731036210433,13.878210067749023
0.0003,rms_global,0,all_parameters,5,374.2579345703125,0.27225181460380554,0.0007274443632923067,13.86084270477295
0.0003,rms_global,0,all_parameters,10,374.2579345703125,0.525132417678833,0.0014031296595931053,13.846739768981934
0.0003,rms_global,0,all_parameters,20,374.2579345703125,0.9521996974945068,0.0025442338082939386,13.860393524169922
0.0003,rms_global,0,all_parameters,40,374.2579345703125,1.8851159811019897,0.0050369431264698505,13.974093437194824
0.0003,rms_layerwise,0,features.0.weight,1,29.393877029418945,0.0037265100982040167,0.00012677845370490104,13.878210067749023
0.0003,rms_layerwise,0,features.0.weight,5,29.393877029418945,0.02393547259271145,0.0008143013110384345,13.86084270477295
0.0003,rms_layerwise,0,features.0.weight,10,29.393877029418945,0.05341062694787979,0.0018170664552599192,13.846739768981934
0.0003,rms_layerwise,0,features.0.weight,20,29.393877029418945,0.11129800975322723,0.003786435117945075,13.860393524169922
0.0003,rms_layerwise,0,features.0.weight,40,29.393877029418945,0.2698782682418823,0.009181445464491844,13.974093437194824
0.0003,rms_random_layerwise,0,random_layerwise_0,1,73.61093139648438,0.009535349905490875,0.00012953714758623391,13.878210067749023
0.0003,rms_random_layerwise,0,random_layerwise_0,5,73.61093139648438,0.06897781044244766,0.0009370593470521271,13.86084270477295
0.0003,rms_random_layerwise,0,random_layerwise_0,10,73.61093139648438,0.14934177696704865,0.0020287989173084497,13.846739768981934
0.0003,rms_random_layerwise,0,random_layerwise_0,20,73.61093139648438,0.2508414387702942,0.003407665528357029,13.860393524169922
0.0003,rms_random_layerwise,0,random_layerwise_0,40,73.61093139648438,0.3924981653690338,0.005332063417881727,13.974093437194824
0.001,m,0,random_m_0,1,0.9001141786575317,9824.658203125,10914.90234375,13.877728462219238
0.001,m,0,random_m_0,5,0.9001141786575317,39663.078125,44064.49609375,13.865948677062988
0.001,m,0,random_m_0,10,0.9001141786575317,61142.02734375,67926.96875,13.925328254699707
0.001,m,0,random_m_0,20,0.9001141786575317,92194.7421875,102425.609375,14.186333656311035
0.001,m,0,random_m_0,40,0.9001141786575317,159453.21875,177147.765625,14.552370071411133
0.001,rms_global,0,all_parameters,1,374.2579345703125,0.1351037621498108,0.000360991049092263,13.877728462219238
0.001,rms_global,0,all_parameters,5,374.2579345703125,0.7379531264305115,0.001971776830032468,13.865948677062988
0.001,rms_global,0,all_parameters,10,374.2579345703125,1.614395022392273,0.004313589073717594,13.925328254699707
0.001,rms_global,0,all_parameters,20,374.2579345703125,3.6556594371795654,0.009767754003405571,14.186333656311035
0.001,rms_global,0,all_parameters,40,374.2579345703125,7.482685089111328,0.019993390887975693,14.552370071411133
0.001,rms_layerwise,0,features.0.weight,1,29.393877029418945,0.012421700172126293,0.0004225948068778962,13.877728462219238
0.001,rms_layerwise,0,features.0.weight,5,29.393877029418945,0.0743788406252861,0.0025304195005446672,13.865948677062988
0.001,rms_layerwise,0,features.0.weight,10,29.393877029418945,0.19989079236984253,0.006800422910600901,13.925328254699707
0.001,rms_layerwise,0,features.0.weight,20,29.393877029418945,0.6080319285392761,0.02068566530942917,14.186333656311035
0.001,rms_layerwise,0,features.0.weight,40,29.393877029418945,1.2739787101745605,0.043341636657714844,14.552370071411133
0.001,rms_random_layerwise,0,random_layerwise_0,1,73.61093139648438,0.03178450092673302,0.0004317905113566667,13.877728462219238
0.001,rms_random_layerwise,0,random_layerwise_0,5,73.61093139648438,0.1979127824306488,0.002688633045181632,13.865948677062988
0.001,rms_random_layerwise,0,random_layerwise_0,10,73.61093139648438,0.3858567476272583,0.005241840146481991,13.925328254699707
0.001,rms_random_layerwise,0,random_layerwise_0,20,73.61093139648438,0.8858848214149475,0.01203469093888998,14.186333656311035
0.001,rms_random_layerwise,0,random_layerwise_0,40,73.61093139648438,1.9497159719467163,0.026486773043870926,14.552370071411133
