learning_rate,horizon,theta_displacement_norm,loss,grad_norm,m_norm,v_norm,v_min,denom_min,denom_median,denom_max,update_norm,theta_norm,update_to_theta
3e-05,1,0.004592981189489365,3.3737173080444336,10.19774341583252,1.4267805814743042,0.07468671351671219,0.0,1.999999987845058e-08,0.0007942647207528353,0.2173858880996704,0.004592981655150652,13.878618240356445,0.00033093939418904483
3e-05,5,0.0434388592839241,3.5070900917053223,10.821937561035156,4.039943695068359,0.08231036365032196,0.0,1.999999987845058e-08,0.0008523495052941144,0.221662700176239,0.012594988569617271,13.876038551330566,0.0009076789719983935
3e-05,10,0.11868759244680405,2.8476991653442383,7.511554718017578,5.693580150604248,0.09131891280412674,0.0,1.999999987845058e-08,0.0008877059444785118,0.23036691546440125,0.016091791912913322,13.870445251464844,0.001160149578936398
3e-05,20,0.28404077887535095,2.3164241313934326,5.560195446014404,6.19971227645874,0.1054900586605072,0.0,1.999999987845058e-08,0.0009224837413057685,0.28851157426834106,0.015905000269412994,13.859101295471191,0.0011476213112473488
3e-05,40,0.5233285427093506,2.323129653930664,6.726356029510498,4.058007717132568,0.1153462827205658,0.0,1.999999987845058e-08,0.0009380176197737455,0.31537559628486633,0.010097839869558811,13.846343994140625,0.0007292784284800291
0.0001,1,0.01530994102358818,3.3737173080444336,10.19774341583252,1.4267805814743042,0.07468671351671219,0.0,1.999999987845058e-08,0.0007942647207528353,0.2173858880996704,0.015309938229620457,13.878500938415527,0.0011031406465917826
0.0001,5,0.14145201444625854,3.1899521350860596,9.510900497436523,3.7695960998535156,0.08098766952753067,0.0,1.999999987845058e-08,0.0008482328266836703,0.2209521383047104,0.040215086191892624,13.870697021484375,0.0028992837760597467
0.0001,10,0.36484387516975403,2.2516400814056396,4.576200008392334,4.5200042724609375,0.08542509377002716,0.0,1.999999987845058e-08,0.0008664592169225216,0.21972130239009857,0.04550420120358467,13.856989860534668,0.0032838445622473955
0.0001,20,0.7519780993461609,1.6848433017730713,1.3654720783233643,3.11934494972229,0.08695775270462036,0.0,1.999999987845058e-08,0.0008712332346476614,0.2171749323606491,0.03357624262571335,13.841713905334473,0.0024257285986095667
0.0001,40,1.1408569812774658,1.7712374925613403,2.6157352924346924,0.9927085638046265,0.08566269278526306,0.0,1.999999987845058e-08,0.0008602600428275764,0.2119418829679489,0.02388591505587101,13.842639923095703,0.0017255317652598023
0.0003,1,0.04592981934547424,3.3737173080444336,10.19774341583252,1.4267805814743042,0.07468671351671219,0.0,1.999999987845058e-08,0.0007942647207528353,0.2173858880996704,0.04592981934547424,13.878210067749023,0.0033094915561378
0.0003,5,0.39736247062683105,2.5442705154418945,6.6358561515808105,3.129661798477173,0.07852014899253845,0.0,1.999999987845058e-08,0.0008367132977582514,0.21971605718135834,0.10677295178174973,13.86084270477295,0.007703207898885012
0.0003,10,0.8997831344604492,1.7135791778564453,1.4373971223831177,2.7101030349731445,0.07923613488674164,0.0,1.999999987845058e-08,0.0008392534218728542,0.21853773295879364,0.09547773748636246,13.846739768981934,0.006895322818309069
0.0003,20,1.5569593906402588,1.5605931282043457,0.3775944709777832,1.0634448528289795,0.07851078361272812,0.0,1.999999987845058e-08,0.0008319985354319215,0.2157740592956543,0.07669782638549805,13.860393524169922,0.005533596500754356
0.0003,40,2.551038980484009,1.3517459630966187,4.7955002784729,0.7098701000213623,0.07731065154075623,0.0,1.999999987845058e-08,0.000873229990247637,0.21047969162464142,0.09365500509738922,13.974093437194824,0.006702044978737831
0.001,1,0.1530994027853012,3.3737173080444336,10.19774341583252,1.4267805814743042,0.07468671351671219,0.0,1.999999987845058e-08,0.0007942647207528353,0.2173858880996704,0.1530994027853012,13.877728462219238,0.01103202160447836
0.001,5,1.0968332290649414,1.7712221145629883,2.2169597148895264,1.9250181913375854,0.07580336928367615,0.0,1.999999987845058e-08,0.0008171774679794908,0.21790790557861328,0.25789329409599304,13.865948677062988,0.01859903708100319
0.001,10,2.1257379055023193,1.5673692226409912,0.43143120408058167,1.1864700317382812,0.07547478377819061,0.0,1.999999987845058e-08,0.0008161665173247457,0.21650280058383942,0.23003144562244415,13.925328254699707,0.01651892438530922
0.001,20,3.617865800857544,1.3840396404266357,0.763534665107727,0.5204923152923584,0.07477709650993347,0.0,1.999999987845058e-08,0.0008245788048952818,0.2137574404478073,0.23711350560188293,14.186333656311035,0.016714220866560936
0.001,40,4.843547344207764,1.2771084308624268,6.2049970626831055,0.6607974171638489,0.07697772979736328,0.0,1.999999987845058e-08,0.00093030248535797,0.21453757584095,0.12156634777784348,14.552370071411133,0.00835371483117342
