optimizer,architecture,seed,memory_component,direction_label,learning_rate,radius_scale,centered_error,centered_cosine,tangent_norm,centered_fd_norm
adam,smallcnn,0,m,random_m_0,0.0003,1e-06,7.245749293360859e-05,1.0,2947.3974609375,2947.397216796875
adam,smallcnn,0,m,random_m_0,0.0003,3e-06,2.6987363526131958e-05,1.0,2947.3974609375,2947.398193359375
adam,smallcnn,0,m,random_m_0,0.0003,1e-05,8.513038665114436e-06,1.0,2947.3974609375,2947.3974609375
adam,smallcnn,0,m,random_m_0,0.0003,3e-05,2.894613089665654e-06,1.0000001192092896,2947.3974609375,2947.397216796875
adam,smallcnn,0,m,random_m_0,0.0003,0.0001,8.798432418188895e-07,1.0,2947.3974609375,2947.3974609375
adam,smallcnn,0,m,random_m_0,0.0003,0.0003,3.046517633720214e-07,1.0,2947.3974609375,2947.3974609375
adam,smallcnn,0,m,random_m_0,0.0003,0.001,1.26286636259465e-07,0.9999998807907104,2947.3974609375,2947.397705078125
adam,smallcnn,0,m,random_m_0,0.0003,0.003,8.769537629405022e-08,1.0,2947.3974609375,2947.3974609375
adam,smallcnn,0,m,random_m_0,0.0003,0.01,7.496754506064462e-08,1.0,2947.3974609375,2947.3974609375
adam,smallcnn,0,rms_global,all_parameters,0.0003,0.001,0.005718122236430645,0.9999837279319763,0.04053112864494324,0.0405326671898365
adam,smallcnn,0,rms_global,all_parameters,0.0003,0.003,0.0019029101822525263,0.999998152256012,0.04053112864494324,0.0405312106013298
adam,smallcnn,0,rms_global,all_parameters,0.0003,0.01,0.0005750463460572064,0.9999997615814209,0.04053112864494324,0.04053150862455368
adam,smallcnn,0,rms_global,all_parameters,0.0003,0.03,0.00021995537099428475,1.0,0.04053112864494324,0.04053255170583725
adam,smallcnn,0,rms_global,all_parameters,0.0003,0.1,0.0019442499615252018,0.999998152256012,0.04053112864494324,0.040546778589487076
adam,smallcnn,0,rms_layerwise,features.0.weight,0.0003,0.001,0.015707356855273247,0.9998767375946045,0.0037265100982040167,0.0037284158170223236
adam,smallcnn,0,rms_layerwise,features.0.weight,0.0003,0.003,0.005275957752019167,0.9999859929084778,0.0037265100982040167,0.003726542927324772
adam,smallcnn,0,rms_layerwise,features.0.weight,0.0003,0.01,0.0016164359403774142,0.9999986290931702,0.0037265100982040167,0.003726658644154668
adam,smallcnn,0,rms_layerwise,features.0.weight,0.0003,0.03,0.0005387604469433427,0.9999998211860657,0.0037265100982040167,0.0037266938015818596
adam,smallcnn,0,rms_layerwise,features.0.weight,0.0003,0.1,0.001226845197379589,0.999999463558197,0.0037265100982040167,0.003729149466380477
adam,smallcnn,0,rms_random_layerwise,random_layerwise_0,0.0003,0.001,0.023858841508626938,0.9997153282165527,0.009535349905490875,0.009537728503346443
adam,smallcnn,0,rms_random_layerwise,random_layerwise_0,0.0003,0.003,0.008027052506804466,0.9999677538871765,0.009535349905490875,0.00953548401594162
adam,smallcnn,0,rms_random_layerwise,random_layerwise_0,0.0003,0.01,0.00241161254234612,0.9999971389770508,0.009535349905490875,0.009535426273941994
adam,smallcnn,0,rms_random_layerwise,random_layerwise_0,0.0003,0.03,0.000805752701126039,0.9999997019767761,0.009535349905490875,0.009535443037748337
adam,smallcnn,0,rms_random_layerwise,random_layerwise_0,0.0003,0.1,0.00027735382900573313,0.9999998211860657,0.009535349905490875,0.009535694494843483
