epoch,step,loss
0,1,1.609407663345337
0,2,1.6123169660568237
0,3,1.614471197128296
0,4,1.6023173332214355
0,5,1.5949645042419434
0,6,1.5765161514282227
0,7,1.56765878200531
0,8,1.5619374513626099
0,9,1.5161857604980469
0,10,1.4940805435180664
0,11,1.5106481313705444
0,12,1.5771899223327637
0,13,1.5054428577423096
0,14,1.5614080429077148
0,15,1.5015807151794434
0,16,1.5052465200424194
0,17,1.5062845945358276
0,18,1.5141628980636597
0,19,1.479264736175537
0,20,1.503374457359314
0,21,1.5056540966033936
0,22,1.4734320640563965
0,23,1.4705926179885864
0,24,1.4952207803726196
0,25,1.5633785724639893
0,26,1.442499041557312
0,27,1.463263988494873
0,28,1.3921808004379272
0,29,1.483725666999817
0,30,1.4541611671447754
0,31,1.445534110069275
0,32,1.4204435348510742
0,33,1.4226629734039307
0,34,1.37684965133667
0,35,1.4537863731384277
0,36,1.447990894317627
0,37,1.4803202152252197
0,38,1.4476087093353271
0,39,1.4158051013946533
0,40,1.429046630859375
1,41,1.5099633932113647
1,42,1.4254989624023438
1,43,1.4422104358673096
1,44,1.4085689783096313
1,45,1.4048399925231934
1,46,1.4162719249725342
1,47,1.485878586769104
1,48,1.5556602478027344
1,49,1.4683912992477417
1,50,1.434579849243164
1,51,1.4013524055480957
1,52,1.4015920162200928
1,53,1.4408520460128784
1,54,1.467172384262085
1,55,1.4539122581481934
1,56,1.4605616331100464
1,57,1.3862202167510986
1,58,1.435461163520813
1,59,1.4110904932022095
1,60,1.2979965209960938
1,61,1.4207468032836914
1,62,1.30301833152771
1,63,1.3317089080810547
1,64,1.3587689399719238
1,65,1.337467908859253
1,66,1.3583674430847168
1,67,1.3829457759857178
1,68,1.447792649269104
1,69,1.3385002613067627
1,70,1.4302217960357666
1,71,1.2787731885910034
1,72,1.3745949268341064
1,73,1.3021738529205322
1,74,1.4029344320297241
1,75,1.3561255931854248
1,76,1.3333086967468262
1,77,1.3238542079925537
1,78,1.391158103942871
1,79,1.2840046882629395
1,80,0.9842106699943542
2,81,1.653212547302246
2,82,1.4497047662734985
2,83,1.4074453115463257
2,84,1.3769466876983643
2,85,1.5179476737976074
2,86,1.3567836284637451
2,87,1.2278811931610107
2,88,1.3120782375335693
2,89,1.3767530918121338
2,90,1.3577349185943604
2,91,1.3628058433532715
2,92,1.3752248287200928
2,93,1.2499920129776
2,94,1.2983859777450562
2,95,1.2773206233978271
2,96,1.2853528261184692
2,97,1.3375890254974365
2,98,1.2977772951126099
2,99,1.2207258939743042
2,100,1.3388309478759766
2,101,1.327684760093689
2,102,1.2044169902801514
2,103,1.279842495918274
2,104,1.256132960319519
2,105,1.3390545845031738
2,106,1.2902241945266724
2,107,1.2195384502410889
2,108,1.2771267890930176
2,109,1.2264199256896973
2,110,1.2376512289047241
2,111,1.2480756044387817
2,112,1.2273244857788086
2,113,1.2412376403808594
2,114,1.3559187650680542
2,115,1.2618077993392944
2,116,1.3397488594055176
2,117,1.3005075454711914
2,118,1.1286168098449707
2,119,1.2635074853897095
2,120,1.0275230407714844
3,121,1.171481728553772
3,122,1.194449543952942
3,123,1.265063762664795
3,124,1.158168077468872
3,125,1.2665982246398926
3,126,1.2900469303131104
3,127,1.2621568441390991
3,128,1.1232600212097168
3,129,1.149522304534912
3,130,1.2974101305007935
3,131,1.2570334672927856
3,132,1.2859370708465576
3,133,1.2386984825134277
3,134,1.2766703367233276
3,135,1.167779803276062
3,136,1.1314767599105835
3,137,1.260707139968872
3,138,1.1800453662872314
3,139,1.1345444917678833
3,140,1.1755390167236328
3,141,1.2103909254074097
3,142,1.2791080474853516
3,143,1.267582654953003
3,144,1.2338329553604126
3,145,1.4167141914367676
3,146,1.1569888591766357
3,147,1.1804580688476562
3,148,1.200418472290039
3,149,1.4145822525024414
3,150,1.2193024158477783
3,151,1.0952081680297852
3,152,1.3351387977600098
3,153,1.2397468090057373
3,154,1.140151023864746
3,155,1.1812009811401367
3,156,1.1057260036468506
3,157,1.1490497589111328
3,158,1.2449111938476562
3,159,1.183138132095337
3,160,0.8517178893089294
4,161,1.0969257354736328
4,162,1.214479684829712
4,163,1.1753638982772827
4,164,1.1101278066635132
4,165,1.2869861125946045
4,166,1.1590251922607422
4,167,1.3090466260910034
4,168,1.2782964706420898
4,169,1.1936099529266357
4,170,1.3609113693237305
4,171,1.1733551025390625
4,172,1.1182770729064941
4,173,1.212851881980896
4,174,1.0742709636688232
4,175,1.090834379196167
4,176,1.197845458984375
4,177,1.084126591682434
4,178,1.105586051940918
4,179,1.1868706941604614
4,180,1.152371883392334
4,181,1.1216518878936768
4,182,1.2370697259902954
4,183,1.101865530014038
4,184,1.1539487838745117
4,185,1.1595348119735718
4,186,1.137080192565918
4,187,1.0017837285995483
4,188,1.2032716274261475
4,189,1.1127122640609741
4,190,1.1717970371246338
4,191,1.1742377281188965
4,192,1.3673644065856934
4,193,1.2672966718673706
4,194,1.0491694211959839
4,195,1.1700612306594849
4,196,1.1254396438598633
4,197,1.1800813674926758
4,198,1.1814284324645996
4,199,1.1214663982391357
4,200,1.4149327278137207
5,201,1.281508445739746
5,202,1.1017274856567383
5,203,1.3391426801681519
5,204,1.1454219818115234
5,205,1.2790412902832031
5,206,1.2081656455993652
5,207,1.2643007040023804
5,208,1.1844744682312012
5,209,1.098719596862793
5,210,1.2516326904296875
5,211,1.123147964477539
5,212,1.0762214660644531
5,213,1.0852606296539307
5,214,1.0313528776168823
5,215,1.2143754959106445
5,216,1.1554065942764282
5,217,1.1278343200683594
5,218,1.2068196535110474
5,219,1.1003252267837524
5,220,1.1611227989196777
5,221,1.2183926105499268
5,222,1.0097546577453613
5,223,1.0925357341766357
5,224,1.100740671157837
5,225,1.1019772291183472
5,226,1.3213797807693481
5,227,1.158137321472168
5,228,1.190708041191101
5,229,1.1492177248001099
5,230,1.0656992197036743
5,231,1.1837834119796753
5,232,1.066598653793335
5,233,1.120015025138855
5,234,1.1819212436676025
5,235,1.2096766233444214
5,236,1.08042573928833
5,237,1.1090102195739746
5,238,0.9921926259994507
5,239,1.1038082838058472
5,240,1.6857640743255615
6,241,1.1060006618499756
6,242,1.2765740156173706
6,243,1.2378122806549072
6,244,1.1205915212631226
6,245,1.1888229846954346
6,246,1.286783218383789
6,247,1.1161960363388062
6,248,1.3005708456039429
6,249,1.140669584274292
6,250,1.1335899829864502
6,251,1.2899836301803589
6,252,1.0927209854125977
6,253,1.1372129917144775
6,254,1.2362549304962158
6,255,1.153527021408081
6,256,1.1439075469970703
6,257,1.2278926372528076
6,258,1.063904047012329
6,259,1.0789015293121338
6,260,1.149655818939209
6,261,1.0122824907302856
6,262,1.111992597579956
6,263,1.0564560890197754
6,264,1.0012916326522827
6,265,1.1228761672973633
6,266,1.086639642715454
6,267,1.116310477256775
6,268,1.1183350086212158
6,269,1.1008433103561401
6,270,1.0017058849334717
6,271,1.0600810050964355
6,272,1.195494532585144
6,273,1.0129504203796387
6,274,1.0043954849243164
6,275,1.0992740392684937
6,276,1.1654870510101318
6,277,1.1081007719039917
6,278,1.190723180770874
6,279,0.9812825918197632
6,280,1.2565114498138428
7,281,1.0774338245391846
7,282,1.1064395904541016
7,283,1.0175549983978271
7,284,0.9969290494918823
7,285,1.073039174079895
7,286,0.9867818355560303
7,287,1.1681182384490967
7,288,1.0884279012680054
7,289,1.0692198276519775
7,290,1.2408447265625
7,291,1.1273211240768433
7,292,1.1265815496444702
7,293,1.0552005767822266
7,294,1.1173617839813232
7,295,1.0866411924362183
7,296,1.0201977491378784
7,297,1.006211519241333
7,298,1.049940824508667
7,299,1.0681407451629639
7,300,0.9139899015426636
7,301,1.0449252128601074
7,302,1.044737696647644
7,303,0.8593652844429016
7,304,1.1250693798065186
7,305,0.9811006784439087
7,306,1.0410983562469482
7,307,1.0220674276351929
7,308,0.9801263213157654
7,309,1.0425114631652832
7,310,0.9523076415061951
7,311,0.9454401731491089
7,312,1.1002811193466187
7,313,1.0914061069488525
7,314,1.1095421314239502
7,315,0.960971474647522
7,316,1.0469212532043457
7,317,1.145948052406311
7,318,1.0551137924194336
7,319,0.995516300201416
7,320,1.3720697164535522
8,321,1.0815839767456055
8,322,0.9896619319915771
8,323,1.1068363189697266
8,324,1.240546464920044
8,325,1.0480560064315796
8,326,0.9669873118400574
8,327,1.1820223331451416
8,328,0.9878358840942383
8,329,1.028872013092041
8,330,1.076183557510376
8,331,1.0911178588867188
8,332,1.0540642738342285
8,333,1.0892910957336426
8,334,1.2717626094818115
8,335,1.0235384702682495
8,336,1.0902055501937866
8,337,1.1008741855621338
8,338,1.1470755338668823
8,339,1.1891899108886719
8,340,1.0458818674087524
8,341,1.1841771602630615
8,342,0.9350564479827881
8,343,1.0679346323013306
8,344,1.0839688777923584
8,345,0.9887346029281616
8,346,1.0791904926300049
8,347,0.9116135835647583
8,348,0.93105548620224
8,349,1.0107927322387695
8,350,1.004460096359253
8,351,1.1331051588058472
8,352,0.9052007794380188
8,353,0.8711360096931458
8,354,1.0827343463897705
8,355,1.1287260055541992
8,356,0.9882911443710327
8,357,1.025273084640503
8,358,1.145430326461792
8,359,1.0746179819107056
8,360,0.9341865181922913
9,361,1.0469262599945068
9,362,0.9914812445640564
9,363,1.0647071599960327
9,364,1.0161433219909668
9,365,1.0334415435791016
9,366,1.0994269847869873
9,367,0.9449800848960876
9,368,0.9985470771789551
9,369,0.9478735327720642
9,370,1.0802518129348755
9,371,0.9420695900917053
9,372,1.0558099746704102
9,373,1.0522468090057373
9,374,1.131874680519104
9,375,1.105238676071167
9,376,1.001891016960144
9,377,0.9545602202415466
9,378,0.9336743354797363
9,379,1.0804308652877808
9,380,0.9269070625305176
9,381,0.9035860300064087
9,382,0.9980131983757019
9,383,1.0701841115951538
9,384,0.9644986391067505
9,385,1.1046500205993652
9,386,0.9966899752616882
9,387,1.0911109447479248
9,388,1.12335205078125
9,389,1.0083012580871582
9,390,1.031930923461914
9,391,1.0183629989624023
9,392,0.9883891344070435
9,393,1.0672388076782227
9,394,0.9704247713088989
9,395,1.0064406394958496
9,396,0.9791208505630493
9,397,1.0437874794006348
9,398,0.9464066028594971
9,399,1.0493903160095215
9,400,0.7046281695365906
10,401,0.8856037259101868
10,402,1.0527739524841309
10,403,1.1447436809539795
10,404,1.039104700088501
10,405,0.9713821411132812
10,406,1.0065069198608398
10,407,1.226539969444275
10,408,1.0829049348831177
10,409,1.116697072982788
10,410,0.9487265944480896
10,411,1.0152429342269897
10,412,0.949406623840332
10,413,0.9820950031280518
10,414,1.0045356750488281
10,415,1.2914202213287354
10,416,0.9756855368614197
10,417,1.1093555688858032
10,418,1.0906116962432861
10,419,0.9406801462173462
10,420,0.9398335218429565
10,421,1.0419418811798096
10,422,1.0167062282562256
10,423,0.9295982122421265
10,424,0.8726361989974976
10,425,0.8557072877883911
10,426,0.8735531568527222
10,427,1.0661184787750244
10,428,1.0435447692871094
10,429,0.9602378010749817
10,430,0.9560682773590088
10,431,1.000091791152954
10,432,0.9314438104629517
10,433,0.9623401165008545
10,434,1.025856375694275
10,435,1.0222641229629517
10,436,0.9429866075515747
10,437,0.9364526271820068
10,438,1.16823410987854
10,439,0.89481520652771
10,440,1.1147215366363525
11,441,1.0040777921676636
11,442,0.9753661155700684
11,443,0.9780883193016052
11,444,0.8951305150985718
11,445,1.0241988897323608
11,446,1.0677883625030518
11,447,0.9315375089645386
11,448,1.0805625915527344
11,449,0.9552792906761169
11,450,0.9570598006248474
11,451,1.1471036672592163
11,452,0.9584168195724487
11,453,0.8748515844345093
11,454,1.0425689220428467
11,455,0.9536302089691162
11,456,0.9431689381599426
11,457,1.0216858386993408
11,458,1.1464488506317139
11,459,0.9661908745765686
11,460,0.9822982549667358
11,461,1.011805772781372
11,462,1.1013998985290527
11,463,1.1405577659606934
11,464,1.1437220573425293
11,465,0.981884777545929
11,466,0.9414018392562866
11,467,1.144646167755127
11,468,1.1072163581848145
11,469,0.9310526847839355
11,470,0.8918697834014893
11,471,1.0826588869094849
11,472,0.9564274549484253
11,473,0.8968294858932495
11,474,0.9570083022117615
11,475,0.9707319736480713
11,476,0.941023588180542
11,477,0.9357678890228271
11,478,1.0644320249557495
11,479,0.9882962703704834
11,480,0.9272586703300476
