direction,direction_label,radius_scale,centered_error,centered_cosine,endpoint_error,endpoint_cosine,tangent_norm,true_endpoint_norm,coordinate_norm
0,features.0.weight,0.1,0.9716636538505554,0.2418796718120575,0.997422993183136,0.08472087234258652,0.11129800975322723,0.08575927466154099,29.393877029418945
1,features.0.bias,0.1,0.9636980891227722,0.2675228714942932,0.9862120747566223,0.16557839512825012,0.02314707823097706,0.01446085050702095,5.656854152679443
2,features.2.weight,0.1,0.9496088624000549,0.3652400076389313,1.0112762451171875,0.18182159960269928,0.4253090023994446,0.10177010297775269,96.0
3,features.2.bias,0.1,0.9894905090332031,0.1455719769001007,0.9936246275901794,0.11432041227817535,0.02198665402829647,0.023053748533129692,5.656854152679443
4,features.5.weight,0.1,0.8911832571029663,0.46786484122276306,0.9970958828926086,0.2822490334510803,0.5526566505432129,0.09975218027830124,135.76449584960938
5,features.5.bias,0.01,0.9956051111221313,0.09421055763959885,0.9988285899162292,0.05088943988084793,0.03505006060004234,0.005258964840322733,8.0
6,features.7.weight,0.1,0.6322202682495117,0.7770199775695801,0.8859068751335144,0.4645940661430359,0.5923615097999573,0.12073133885860443,192.0
7,features.7.bias,0.03,0.958802342414856,0.28407880663871765,0.9788855314254761,0.20442695915699005,0.030881261453032494,0.0044722966849803925,8.0
8,features.10.weight,0.1,0.5912405252456665,0.806562066078186,0.852920651435852,0.5221154093742371,0.6511215567588806,0.12263146042823792,271.52899169921875
9,features.10.bias,0.1,0.9712976217269897,0.23789726197719574,0.9751279950141907,0.2216891050338745,0.04215269908308983,0.019412260502576828,11.313708305358887
10,fc.weight,0.1,0.9226553440093994,0.3861181139945984,0.9385910034179688,0.34682950377464294,0.07850761711597443,0.02054666541516781,25.298221588134766
11,fc.bias,0.1,0.9910814166069031,0.13336549699306488,0.9976591467857361,0.06846874207258224,0.006016123108565807,0.008365809917449951,2.2360680103302
