learning_rate,memory_component,horizon,radius_scale,centered_error,centered_cosine,endpoint_error,endpoint_cosine,tangent_norm,true_endpoint_norm,n_seeds
0.0003,m,1,0.01,7.51839692725298e-08,1.0,7.598648821272036e-08,1.0000000894069672,2962.173095703125,29.621728897094727,1
0.0003,m,5,3e-05,0.01345429359935224,0.9999037683010101,0.024805618915706873,0.999672457575798,12084.1416015625,0.3622819110751152,1
0.0003,m,10,3e-05,0.05580675508826971,0.9983457624912262,0.08183903247117996,0.9964217990636826,18998.1572265625,0.5683279186487198,1
0.0003,m,20,3e-05,0.20074081048369408,0.9782918989658356,0.26943179219961166,0.962209478020668,24866.11083984375,0.7542744725942612,1
0.0003,m,40,0.0001,0.41266626864671707,0.9208089858293533,0.5226035192608833,0.8654838055372238,27947.71923828125,2.7454750537872314,1
0.0003,rms_global,1,0.03,0.00021995537099428475,1.0,0.01210226584225893,0.9999896287918091,0.04053112864494324,0.0012024597963318229,1
0.0003,rms_global,5,0.1,0.12366259843111038,0.992510199546814,0.16420234739780426,0.9871509075164795,0.27225181460380554,0.026562372222542763,1
0.0003,rms_global,10,0.1,0.4219449460506439,0.9125186204910278,0.5088072419166565,0.8674607276916504,0.525132417678833,0.053909268230199814,1
0.0003,rms_global,20,0.1,0.8844257593154907,0.5208609700202942,0.9477187991142273,0.3861764967441559,0.9521996974945068,0.15773527324199677,1
0.0003,rms_global,40,0.1,0.9950698614120483,0.24606391787528992,1.0092271566390991,0.18922387063503265,1.8851159811019897,0.44634589552879333,1
0.0003,rms_layerwise,1,0.03,0.00032079338780022226,0.999999945362409,0.012457505411778888,0.9999901254971822,0.0074773939134805305,0.0002218312664202434,1
0.0003,rms_layerwise,5,0.1,0.15380255528725684,0.9781217724084854,0.1710642014319698,0.9768556505441666,0.05414355697333425,0.00536628978503965,1
0.0003,rms_layerwise,10,0.1,0.46417124072710675,0.8556383202473322,0.5051919408142567,0.8167853529254595,0.117491126661965,0.013360461558477255,1
0.0003,rms_layerwise,20,0.1,0.9057777871688207,0.3376734680496156,0.9680897295475006,0.21922325467069945,0.21420735190622509,0.055331718254213534,1
0.0003,rms_layerwise,40,0.1,0.9845683525005976,0.1568725275574252,0.9956723898649216,0.09962246768797438,0.37268092079708975,0.20613546669483185,1
0.0003,rms_random_layerwise,1,0.1,0.0003325582656543702,0.9999998956918716,0.015271253185346723,0.999928742647171,0.011658906820230186,0.0011765165836550295,1
0.0003,rms_random_layerwise,5,0.1,0.1299982015043497,0.9890565872192383,0.16109199542552233,0.9813428670167923,0.08346655778586864,0.00847678876016289,1
0.0003,rms_random_layerwise,10,0.1,0.39675286412239075,0.9141792207956314,0.5399630144238472,0.8346097767353058,0.17836138047277927,0.02064711367711425,1
0.0003,rms_random_layerwise,20,0.1,0.8349100649356842,0.5330192074179649,0.9464241713285446,0.30857503041625023,0.30156148225069046,0.09329749178141356,1
0.0003,rms_random_layerwise,40,0.1,0.9698981940746307,0.2392752319574356,0.9912427216768265,0.12990184687078,0.47345131635665894,0.3114590160548687,1
