learning_rate,memory_component,tangent_model,horizon,radius_scale,n_seeds,n_seed_direction_means,endpoint_error,endpoint_error_lo,endpoint_error_hi,centered_error,centered_error_lo,centered_error_hi,endpoint_cosine,endpoint_cosine_lo,endpoint_cosine_hi,centered_cosine,centered_cosine_lo,centered_cosine_hi,tangent_norm,tangent_norm_lo,tangent_norm_hi,true_endpoint_norm,true_endpoint_norm_lo,true_endpoint_norm_hi,centered_fd_norm,centered_fd_norm_lo,centered_fd_norm_hi,selection
0.0003,m,full_coupled,1,0.01,1,1,7.598648821272036e-08,,,7.51839692725298e-08,,,1.0000000894069672,,,1.0,,,2962.173095703125,,,29.621728897094727,,,2962.1728515625,,,min_centered_error_scale
0.0003,m,full_coupled,5,3e-05,1,1,0.024805618915706873,,,0.01345429359935224,,,0.999672457575798,,,0.9999037683010101,,,12084.1416015625,,,0.3622819110751152,,,12080.899658203125,,,min_centered_error_scale
0.0003,m,full_coupled,10,3e-05,1,1,0.08183903247117996,,,0.05580675508826971,,,0.9964217990636826,,,0.9983457624912262,,,18998.1572265625,,,0.5683279186487198,,,18943.1689453125,,,min_centered_error_scale
0.0003,m,full_coupled,20,3e-05,1,1,0.26943179219961166,,,0.20074081048369408,,,0.962209478020668,,,0.9782918989658356,,,24866.11083984375,,,0.7542744725942612,,,24804.94873046875,,,min_centered_error_scale
0.0003,m,full_coupled,40,0.0001,1,1,0.5226035192608833,,,0.41266626864671707,,,0.8654838055372238,,,0.9208089858293533,,,27947.71923828125,,,2.7454750537872314,,,26180.4560546875,,,min_centered_error_scale
0.0003,rms_global,full_coupled,1,0.03,1,1,0.01210226584225893,,,0.00021995537099428475,,,0.9999896287918091,,,1.0,,,0.04053112864494324,,,0.0012024597963318229,,,0.04053255170583725,,,min_centered_error_scale
0.0003,rms_global,full_coupled,5,0.1,1,1,0.16420234739780426,,,0.12366259843111038,,,0.9871509075164795,,,0.992510199546814,,,0.27225181460380554,,,0.026562372222542763,,,0.2690981328487396,,,min_centered_error_scale
0.0003,rms_global,full_coupled,10,0.1,1,1,0.5088072419166565,,,0.4219449460506439,,,0.8674607276916504,,,0.9125186204910278,,,0.525132417678833,,,0.053909268230199814,,,0.5168153643608093,,,min_centered_error_scale
0.0003,rms_global,full_coupled,20,0.1,1,1,0.9477187991142273,,,0.8844257593154907,,,0.3861764967441559,,,0.5208609700202942,,,0.9521996974945068,,,0.15773527324199677,,,1.2659318447113037,,,min_centered_error_scale
0.0003,rms_global,full_coupled,40,0.1,1,1,1.0092271566390991,,,0.9950698614120483,,,0.18922387063503265,,,0.24606391787528992,,,1.8851159811019897,,,0.44634589552879333,,,4.000194072723389,,,min_centered_error_scale
0.0003,rms_layerwise,full_coupled,1,0.03,1,1,0.012457505411778888,,,0.00032079338780022226,,,0.9999901254971822,,,0.999999945362409,,,0.0074773939134805305,,,0.0002218312664202434,,,0.007477681524809062,,,min_centered_error_scale
0.0003,rms_layerwise,full_coupled,5,0.1,1,1,0.1710642014319698,,,0.15380255528725684,,,0.9768556505441666,,,0.9781217724084854,,,0.05414355697333425,,,0.00536628978503965,,,0.05482131321089886,,,min_centered_error_scale
0.0003,rms_layerwise,full_coupled,10,0.1,1,1,0.5051919408142567,,,0.46417124072710675,,,0.8167853529254595,,,0.8556383202473322,,,0.117491126661965,,,0.013360461558477255,,,0.12708540747795874,,,min_centered_error_scale
0.0003,rms_layerwise,full_coupled,20,0.1,1,1,0.9680897295475006,,,0.9057777871688207,,,0.21922325467069945,,,0.3376734680496156,,,0.21420735190622509,,,0.055331718254213534,,,0.3846007914592822,,,min_centered_error_scale
0.0003,rms_layerwise,full_coupled,40,0.1,1,1,0.9956723898649216,,,0.9845683525005976,,,0.09962246768797438,,,0.1568725275574252,,,0.37268092079708975,,,0.20613546669483185,,,1.2758693943421047,,,min_centered_error_scale
0.0003,rms_random_layerwise,full_coupled,1,0.1,1,1,0.015271253185346723,,,0.0003325582656543702,,,0.999928742647171,,,0.9999998956918716,,,0.011658906820230186,,,0.0011765165836550295,,,0.011659872252494097,,,min_centered_error_scale
0.0003,rms_random_layerwise,full_coupled,5,0.1,1,1,0.16109199542552233,,,0.1299982015043497,,,0.9813428670167923,,,0.9890565872192383,,,0.08346655778586864,,,0.00847678876016289,,,0.083876246586442,,,min_centered_error_scale
0.0003,rms_random_layerwise,full_coupled,10,0.1,1,1,0.5399630144238472,,,0.39675286412239075,,,0.8346097767353058,,,0.9141792207956314,,,0.17836138047277927,,,0.02064711367711425,,,0.18911332078278065,,,min_centered_error_scale
0.0003,rms_random_layerwise,full_coupled,20,0.1,1,1,0.9464241713285446,,,0.8349100649356842,,,0.30857503041625023,,,0.5330192074179649,,,0.30156148225069046,,,0.09329749178141356,,,0.5067967548966408,,,min_centered_error_scale
0.0003,rms_random_layerwise,full_coupled,40,0.1,1,1,0.9912427216768265,,,0.9698981940746307,,,0.12990184687078,,,0.2392752319574356,,,0.47345131635665894,,,0.3114590160548687,,,1.6111968457698822,,,min_centered_error_scale
0.001,m,full_coupled,1,0.01,1,1,7.293564863175561e-08,,,7.477114749576685e-08,,,1.0000000298023224,,,0.9999999701976776,,,9873.91015625,,,98.73909759521484,,,9873.909912109375,,,min_centered_error_scale
0.001,m,full_coupled,5,3e-05,1,1,0.1142251156270504,,,0.0808534249663353,,,0.9935339987277985,,,0.9968007206916809,,,39805.986328125,,,1.1834169030189514,,,39321.7041015625,,,min_centered_error_scale
0.001,m,full_coupled,10,3e-05,1,1,0.3316202163696289,,,0.25298529863357544,,,0.9465823322534561,,,0.9696380794048309,,,61785.5966796875,,,1.8068651854991913,,,59283.5380859375,,,min_centered_error_scale
0.001,m,full_coupled,20,3e-05,1,1,0.7865349054336548,,,0.6899100542068481,,,0.7096412628889084,,,0.8056096583604813,,,92746.04296875,,,2.6517451405525208,,,79957.23046875,,,min_centered_error_scale
0.001,m,full_coupled,40,1e-06,1,1,0.9969624876976013,,,0.9947086274623871,,,0.07710463902913034,,,0.13924159482121468,,,150900.16796875,,,1.4899011254310608,,,698405.3125,,,min_centered_error_scale
0.001,rms_global,full_coupled,1,0.03,1,1,0.012096640653908253,,,0.000120142700325232,,,0.9999898076057434,,,1.0,,,0.1351037621498108,,,0.004008194897323847,,,0.13510847091674805,,,min_centered_error_scale
0.001,rms_global,full_coupled,5,0.1,1,1,0.5765690207481384,,,0.5048074126243591,,,0.8216229677200317,,,0.8670197129249573,,,0.7379531264305115,,,0.08125419169664383,,,0.7784517407417297,,,min_centered_error_scale
0.001,rms_global,full_coupled,10,0.03,1,1,0.9765750169754028,,,0.9595456719398499,,,0.21745119988918304,,,0.2815749943256378,,,1.614395022392273,,,0.19464799761772156,,,5.8063740730285645,,,min_centered_error_scale
0.001,rms_global,full_coupled,20,0.03,1,1,0.9872999787330627,,,0.9927583932876587,,,0.15886729955673218,,,0.12615348398685455,,,3.6556594371795654,,,0.6922115087509155,,,22.198843002319336,,,min_centered_error_scale
0.001,rms_global,full_coupled,40,0.03,1,1,1.009399175643921,,,0.9944366216659546,,,0.008120628073811531,,,0.12099548429250717,,,7.482685089111328,,,1.5397592782974243,,,41.44898986816406,,,min_centered_error_scale
0.001,rms_layerwise,full_coupled,1,0.03,1,1,0.012517346845318874,,,0.00014178915262164082,,,0.9999902248382568,,,0.9999999503294627,,,0.024924646257810917,,,0.0007394345617133998,,,0.024925582110881805,,,min_centered_error_scale
0.001,rms_layerwise,full_coupled,5,0.1,1,1,0.5793151824424664,,,0.46676672125856083,,,0.7685183212161064,,,0.8490272214015325,,,0.1553727807283091,,,0.01998259108950151,,,0.18130867006645227,,,min_centered_error_scale
0.001,rms_layerwise,full_coupled,10,0.1,1,1,0.9669918318589529,,,0.9349992970625559,,,0.2050490740997096,,,0.2876258449008067,,,0.3271226696282004,,,0.1024335961168011,,,0.7545234418163697,,,min_centered_error_scale
0.001,rms_layerwise,full_coupled,20,0.1,1,1,0.9978433549404144,,,0.9912292609612147,,,0.049061090258571007,,,0.09607992717064917,,,0.6811483629668752,,,0.6311011910438538,,,3.516126682360967,,,min_centered_error_scale
0.001,rms_layerwise,full_coupled,40,0.03,1,1,1.0006810476382573,,,0.9982671091953913,,,-0.012206977662572172,,,0.05992858078752761,,,1.2597192550698917,,,1.3554356048504512,,,20.88946787516276,,,min_centered_error_scale
0.001,rms_random_layerwise,full_coupled,1,0.1,1,1,0.015264194458723068,,,0.0002225315311079612,,,0.999928891658783,,,0.9999999403953552,,,0.03886302234604955,,,0.003921724564861506,,,0.03886624285951257,,,min_centered_error_scale
0.001,rms_random_layerwise,full_coupled,5,0.01,1,1,0.6628539264202118,,,0.5658450722694397,,,0.6915773674845695,,,0.7973701804876328,,,0.23634104803204536,,,0.0036251310957595706,,,0.29725825414061546,,,min_centered_error_scale
0.001,rms_random_layerwise,full_coupled,10,0.1,1,1,0.9581503570079803,,,0.9180896431207657,,,0.2814265228807926,,,0.3883703723549843,,,0.45326169580221176,,,0.16221068613231182,,,1.1293094456195831,,,min_centered_error_scale
0.001,rms_random_layerwise,full_coupled,20,0.1,1,1,0.996335968375206,,,0.9842050075531006,,,0.09199796454049647,,,0.16815283335745335,,,0.8860979378223419,,,0.7478178888559341,,,4.286869168281555,,,min_centered_error_scale
0.001,rms_random_layerwise,full_coupled,40,0.1,1,1,1.0008781105279922,,,0.995831310749054,,,0.054206413216888905,,,0.13076807744801044,,,1.6791009902954102,,,1.7359585165977478,,,8.528693675994873,,,min_centered_error_scale
