learning_rate,memory_component,tangent_model_full,horizon,radius_scale_full,n_seeds_full,n_seed_direction_means_full,endpoint_error_full,endpoint_error_lo_full,endpoint_error_hi_full,centered_error_full,centered_error_lo_full,centered_error_hi_full,endpoint_cosine_full,endpoint_cosine_lo_full,endpoint_cosine_hi_full,centered_cosine_full,centered_cosine_lo_full,centered_cosine_hi_full,tangent_norm_full,tangent_norm_lo_full,tangent_norm_hi_full,true_endpoint_norm_full,true_endpoint_norm_lo_full,true_endpoint_norm_hi_full,centered_fd_norm_full,centered_fd_norm_lo_full,centered_fd_norm_hi_full,selection_full,tangent_model_restricted,radius_scale_restricted,n_seeds_restricted,n_seed_direction_means_restricted,endpoint_error_restricted,endpoint_error_lo_restricted,endpoint_error_hi_restricted,centered_error_restricted,centered_error_lo_restricted,centered_error_hi_restricted,endpoint_cosine_restricted,endpoint_cosine_lo_restricted,endpoint_cosine_hi_restricted,centered_cosine_restricted,centered_cosine_lo_restricted,centered_cosine_hi_restricted,tangent_norm_restricted,tangent_norm_lo_restricted,tangent_norm_hi_restricted,true_endpoint_norm_restricted,true_endpoint_norm_lo_restricted,true_endpoint_norm_hi_restricted,centered_fd_norm_restricted,centered_fd_norm_lo_restricted,centered_fd_norm_hi_restricted,selection_restricted
0.0003,m,full_coupled,1,0.01,1,1,7.598648821272036e-08,,,7.51839692725298e-08,,,1.0000000894069672,,,1.0,,,2962.173095703125,,,29.621728897094727,,,2962.1728515625,,,min_centered_error_scale,restricted_no_dv,0.01,1,1,7.598648821272036e-08,,,7.51839692725298e-08,,,1.0000000894069672,,,1.0,,,2962.173095703125,,,29.621728897094727,,,2962.1728515625,,,min_centered_error_scale
0.0003,m,full_coupled,5,3e-05,1,1,0.024805618915706873,,,0.01345429359935224,,,0.999672457575798,,,0.9999037683010101,,,12084.1416015625,,,0.3622819110751152,,,12080.899658203125,,,min_centered_error_scale,restricted_no_dv,3e-05,1,1,0.026977895759046078,,,0.015390631277114153,,,0.9996076375246048,,,0.9998720288276672,,,12085.83544921875,,,0.3622819110751152,,,12080.899658203125,,,min_centered_error_scale
0.0003,m,full_coupled,10,3e-05,1,1,0.08183903247117996,,,0.05580675508826971,,,0.9964217990636826,,,0.9983457624912262,,,18998.1572265625,,,0.5683279186487198,,,18943.1689453125,,,min_centered_error_scale,restricted_no_dv,3e-05,1,1,0.09586639329791069,,,0.06847650837153196,,,0.9948454648256302,,,0.9974004328250885,,,19035.4267578125,,,0.5683279186487198,,,18943.1689453125,,,min_centered_error_scale
0.0003,m,full_coupled,20,3e-05,1,1,0.26943179219961166,,,0.20074081048369408,,,0.962209478020668,,,0.9782918989658356,,,24866.11083984375,,,0.7542744725942612,,,24804.94873046875,,,min_centered_error_scale,restricted_no_dv,3e-05,1,1,0.6468390673398972,,,0.5818387940526009,,,0.8298268467187881,,,0.8657778352499008,,,29791.24853515625,,,0.7542744725942612,,,24804.94873046875,,,min_centered_error_scale
0.0003,m,full_coupled,40,0.0001,1,1,0.5226035192608833,,,0.41266626864671707,,,0.8654838055372238,,,0.9208089858293533,,,27947.71923828125,,,2.7454750537872314,,,26180.4560546875,,,min_centered_error_scale,restricted_no_dv,1e-06,1,1,2.4186324179172516,,,3.543172597885132,,,-0.16577810049057007,,,-0.15869294106960297,,,361259.3046875,,,0.16257130354642868,,,106263.58984375,,,min_centered_error_scale
0.001,m,full_coupled,1,0.01,1,1,7.293564863175561e-08,,,7.477114749576685e-08,,,1.0000000298023224,,,0.9999999701976776,,,9873.91015625,,,98.73909759521484,,,9873.909912109375,,,min_centered_error_scale,restricted_no_dv,0.01,1,1,7.293564863175561e-08,,,7.477114749576685e-08,,,1.0000000298023224,,,0.9999999701976776,,,9873.91015625,,,98.73909759521484,,,9873.909912109375,,,min_centered_error_scale
0.001,m,full_coupled,5,3e-05,1,1,0.1142251156270504,,,0.0808534249663353,,,0.9935339987277985,,,0.9968007206916809,,,39805.986328125,,,1.1834169030189514,,,39321.7041015625,,,min_centered_error_scale,restricted_no_dv,3e-05,1,1,0.11929158866405487,,,0.08872476778924465,,,0.9929541647434235,,,0.996145486831665,,,39846.759765625,,,1.1834169030189514,,,39321.7041015625,,,min_centered_error_scale
0.001,m,full_coupled,10,3e-05,1,1,0.3316202163696289,,,0.25298529863357544,,,0.9465823322534561,,,0.9696380794048309,,,61785.5966796875,,,1.8068651854991913,,,59283.5380859375,,,min_centered_error_scale,restricted_no_dv,3e-05,1,1,0.3751305937767029,,,0.31540975719690323,,,0.9337618052959442,,,0.9548073410987854,,,63117.3330078125,,,1.8068651854991913,,,59283.5380859375,,,min_centered_error_scale
0.001,m,full_coupled,20,3e-05,1,1,0.7865349054336548,,,0.6899100542068481,,,0.7096412628889084,,,0.8056096583604813,,,92746.04296875,,,2.6517451405525208,,,79957.23046875,,,min_centered_error_scale,restricted_no_dv,1e-06,1,1,1.0051268488168716,,,1.0200610756874084,,,0.13419928587973118,,,0.28824586421251297,,,182416.78515625,,,0.5815775394439697,,,330085.421875,,,min_centered_error_scale
0.001,m,full_coupled,40,1e-06,1,1,0.9969624876976013,,,0.9947086274623871,,,0.07710463902913034,,,0.13924159482121468,,,150900.16796875,,,1.4899011254310608,,,698405.3125,,,min_centered_error_scale,restricted_no_dv,1e-06,1,1,1.0399708151817322,,,1.331767737865448,,,0.008568830788135529,,,0.08440970536321402,,,606081.171875,,,1.4899011254310608,,,698405.3125,,,min_centered_error_scale
