dataset,architecture,learning_rate,direction_label,radius_scale,endpoint_error,endpoint_cosine,centered_error,centered_cosine
split_cifar10,resnet18,3e-05,bn1,0.1,0.950242018699646,0.310693085193634,0.8413226842880249,0.5394115090370178
split_cifar10,resnet18,3e-05,conv1,0.1,0.8561938881874085,0.5158897280693054,0.7636023998260498,0.6447640180587768
split_cifar10,resnet18,3e-05,fc,0.1,0.40238550305366516,0.9140593051910401,0.2712338149547577,0.9619330883026123
split_cifar10,resnet18,3e-05,layer1,0.1,0.534186577796936,0.8459885597229004,0.48179439306259153,0.8768144369125366
split_cifar10,resnet18,3e-05,layer2,0.1,0.45213934779167175,0.8924150109291077,0.41069366931915285,0.9131449937820435
split_cifar10,resnet18,3e-05,layer3,0.1,0.21588298678398127,0.977655029296875,0.19397084414958948,0.9823053240776062
split_cifar10,resnet18,3e-05,layer4,0.1,0.08203747272491453,0.9968917369842529,0.0701091088354587,0.9976100325584412
split_tinyimagenet,resnet18,1e-05,bn1,0.1,0.9697461366653443,0.2438382118940353,0.8916163802146911,0.45227753520011904
split_tinyimagenet,resnet18,1e-05,conv1,0.1,0.8761393189430237,0.4808758616447449,0.7669358849525452,0.6403800845146179
split_tinyimagenet,resnet18,1e-05,fc,0.1,0.37006594538688653,0.9294235229492187,0.19538979232311246,0.9807088732719421
split_tinyimagenet,resnet18,1e-05,layer1,0.1,0.4243381440639496,0.9054769039154053,0.36379615068435667,0.9316566348075866
split_tinyimagenet,resnet18,1e-05,layer2,0.1,0.3797038376331329,0.9245806336402893,0.34128644466400143,0.9392291069030761
split_tinyimagenet,resnet18,1e-05,layer3,0.1,0.3036081314086914,0.954064404964447,0.2767197847366333,0.962641441822052
split_tinyimagenet,resnet18,1e-05,layer4,0.1,0.09627281278371806,0.9960866093635559,0.0835592150688171,0.9968353748321533
