dataset,optimizer,architecture,learning_rate,memory_component,horizon,radius_scale,momentum,beta1,beta2,tangent_model,endpoint_error_time_varying,endpoint_cosine_time_varying,centered_error_time_varying,centered_cosine_time_varying,endpoint_error_frozen_boundary,endpoint_cosine_frozen_boundary,centered_error_frozen_boundary,centered_cosine_frozen_boundary,endpoint_error_gap,endpoint_error_gain,centered_error_gap,centered_error_gain
split_cifar10,adam,resnet18,0.0003,m,1,0.01,,0.9,0.999,full_coupled,0.0001086003423551,1.0000000089406966,5.428227614173631e-05,0.9999999821186064,0.0001086003423551,1.0000000089406966,5.428227614173631e-05,0.9999999821186064,0.0,1.0,0.0,1.0
split_cifar10,adam,resnet18,0.0003,m,5,0.01,,0.9,0.999,full_coupled,0.0181795909535139,0.999803465604782,0.010828135954216,0.9999332666397096,0.0551594864577054,0.9985562533140182,0.0530224387533962,0.9986859560012816,0.0369798955041915,3.0341434303307966,0.0421943027991801,4.896728206737305
split_cifar10,adam,resnet18,0.0003,m,10,0.01,,0.9,0.999,full_coupled,0.026981584727764,0.999587807059288,0.0165789020713418,0.9998505592346192,0.0808310184627771,0.9970068842172622,0.0777624374255537,0.9972688168287276,0.053849433735013,2.995784690867393,0.0611835353542119,4.6904455488625745
split_cifar10,adam,resnet18,3e-05,m,20,0.01,,0.9,0.999,full_coupled,0.0481318923644721,0.998482084274292,0.0249953228048979,0.9996031701564788,0.1012295737862586,0.9959329515695572,0.0914743024855851,0.9970506459474564,0.0530976814217865,2.103170451303092,0.0664789796806872,3.6596567765734265
split_cifar10,adam,resnet18,0.0003,rms_global,1,0.03,,0.9,0.999,full_coupled,0.0106024498119949,0.9999826669692992,0.0001910746912471,0.999999976158142,0.0106024498119949,0.9999826669692992,0.0001910746941575,0.999999976158142,0.0,1.0,2.9103799990652657e-12,1.0000000152316353
split_cifar10,adam,resnet18,3e-05,rms_global,5,0.1,,0.9,0.999,full_coupled,0.0981829226016997,0.9953120946884156,0.0815214172005652,0.996608817577362,0.5094245433807373,0.909296214580536,0.5158065557479858,0.9076792240142822,0.4112416207790375,5.188524947941588,0.4342851385474205,6.327252070200875
split_cifar10,adam,resnet18,3e-05,rms_global,10,0.1,,0.9,0.999,full_coupled,0.1833291441202163,0.9846978783607484,0.1702056765556335,0.9866025686264038,0.6914461135864258,0.7509587049484253,0.6944345831871033,0.748105502128601,0.5081169694662095,3.7716104381800672,0.5242289066314698,4.079973108065641
split_cifar10,adam,resnet18,3e-05,rms_global,20,0.1,,0.9,0.999,full_coupled,0.3289268255233765,0.95811927318573,0.3198260307312012,0.9615692734718324,1.0820232391357425,0.3413638532161712,1.0867725610733032,0.3383087694644928,0.7530964136123658,3.289556081095137,0.766946530342102,3.3980115958312496
split_cifar10,adam,resnet18,0.0003,rms_layerwise,1,0.03,,0.9,0.999,full_coupled,0.0102867136842437,0.9999784333365304,0.0005005239704457,0.9999996866498676,0.01028671347137,0.9999784384455,0.0005005242365378,0.9999996849468776,-2.1287373773437587e-10,0.9999999793059527,2.66092165771177e-10,1.0000005316272176
split_cifar10,adam,resnet18,3e-05,rms_layerwise,5,0.1,,0.9,0.999,full_coupled,0.3864648688052381,0.8381061451775688,0.292397671884724,0.9095146690096174,0.6164658861500876,0.7593233159610204,0.57337908915111,0.8207472477640424,0.2300010173448494,1.5951408159191829,0.280981417266386,1.960956410682918
split_cifar10,adam,resnet18,3e-05,rms_layerwise,10,0.1,,0.9,0.999,full_coupled,0.4507788194077355,0.8047061954225813,0.3663047551044396,0.8776576927730015,0.7703087602342878,0.6156650641134808,0.7463569181306022,0.6676393415246691,0.3195299408265523,1.708839739290264,0.3800521630261626,2.037529973963356
split_cifar10,adam,resnet18,3e-05,rms_layerwise,20,0.1,,0.9,0.999,full_coupled,0.4990096850054604,0.7790846364838736,0.4332467020622322,0.8451404861041478,1.1335039002554756,0.4228419601917267,1.1551586151123048,0.4573286946330752,0.6344942152500153,2.271506815029196,0.7219119130500726,2.666283689209424
split_cifar10,adam,resnet18,0.0003,rms_random_layerwise,1,0.1,,0.9,0.999,full_coupled,0.016107736295089,0.9999189913272858,0.0004399603727506,0.9999998897314072,0.016107736295089,0.9999189913272858,0.0004399603771161,0.9999998897314072,0.0,1.0,4.3655700799130615e-12,1.0000000099226438
split_cifar10,adam,resnet18,3e-05,rms_random_layerwise,5,0.1,,0.9,0.999,full_coupled,0.1112132584676146,0.9920613557100296,0.0809016285464167,0.995739397406578,0.490391993522644,0.9042044788599014,0.4845765545964241,0.9077119678258896,0.3791787350550294,4.409474196509103,0.4036749260500074,5.989700866384931
split_cifar10,adam,resnet18,3e-05,rms_random_layerwise,10,0.1,,0.9,0.999,full_coupled,0.1626124411821365,0.9826491624116898,0.1279226560145616,0.98914053440094,0.6445671766996384,0.785923770070076,0.6391234457492828,0.7911254405975342,0.4819547355175019,3.9638244897737023,0.5112007897347213,4.996170855587384
split_cifar10,adam,resnet18,3e-05,rms_random_layerwise,20,0.1,,0.9,0.999,full_coupled,0.2274609338492155,0.967434611916542,0.1932891763746738,0.9766508609056472,0.8908355116844178,0.5996076226234436,0.8907350212335586,0.6046615839004517,0.6633745778352023,3.91643301822965,0.6974458448588848,4.60830263722035
split_cifar10,adam,smallcnn,0.0003,m,1,0.01,,0.9,0.999,full_coupled,8.18937540003617e-08,0.9999999940395355,7.768888607984082e-08,1.0000000089406966,8.18937540003617e-08,0.9999999940395355,7.768888607984082e-08,1.0000000089406966,0.0,1.0,0.0,1.0
split_cifar10,adam,smallcnn,3e-05,m,5,3e-05,,0.9,0.999,full_coupled,0.0001834169597713,0.9999999821186064,9.167088683169828e-05,1.0000000238418578,0.0232675129722337,0.9993675410747528,0.0232627746969228,0.9993675112724304,0.0230840960124623,126.8558425634902,0.0231711038100911,253.76404113589237
split_cifar10,adam,smallcnn,3e-05,m,10,0.0001,,0.9,0.999,full_coupled,0.0058874595306405,0.999916884303093,0.0039453759347452,0.9999732911586762,0.0358672984992153,0.9987929344177248,0.0345861700596287,0.9988705307245256,0.0299798389685747,6.092152024578375,0.0306407941248835,8.76625463116034
split_cifar10,adam,smallcnn,3e-05,m,20,0.0001,,0.9,0.999,full_coupled,0.0113658358248357,0.9998173892498016,0.0070598564208921,0.9999428123235704,0.0462101052515208,0.9982012957334518,0.0439968776889144,0.998368549346924,0.034844269426685,4.065702334934836,0.0369370212680223,6.231979103528961
split_cifar10,adam,smallcnn,0.0003,rms_global,1,0.03,,0.9,0.999,full_coupled,0.0120979275554418,0.9999903202056885,0.0003786235960432,0.9999999165534972,0.0120979273691773,0.9999903202056885,0.0003786236135055,0.9999999165534972,-1.8626452116810024e-10,0.9999999846036008,1.7462280102811808e-11,1.000000046120422
split_cifar10,adam,smallcnn,3e-05,rms_global,5,0.1,,0.9,0.999,full_coupled,0.0410155206918716,0.999406361579895,0.0247823694720863,0.9996449947357178,0.5328182399272918,0.8833745360374451,0.5395666003227234,0.8827661037445068,0.4918027192354202,12.990649172299422,0.5147842308506371,21.77219579146636
split_cifar10,adam,smallcnn,3e-05,rms_global,10,0.1,,0.9,0.999,full_coupled,0.0592391945421695,0.9983574509620666,0.044667050987482,0.9989789724349976,0.6687378048896789,0.8032845020294189,0.6725271701812744,0.8014187335968017,0.6094986103475094,11.288772746794129,0.6278601191937924,15.056448888236448
split_cifar10,adam,smallcnn,3e-05,rms_global,20,0.1,,0.9,0.999,full_coupled,0.1185737445950507,0.9923613905906676,0.0950323238968848,0.9956498622894288,0.7529599666595459,0.707846713066101,0.7540686726570129,0.7057239294052124,0.6343862220644951,6.350140743475974,0.6590363487601281,7.934865125209583
split_cifar10,adam,smallcnn,0.0003,rms_layerwise,1,0.03,,0.9,0.999,full_coupled,0.0122099433559923,0.9999909420808156,0.0004638010490452,0.9999998052914938,0.0122099427351106,0.9999909410874048,0.0004638011858332,0.9999998092651368,-6.208817193015247e-10,0.9999999491495004,1.3678800166129143e-10,1.0000002949281852
split_cifar10,adam,smallcnn,3e-05,rms_layerwise,5,0.1,,0.9,0.999,full_coupled,0.0969672424408296,0.9839475159843764,0.0564649057652179,0.9923823108275732,0.5679437845945359,0.8602386196454367,0.5666278441747029,0.8673087301353612,0.4709765421537062,5.857068534676551,0.5101629384094849,10.035044537765648
split_cifar10,adam,smallcnn,3e-05,rms_layerwise,10,0.1,,0.9,0.999,full_coupled,0.1497020571182171,0.9738522499799728,0.083533852151595,0.991957167784373,0.6915662288665771,0.7792675168253482,0.6874789168437322,0.788598273601383,0.54186417174836,4.619617406596218,0.6039450646921372,8.229943898625839
split_cifar10,adam,smallcnn,3e-05,rms_layerwise,20,0.1,,0.9,0.999,full_coupled,0.2271614904205003,0.9464243687689304,0.1478971016282836,0.97835251390934,0.7608687112728754,0.6880096020797888,0.7504965851704279,0.7060684499641259,0.533707220852375,3.349461697334462,0.6025994835421443,5.074450931815313
split_cifar10,adam,smallcnn,0.0003,rms_random_layerwise,1,0.1,,0.9,0.999,full_coupled,0.0168228173628448,0.9999278515577316,0.0005006178340408,0.999999862909317,0.0168228173162787,0.9999278515577316,0.000500617797661,0.999999862909317,-4.656612942466331e-11,0.999999997231966,-3.6379789914060816e-11,0.999999927330216
split_cifar10,adam,smallcnn,3e-05,rms_random_layerwise,5,0.1,,0.9,0.999,full_coupled,0.0398045181296765,0.9987848430871964,0.0223113934509455,0.999637606739998,0.5336420744657516,0.8904472440481186,0.5320079177618027,0.8912716060876846,0.493837556336075,13.406570398044614,0.5096965243108571,23.84467464712546
split_cifar10,adam,smallcnn,3e-05,rms_random_layerwise,10,0.1,,0.9,0.999,full_coupled,0.0626163634471594,0.9974507421255112,0.0424762706737964,0.9989101976156236,0.6651323139667511,0.8110565751791,0.6634259402751923,0.8127716034650803,0.6025159505195916,10.622340189526351,0.6209496696013959,15.618742647396733
split_cifar10,adam,smallcnn,3e-05,rms_random_layerwise,20,0.1,,0.9,0.999,full_coupled,0.1028784743510186,0.993299663066864,0.0745759120211004,0.9967408686876296,0.7248630434274673,0.7451046198606491,0.7220061242580413,0.7482852935791016,0.6219845690764487,7.045818359963755,0.6474302122369409,9.681492383945065
split_cifar10,heavy_ball,resnet18,0.03,momentum,1,0.1,0.9,,,,1.3043588933214776e-05,1.0000000059604646,6.537033618769783e-06,1.0000000655651091,1.3043588933214776e-05,1.0000000059604646,6.537033618769783e-06,1.0000000655651091,0.0,1.0,0.0,1.0
split_cifar10,heavy_ball,resnet18,0.01,momentum,5,0.1,0.9,,,,0.0077030575368552,0.9999698132276535,0.0053803448099642,0.9999852687120436,0.0090234167408197,0.999958235025406,0.0071114001329987,0.9999738752841948,0.0013203592039644,1.1714071584753474,0.0017310553230345,1.3217368745268243
split_cifar10,heavy_ball,resnet18,0.01,momentum,10,0.1,0.9,,,,0.0129829482175409,0.9999133437871932,0.0091932663461192,0.9999564170837404,0.0256219998933374,0.9996476352214814,0.0238649969920515,0.99969100356102,0.0126390516757964,1.9735116757779392,0.0146717306459322,2.595921416127097
split_cifar10,heavy_ball,resnet18,0.01,momentum,20,0.1,0.9,,,,0.0213754282332956,0.999766930937767,0.0151374062523245,0.999882897734642,2.102426693588495,0.6569917246699333,2.102451413869858,0.6570517532527447,2.0810512653551996,98.35717304197118,2.0873140076175334,138.8911269754024
split_cifar10,heavy_ball,resnet18,0.01,momentum,40,0.1,0.9,,,,0.0392601262778043,0.9992038577795028,0.0273342073895036,0.9996143370866776,660862.4519104004,0.0015474964259737,661096.9220863342,0.0016574958921864,660862.4126502741,16832917.123957857,661096.8947521268,24185699.357069906
split_cifar10,heavy_ball,smallcnn,0.03,momentum,1,0.1,0.9,,,,1.3340725035959624e-05,0.9999999582767488,6.682291177639854e-06,1.0000000208616258,1.3340725035959624e-05,0.9999999582767488,6.682291177639854e-06,1.0000000208616258,0.0,1.0,0.0,1.0
split_cifar10,heavy_ball,smallcnn,0.01,momentum,5,0.1,0.9,,,,0.0065375013742595,0.9999784111976624,0.0053650860907509,0.9999850124120712,0.008870165538974,0.9999594807624816,0.0079886892810463,0.999966236948967,0.0023326641647145,1.3568127991374554,0.0026236031902954,1.4890141827953751
split_cifar10,heavy_ball,smallcnn,0.01,momentum,10,0.1,0.9,,,,0.0124032602179795,0.9999211519956588,0.0106599232181906,0.9999404102563858,0.0319147842004894,0.9994646042585372,0.0312386515550314,0.9994838982820512,0.0195115239825099,2.57309639881831,0.0205787283368408,2.930476225356323
split_cifar10,heavy_ball,smallcnn,0.01,momentum,20,0.1,0.9,,,,0.0212912186048924,0.9997695684432985,0.0190386103000491,0.9998144924640656,0.2242194034159183,0.9738659173250198,0.2239395029842853,0.973916593194008,0.2029281848110259,10.531074222515173,0.2049008926842362,11.76238703639557
split_cifar10,heavy_ball,smallcnn,0.01,momentum,40,0.1,0.9,,,,0.0375265979208051,0.9992864072322846,0.0352227942086755,0.9993703693151474,16.211078119277953,0.105072671547532,16.21214978694916,0.1051760772243141,16.173551521357147,431.98901625692935,16.176926992740484,460.2743805872168
split_tinyimagenet,adam,resnet18,0.0001,m,1,0.01,,0.9,0.999,full_coupled,0.0016870671068317,0.999998590350151,0.0008452232432318,0.9999996393918992,0.0016870671068317,0.999998590350151,0.0008452232432318,0.9999996393918992,0.0,1.0,0.0,1.0
split_tinyimagenet,adam,resnet18,0.0001,m,5,0.01,,0.9,0.999,full_coupled,0.1192773733288049,0.992802619934082,0.0621034597977995,0.9980507105588912,0.12534441947937,0.9921827852725984,0.0731352522969245,0.9974273085594176,0.0060670461505651,1.0508650214306825,0.011031792499125,1.1776357152249333
split_tinyimagenet,adam,resnet18,0.0001,m,10,0.01,,0.9,0.999,full_coupled,0.161569219827652,0.9867284953594208,0.0851582542061805,0.9963260948657988,0.1709623113274574,0.9854017823934555,0.1020693991333246,0.9949863374233244,0.0093930914998054,1.058136639576679,0.016911144927144,1.198584917983402
split_tinyimagenet,adam,resnet18,0.0001,m,20,0.01,,0.9,0.999,full_coupled,0.2240689970552921,0.974225416779518,0.1178819902241229,0.9929473638534546,0.2654702603816986,0.9647739112377168,0.1849550113081931,0.9833689421415328,0.0414012633264065,1.184770155043762,0.0670730210840702,1.5689844645186912
split_tinyimagenet,adam,resnet18,0.0001,rms_global,1,0.03,,0.9,0.999,full_coupled,0.0105490081012248,0.999985146522522,0.0004112612805328,0.9999999880790712,0.0105490081012248,0.999985146522522,0.0004112612805328,0.9999999880790712,0.0,1.0,0.0,1.0
split_tinyimagenet,adam,resnet18,1e-05,rms_global,5,0.1,,0.9,0.999,full_coupled,0.0947411686182021,0.9955656051635742,0.0811030015349387,0.9966997742652892,0.5308645009994507,0.8910542726516724,0.5364093065261841,0.8897081732749939,0.4361233323812485,5.603313836446158,0.4553063049912453,6.613926690433296
split_tinyimagenet,adam,resnet18,1e-05,rms_global,10,0.1,,0.9,0.999,full_coupled,0.1850175708532333,0.9837203860282898,0.1685570985078811,0.9863566994667052,0.7171626567840577,0.7203736424446106,0.7207420468330383,0.7166166424751281,0.5321450859308243,3.876186750678684,0.5521849483251572,4.275951907177252
split_tinyimagenet,adam,resnet18,1e-05,rms_global,20,0.1,,0.9,0.999,full_coupled,0.3016519904136657,0.9617682814598084,0.2881925880908966,0.965651762485504,1.0188753604888916,0.3463339745998383,1.0214871644973755,0.3433903455734253,0.7172233700752259,3.3776517074913803,0.7332945764064789,3.5444602210768728
split_tinyimagenet,adam,resnet18,0.0001,rms_layerwise,1,0.1,,0.9,0.999,full_coupled,0.03684056901506,0.9998744709151132,0.0014799403326053,0.9999989867210388,0.0368405689086232,0.9998744709151132,0.0014799402660822,0.9999989833150592,-1.0643685932620883e-10,0.9999999971108792,-6.652303989780617e-11,0.999999955050188
split_tinyimagenet,adam,resnet18,1e-05,rms_layerwise,5,0.1,,0.9,0.999,full_coupled,0.3707324630447796,0.8249137231281825,0.2920206300914287,0.892098583493914,0.6630939551762172,0.7152991188423974,0.6335294204098838,0.7725063119615827,0.2923614921314375,1.7886050488546616,0.341508790318455,2.1694680276921945
split_tinyimagenet,adam,resnet18,1e-05,rms_layerwise,10,0.1,,0.9,0.999,full_coupled,0.4312724713768278,0.8027391280446734,0.3536565003650528,0.8710430068629129,0.7760718464851379,0.5969167002609799,0.7559268270220075,0.6458825298718044,0.3447993751083101,1.7994931232395748,0.4022703266569546,2.1374605761288747
split_tinyimagenet,adam,resnet18,1e-05,rms_layerwise,20,0.1,,0.9,0.999,full_coupled,0.4885534752692494,0.7763351640530995,0.4170433789491653,0.8433898644787924,0.9359531879425048,0.4405187547206878,0.9337076715060644,0.4775055646896363,0.4473997126732554,1.915764057203127,0.516664292556899,2.238874224208405
split_tinyimagenet,adam,resnet18,0.0001,rms_random_layerwise,1,0.1,,0.9,0.999,full_coupled,0.0158328642603009,0.999931824207306,0.0006267412594751,0.99999980032444,0.0158328642603009,0.999931824207306,0.0006267412536544,0.99999980032444,0.0,1.0,-5.820764985460525e-12,0.9999999907126508
split_tinyimagenet,adam,resnet18,1e-05,rms_random_layerwise,5,0.1,,0.9,0.999,full_coupled,0.1123394867405294,0.9927273154258728,0.0841009935364126,0.995965650677681,0.521549278497696,0.8908050209283829,0.5162806004285813,0.8941464394330978,0.4092097917571664,4.642617601612497,0.4321796068921686,6.138816900005474
split_tinyimagenet,adam,resnet18,1e-05,rms_random_layerwise,10,0.1,,0.9,0.999,full_coupled,0.1799418445676564,0.9814651548862456,0.1466535028070211,0.9878521621227264,0.6585634469985961,0.7733822673559189,0.6522208154201508,0.779200354218483,0.4786216024309396,3.659868267889087,0.5055673126131297,4.447359271591332
split_tinyimagenet,adam,resnet18,1e-05,rms_random_layerwise,20,0.1,,0.9,0.999,full_coupled,0.2574020158499479,0.9628866463899612,0.2209193907678127,0.9731703966856002,0.8809027910232544,0.5810793876647949,0.8775485217571258,0.5880012139678001,0.6235007751733065,3.4222839635287676,0.6566291309893131,3.9722566620665423
split_tinyimagenet,adam,smallcnn,0.0001,m,1,0.01,,0.9,0.999,full_coupled,1.2067125574333206e-07,1.0000000089406966,9.029966676621372e-08,1.000000047683716,1.2067125574333206e-07,1.0000000089406966,9.029966676621372e-08,1.000000047683716,0.0,1.0,0.0,1.0
split_tinyimagenet,adam,smallcnn,1e-05,m,5,0.0003,,0.9,0.999,full_coupled,1.720180875963706e-05,1.00000002682209,1.56536710619508e-05,1.00000002682209,0.0007060558957163,0.9999994039535522,0.0007064204182824,0.9999993920326232,0.0006888540869567,41.04544502163632,0.0006907667472204,45.12809905655536
split_tinyimagenet,adam,smallcnn,1e-05,m,10,0.0003,,0.9,0.999,full_coupled,2.683830884961935e-05,1.0000000029802325,3.719516387263402e-05,1.0000000059604646,0.0015793863247381,0.999995630979538,0.0015831000142497,0.9999956250190736,0.0015525480158884,58.84820588315517,0.0015459048503771,42.56198519976116
split_tinyimagenet,adam,smallcnn,1e-05,m,20,0.0001,,0.9,0.999,full_coupled,0.000115626709703,0.9999999970197676,0.0001750554991303,0.9999998837709428,0.0029275279841385,0.9999902367591856,0.002966964256484,0.9999901324510574,0.0028119012744354,25.318786564604768,0.0027919087573536,16.948706388676232
split_tinyimagenet,adam,smallcnn,0.0001,rms_global,1,0.03,,0.9,0.999,full_coupled,0.0142576115205883,0.999997127056122,0.0008720635320059,0.9999995708465576,0.0142576113343238,0.999997127056122,0.0008720634388736,0.9999995708465576,-1.8626452116810024e-10,0.9999999869357836,-9.313226004194901e-11,0.9999998932047304
split_tinyimagenet,adam,smallcnn,1e-05,rms_global,5,0.1,,0.9,0.999,full_coupled,0.0436088271439075,0.9998378276824952,0.0079917160794138,0.9999614715576172,0.5745273470878601,0.8606131315231323,0.5845690608024597,0.8611973762512207,0.5309185199439527,13.174565442724276,0.5765773447230459,73.1468754637409
split_tinyimagenet,adam,smallcnn,1e-05,rms_global,10,0.1,,0.9,0.999,full_coupled,0.0427187792956828,0.9996945023536682,0.0158484609797596,0.9998797655105592,0.7209741115570069,0.7703389406204224,0.7274256348609924,0.770180594921112,0.678255332261324,16.87721707979301,0.7115771738812328,45.89881855342301
split_tinyimagenet,adam,smallcnn,1e-05,rms_global,20,0.1,,0.9,0.999,full_coupled,0.0554733723402022,0.9989471077919008,0.0428441978991031,0.9991269707679749,0.8001489758491516,0.6912874817848206,0.8044129371643066,0.6894769072532654,0.7446756035089493,14.424018985939194,0.7615687392652035,18.77530626337494
split_tinyimagenet,adam,smallcnn,0.0001,rms_layerwise,1,0.03,,0.9,0.999,full_coupled,0.0144432687666266,0.9999950170516968,0.00132673974731,0.999998900294304,0.0144432691081116,0.9999950190385182,0.001326740036408,0.999998900294304,3.4148494275354485e-10,1.0000000236431896,2.890980465002773e-10,1.0000002179010972
split_tinyimagenet,adam,smallcnn,1e-05,rms_layerwise,5,0.1,,0.9,0.999,full_coupled,0.057111959469815,0.9989788919687272,0.0185150615909757,0.9996366123358408,0.5766717046499252,0.8677623470624288,0.5837581694126128,0.8686182012160618,0.5195597451801102,10.097214488932202,0.5652431078216371,31.5288267632411
split_tinyimagenet,adam,smallcnn,1e-05,rms_layerwise,10,0.1,,0.9,0.999,full_coupled,0.056794563991328,0.9987874696652094,0.0235876808913113,0.9994992305835086,0.7294040918350221,0.7750834013024965,0.733620461821556,0.7753812104463578,0.6726095278436941,12.842850452138252,0.7100327809302447,31.10184783328099
split_tinyimagenet,adam,smallcnn,1e-05,rms_layerwise,20,0.1,,0.9,0.999,full_coupled,0.0717636053760846,0.996999921401342,0.0390138007157171,0.9987878551085788,0.8139813105265299,0.6901428833603859,0.8160775363445282,0.6900944774349531,0.7422177051504453,11.342536460658248,0.777063735628811,20.917663015994304
split_tinyimagenet,adam,smallcnn,0.0001,rms_random_layerwise,1,0.1,,0.9,0.999,full_coupled,0.0197544198483228,0.9999072402715684,0.0009251607232726,0.999999612569809,0.0197544196620583,0.999907237291336,0.0009251607523764,0.999999612569809,-1.8626451422920629e-10,0.9999999905709954,2.9103825035722838e-11,1.0000000314581283
split_tinyimagenet,adam,smallcnn,1e-05,rms_random_layerwise,5,0.1,,0.9,0.999,full_coupled,0.0225268558599054,0.9998129963874816,0.0078004048205911,0.9999679625034332,0.5652439683675766,0.8717671811580658,0.5641390234231949,0.871932715177536,0.5427171125076712,25.092004489345065,0.5563386186026037,72.321762318541
split_tinyimagenet,adam,smallcnn,1e-05,rms_random_layerwise,10,0.1,,0.9,0.999,full_coupled,0.0250607434660195,0.9996993273496628,0.0119737018598243,0.9999239832162856,0.7085843741893768,0.7859294176101684,0.7079620242118836,0.786015972495079,0.6835236307233572,28.274674897421225,0.6959883223520593,59.1264115726255
split_tinyimagenet,adam,smallcnn,1e-05,rms_random_layerwise,20,0.1,,0.9,0.999,full_coupled,0.0342282663099467,0.999407234787941,0.0253226809669285,0.9996452420949936,0.7824662446975708,0.7160296440124512,0.7819655418395997,0.7162585496902466,0.7482379783876241,22.8602359702392,0.7566428608726711,30.880045555241455
split_tinyimagenet,heavy_ball,resnet18,0.01,momentum,1,0.1,0.9,,,,4.1073864122154194e-05,1.0000000149011612,2.0526368825812823e-05,1.0000000298023224,4.1073864122154194e-05,1.0000000149011612,2.0526368825812823e-05,1.0000000298023224,0.0,1.0,0.0,1.0
split_tinyimagenet,heavy_ball,resnet18,0.01,momentum,5,0.1,0.9,,,,0.0073011199012398,0.9999732285737992,0.0051630574511363,0.999986645579338,0.1907864138484001,0.9763022810220718,0.1905883137136697,0.9763334065675736,0.1834852939471603,26.131116380653097,0.1854252562625334,36.91384717629326
split_tinyimagenet,heavy_ball,resnet18,0.01,momentum,10,0.1,0.9,,,,0.0114112905692308,0.9999346375465392,0.0082819341449066,0.9999656319618224,2904.734750175476,0.0024571692905737,2904.8289222717285,0.0023846228288675,2904.7233388849068,254549.18815298053,2904.8206403375834,350742.8182169481
split_tinyimagenet,heavy_ball,resnet18,0.003,momentum,20,0.1,0.9,,,,0.0154948975425213,0.9998796343803406,0.0103393540251999,0.9999464899301528,0.8117099367082119,0.7801726400852204,0.8116911329329014,0.7801908910274505,0.7962150391656906,52.38562788044947,0.8013517789077015,78.50501404193903
split_tinyimagenet,heavy_ball,resnet18,0.003,momentum,40,0.1,0.9,,,,0.0217429906129836,0.9997621536254884,0.0147842275910078,0.9998902320861816,7201.45484008789,0.0016714644712919,7202.317002105713,0.0016057083928898,7201.433097097277,331208.1106169266,7202.302217878122,487162.21106379136
split_tinyimagenet,heavy_ball,smallcnn,0.01,momentum,1,0.1,0.9,,,,3.981731897511054e-05,1.0000000059604646,1.9920047179766694e-05,1.00000002682209,3.981731897511054e-05,1.0000000059604646,1.9920047179766694e-05,1.00000002682209,0.0,1.0,0.0,1.0
split_tinyimagenet,heavy_ball,smallcnn,0.003,momentum,5,0.1,0.9,,,,0.0056162319146096,0.9999840021133424,0.0037559996126219,0.9999928683042526,0.0063167953398078,0.9999797940254213,0.0046928057214244,0.9999888300895692,0.0007005634251981,1.1247390485025746,0.0009368061088025,1.2494159226360029
split_tinyimagenet,heavy_ball,smallcnn,0.003,momentum,10,0.1,0.9,,,,0.0105075072497128,0.9999342918395996,0.0088455480756237,0.999953842163086,0.0160760698840021,0.9998637467622756,0.0150647767819463,0.9998838245868684,0.0055685626342892,1.5299603894578722,0.0062192287063225,1.7030913916415549
split_tinyimagenet,heavy_ball,smallcnn,0.003,momentum,20,0.1,0.9,,,,0.0168969172984361,0.999825382232666,0.0149265159852802,0.99986771941185,0.0505074085667728,0.9987078219652176,0.0497847788035869,0.998752063512802,0.0336104912683367,2.9891493030771685,0.0348582628183066,3.335324790639833
split_tinyimagenet,heavy_ball,smallcnn,0.003,momentum,40,0.1,0.9,,,,0.0245816838927566,0.999656704068184,0.0210437715053557,0.9997521549463272,0.3338848419487476,0.9468688994646072,0.3335506685078144,0.9469683706760408,0.309303158055991,13.582667623804724,0.3125068970024586,15.85032741982222
