dataset,optimizer,architecture,memory_component,terminal_horizon,learning_rate,radius_scale,momentum,beta1,beta2,tangent_model
split_cifar10,adam,resnet18,m,20,3e-05,0.01,,0.9,0.999,full_coupled
split_cifar10,adam,resnet18,rms_global,20,3e-05,0.1,,0.9,0.999,full_coupled
split_cifar10,adam,resnet18,rms_layerwise,20,3e-05,0.1,,0.9,0.999,full_coupled
split_cifar10,adam,resnet18,rms_random_layerwise,20,3e-05,0.1,,0.9,0.999,full_coupled
split_cifar10,adam,smallcnn,m,20,3e-05,0.0001,,0.9,0.999,full_coupled
split_cifar10,adam,smallcnn,rms_global,20,3e-05,0.1,,0.9,0.999,full_coupled
split_cifar10,adam,smallcnn,rms_layerwise,20,3e-05,0.1,,0.9,0.999,full_coupled
split_cifar10,adam,smallcnn,rms_random_layerwise,20,3e-05,0.1,,0.9,0.999,full_coupled
split_cifar10,heavy_ball,resnet18,momentum,40,0.01,0.1,0.9,,,
split_cifar10,heavy_ball,smallcnn,momentum,40,0.01,0.1,0.9,,,
split_tinyimagenet,adam,resnet18,m,20,0.0001,0.01,,0.9,0.999,full_coupled
split_tinyimagenet,adam,resnet18,rms_global,20,1e-05,0.1,,0.9,0.999,full_coupled
split_tinyimagenet,adam,resnet18,rms_layerwise,20,1e-05,0.1,,0.9,0.999,full_coupled
split_tinyimagenet,adam,resnet18,rms_random_layerwise,20,1e-05,0.1,,0.9,0.999,full_coupled
split_tinyimagenet,adam,smallcnn,m,20,1e-05,0.0001,,0.9,0.999,full_coupled
split_tinyimagenet,adam,smallcnn,rms_global,20,1e-05,0.1,,0.9,0.999,full_coupled
split_tinyimagenet,adam,smallcnn,rms_layerwise,20,1e-05,0.1,,0.9,0.999,full_coupled
split_tinyimagenet,adam,smallcnn,rms_random_layerwise,20,1e-05,0.1,,0.9,0.999,full_coupled
split_tinyimagenet,heavy_ball,resnet18,momentum,40,0.003,0.1,0.9,,,
split_tinyimagenet,heavy_ball,smallcnn,momentum,40,0.003,0.1,0.9,,,
