dataset,optimizer,architecture,memory_component,learning_rate,radius_scale,momentum,response_model,horizon,mean,lo,hi,n
split_cifar10,adam,resnet18,m,3e-05,0.01,,frozen_boundary,1,0.00106830977892958,0.00027381017170672087,0.0018628093861524392,5.0
split_cifar10,adam,resnet18,m,3e-05,0.01,,frozen_boundary,5,0.04802994057536118,0.031385482765694375,0.06467439838502799,5.0
split_cifar10,adam,resnet18,m,3e-05,0.01,,frozen_boundary,10,0.07493953034281724,0.04990154427478989,0.09997751641084458,5.0
split_cifar10,adam,resnet18,m,3e-05,0.01,,frozen_boundary,20,0.10122957378625863,0.06764425873050169,0.1348148888420156,5.0
split_cifar10,adam,resnet18,m,3e-05,0.01,,time_varying,1,0.00106830977892958,0.00027381017170672087,0.0018628093861524392,5.0
split_cifar10,adam,resnet18,m,3e-05,0.01,,time_varying,5,0.02441255045123388,0.0049472895987437565,0.04387781130372401,5.0
split_cifar10,adam,resnet18,m,3e-05,0.01,,time_varying,10,0.0358595290221273,0.007923576597263688,0.06379548144699092,5.0
split_cifar10,adam,resnet18,m,3e-05,0.01,,time_varying,20,0.04813189236447211,0.011091059922885775,0.08517272480605845,5.0
split_cifar10,adam,resnet18,rms_global,3e-05,0.1,,frozen_boundary,1,0.035213898867368656,0.031510119515036246,0.03891767821970107,5.0
split_cifar10,adam,resnet18,rms_global,3e-05,0.1,,frozen_boundary,5,0.5094245433807373,0.4839631273897601,0.5348859593717145,5.0
split_cifar10,adam,resnet18,rms_global,3e-05,0.1,,frozen_boundary,10,0.6914461135864258,0.6538014263271094,0.7290908008457423,5.0
split_cifar10,adam,resnet18,rms_global,3e-05,0.1,,frozen_boundary,20,1.0820232391357423,0.9565684317794001,1.2074780464920845,5.0
split_cifar10,adam,resnet18,rms_global,3e-05,0.1,,time_varying,1,0.035213898867368656,0.031510119515036246,0.03891767821970107,5.0
split_cifar10,adam,resnet18,rms_global,3e-05,0.1,,time_varying,5,0.09818292260169978,0.07857160944190572,0.11779423576149384,5.0
split_cifar10,adam,resnet18,rms_global,3e-05,0.1,,time_varying,10,0.18332914412021634,0.1518806226789602,0.21477766556147249,5.0
split_cifar10,adam,resnet18,rms_global,3e-05,0.1,,time_varying,20,0.3289268255233765,0.30640881705934575,0.3514448339874072,5.0
split_cifar10,adam,resnet18,rms_layerwise,3e-05,0.1,,frozen_boundary,1,0.0342072803527116,0.029403467567752025,0.03901109313767118,5.0
split_cifar10,adam,resnet18,rms_layerwise,3e-05,0.1,,frozen_boundary,5,0.6164658861500876,0.5933606673271206,0.6395711049730546,5.0
split_cifar10,adam,resnet18,rms_layerwise,3e-05,0.1,,frozen_boundary,10,0.7703087602342878,0.7425985582638756,0.7980189622047001,5.0
split_cifar10,adam,resnet18,rms_layerwise,3e-05,0.1,,frozen_boundary,20,1.1335039002554756,0.9617042454581864,1.3053035550527647,5.0
split_cifar10,adam,resnet18,rms_layerwise,3e-05,0.1,,time_varying,1,0.03420728088489592,0.029403468100095836,0.039011093669696004,5.0
split_cifar10,adam,resnet18,rms_layerwise,3e-05,0.1,,time_varying,5,0.38646486880523817,0.37083748432397134,0.402092253286505,5.0
split_cifar10,adam,resnet18,rms_layerwise,3e-05,0.1,,time_varying,10,0.45077881940773556,0.4370505614676887,0.4645070773477824,5.0
split_cifar10,adam,resnet18,rms_layerwise,3e-05,0.1,,time_varying,20,0.4990096850054604,0.4834901610648923,0.5145292089460285,5.0
split_cifar10,adam,resnet18,rms_random_layerwise,3e-05,0.1,,frozen_boundary,1,0.01662990958429864,0.013434623944579326,0.019825195224017954,5.0
split_cifar10,adam,resnet18,rms_random_layerwise,3e-05,0.1,,frozen_boundary,5,0.49039199352264407,0.4687304866357443,0.5120535004095439,5.0
split_cifar10,adam,resnet18,rms_random_layerwise,3e-05,0.1,,frozen_boundary,10,0.6445671766996384,0.6057471104892419,0.6833872429100348,5.0
split_cifar10,adam,resnet18,rms_random_layerwise,3e-05,0.1,,frozen_boundary,20,0.8908355116844178,0.70294742996304,1.0787235934057955,5.0
split_cifar10,adam,resnet18,rms_random_layerwise,3e-05,0.1,,time_varying,1,0.016629909630864758,0.013434624078970085,0.019825195182759433,5.0
split_cifar10,adam,resnet18,rms_random_layerwise,3e-05,0.1,,time_varying,5,0.11121325846761457,0.08259170188084639,0.13983481505438275,5.0
split_cifar10,adam,resnet18,rms_random_layerwise,3e-05,0.1,,time_varying,10,0.16261244118213644,0.12413272605075783,0.20109215631351507,5.0
split_cifar10,adam,resnet18,rms_random_layerwise,3e-05,0.1,,time_varying,20,0.22746093384921542,0.18389691013255677,0.2710249575658741,5.0
split_cifar10,adam,smallcnn,m,3e-05,0.0001,,frozen_boundary,1,2.9524476303777192e-05,2.1793431425688163e-05,3.725552118186622e-05,5.0
split_cifar10,adam,smallcnn,m,3e-05,0.0001,,frozen_boundary,5,0.02373445623670696,-0.0015382995853839426,0.049007212058797864,5.0
split_cifar10,adam,smallcnn,m,3e-05,0.0001,,frozen_boundary,10,0.03586729849921532,-0.0009848205110402491,0.07271941750947089,5.0
split_cifar10,adam,smallcnn,m,3e-05,0.0001,,frozen_boundary,20,0.04621010525152079,0.0010693572085711117,0.09135085329447047,5.0
split_cifar10,adam,smallcnn,m,3e-05,0.0001,,time_varying,1,2.9524476303777192e-05,2.1793431425688163e-05,3.725552118186622e-05,5.0
split_cifar10,adam,smallcnn,m,3e-05,0.0001,,time_varying,5,0.0014055810128410823,-0.00179271214002068,0.004603874165702845,5.0
split_cifar10,adam,smallcnn,m,3e-05,0.0001,,time_varying,10,0.005887459530640565,-0.0019377794358022447,0.013712698497083373,5.0
split_cifar10,adam,smallcnn,m,3e-05,0.0001,,time_varying,20,0.01136583582483576,-0.0012865819005286466,0.024018253550200167,5.0
split_cifar10,adam,smallcnn,rms_global,3e-05,0.1,,frozen_boundary,1,0.0407185889780521,0.037046798895407816,0.04439037906069638,5.0
split_cifar10,adam,smallcnn,rms_global,3e-05,0.1,,frozen_boundary,5,0.5328182399272918,0.496508466377071,0.5691280134775126,5.0
split_cifar10,adam,smallcnn,rms_global,3e-05,0.1,,frozen_boundary,10,0.6687378048896789,0.6334789032030521,0.7039967065763058,5.0
split_cifar10,adam,smallcnn,rms_global,3e-05,0.1,,frozen_boundary,20,0.7529599666595459,0.7212628090905594,0.7846571242285324,5.0
split_cifar10,adam,smallcnn,rms_global,3e-05,0.1,,time_varying,1,0.0407185889780521,0.037046798895407816,0.04439037906069638,5.0
split_cifar10,adam,smallcnn,rms_global,3e-05,0.1,,time_varying,5,0.041015520691871615,0.030937003839862264,0.05109403754388096,5.0
split_cifar10,adam,smallcnn,rms_global,3e-05,0.1,,time_varying,10,0.05923919454216954,0.04216982797752539,0.0763085611068137,5.0
split_cifar10,adam,smallcnn,rms_global,3e-05,0.1,,time_varying,20,0.11857374459505077,0.05568535021555383,0.18146213897454772,5.0
split_cifar10,adam,smallcnn,rms_layerwise,3e-05,0.1,,frozen_boundary,1,0.041580351473142624,0.03851359087229846,0.044647112073986785,5.0
split_cifar10,adam,smallcnn,rms_layerwise,3e-05,0.1,,frozen_boundary,5,0.5679437845945359,0.5203378966712485,0.6155496725178232,5.0
split_cifar10,adam,smallcnn,rms_layerwise,3e-05,0.1,,frozen_boundary,10,0.6915662288665771,0.6478061962176879,0.7353262615154664,5.0
split_cifar10,adam,smallcnn,rms_layerwise,3e-05,0.1,,frozen_boundary,20,0.7608687112728754,0.7274570785457334,0.7942803440000173,5.0
split_cifar10,adam,smallcnn,rms_layerwise,3e-05,0.1,,time_varying,1,0.04158035103852542,0.038513589920887846,0.044647112156162995,5.0
split_cifar10,adam,smallcnn,rms_layerwise,3e-05,0.1,,time_varying,5,0.09696724244082959,0.05702298006448047,0.1369115048171787,5.0
split_cifar10,adam,smallcnn,rms_layerwise,3e-05,0.1,,time_varying,10,0.1497020571182171,0.1151973146516896,0.18420679958474462,5.0
split_cifar10,adam,smallcnn,rms_layerwise,3e-05,0.1,,time_varying,20,0.22716149042050038,0.12396280217128769,0.33036017866971307,5.0
split_cifar10,adam,smallcnn,rms_random_layerwise,3e-05,0.1,,frozen_boundary,1,0.01736644189804784,0.01520013296560562,0.01953275083049006,5.0
split_cifar10,adam,smallcnn,rms_random_layerwise,3e-05,0.1,,frozen_boundary,5,0.5336420744657516,0.5044569156573685,0.5628272332741348,5.0
split_cifar10,adam,smallcnn,rms_random_layerwise,3e-05,0.1,,frozen_boundary,10,0.6651323139667511,0.622207646599122,0.7080569813343802,5.0
split_cifar10,adam,smallcnn,rms_random_layerwise,3e-05,0.1,,frozen_boundary,20,0.7248630434274673,0.6700944098320735,0.7796316770228612,5.0
split_cifar10,adam,smallcnn,rms_random_layerwise,3e-05,0.1,,time_varying,1,0.01736644203774622,0.015200132987983223,0.019532751087509213,5.0
split_cifar10,adam,smallcnn,rms_random_layerwise,3e-05,0.1,,time_varying,5,0.0398045181296765,0.02322485290361517,0.05638418335573783,5.0
split_cifar10,adam,smallcnn,rms_random_layerwise,3e-05,0.1,,time_varying,10,0.06261636344715944,0.03356280584004541,0.09166992105427348,5.0
split_cifar10,adam,smallcnn,rms_random_layerwise,3e-05,0.1,,time_varying,20,0.10287847435101857,0.05035873724892628,0.15539821145311086,5.0
split_cifar10,heavy_ball,resnet18,momentum,0.01,0.1,0.9,frozen_boundary,1,3.918525981134735e-05,3.906987470838308e-05,3.930064491431162e-05,5.0
split_cifar10,heavy_ball,resnet18,momentum,0.01,0.1,0.9,frozen_boundary,5,0.009023416740819721,0.007019963519927289,0.011026869961712153,5.0
split_cifar10,heavy_ball,resnet18,momentum,0.01,0.1,0.9,frozen_boundary,10,0.025621999893337376,0.01612898117977598,0.03511501860689877,5.0
split_cifar10,heavy_ball,resnet18,momentum,0.01,0.1,0.9,frozen_boundary,20,2.1024266935884954,-0.9403718029781372,5.145225190155128,5.0
split_cifar10,heavy_ball,resnet18,momentum,0.01,0.1,0.9,frozen_boundary,40,660862.4519104004,-597521.846945183,1919246.750765984,5.0
split_cifar10,heavy_ball,resnet18,momentum,0.01,0.1,0.9,time_varying,1,3.918525981134735e-05,3.906987470838308e-05,3.930064491431162e-05,5.0
split_cifar10,heavy_ball,resnet18,momentum,0.01,0.1,0.9,time_varying,5,0.00770305753685524,0.006292707989439795,0.009113407084270685,5.0
split_cifar10,heavy_ball,resnet18,momentum,0.01,0.1,0.9,time_varying,10,0.012982948217540879,0.00996119796858487,0.016004698466496887,5.0
split_cifar10,heavy_ball,resnet18,momentum,0.01,0.1,0.9,time_varying,20,0.0213754282332956,0.017234046728976982,0.025516809737614218,5.0
split_cifar10,heavy_ball,resnet18,momentum,0.01,0.1,0.9,time_varying,40,0.039260126277804286,0.029951773135818656,0.048568479419789916,5.0
split_cifar10,heavy_ball,smallcnn,momentum,0.01,0.1,0.9,frozen_boundary,1,4.017761239083484e-05,4.0006365518148256e-05,4.034885926352142e-05,5.0
split_cifar10,heavy_ball,smallcnn,momentum,0.01,0.1,0.9,frozen_boundary,5,0.00887016553897402,0.006829963621160614,0.010910367456787425,5.0
split_cifar10,heavy_ball,smallcnn,momentum,0.01,0.1,0.9,frozen_boundary,10,0.031914784200489446,0.02196505751657469,0.0418645108844042,5.0
split_cifar10,heavy_ball,smallcnn,momentum,0.01,0.1,0.9,frozen_boundary,20,0.22421940341591826,0.1239461419118626,0.3244926649199739,5.0
split_cifar10,heavy_ball,smallcnn,momentum,0.01,0.1,0.9,frozen_boundary,40,16.211078119277953,5.498390666469726,26.923765572086182,5.0
split_cifar10,heavy_ball,smallcnn,momentum,0.01,0.1,0.9,time_varying,1,4.017761239083484e-05,4.0006365518148256e-05,4.034885926352142e-05,5.0
split_cifar10,heavy_ball,smallcnn,momentum,0.01,0.1,0.9,time_varying,5,0.00653750137425952,0.005940211299436298,0.007134791449082743,5.0
split_cifar10,heavy_ball,smallcnn,momentum,0.01,0.1,0.9,time_varying,10,0.01240326021797948,0.010538969531810768,0.01426755090414819,5.0
split_cifar10,heavy_ball,smallcnn,momentum,0.01,0.1,0.9,time_varying,20,0.0212912186048924,0.018712382769194274,0.023870054440590528,5.0
split_cifar10,heavy_ball,smallcnn,momentum,0.01,0.1,0.9,time_varying,40,0.037526597920805115,0.0343092800112325,0.04074391583037773,5.0
split_tinyimagenet,adam,resnet18,m,0.0001,0.01,,frozen_boundary,1,0.0016870671068316997,0.0015377421910636924,0.001836392022599707,5.0
split_tinyimagenet,adam,resnet18,m,0.0001,0.01,,frozen_boundary,5,0.12534441947937006,0.11331608695604287,0.13737275200269725,5.0
split_tinyimagenet,adam,resnet18,m,0.0001,0.01,,frozen_boundary,10,0.17096231132745737,0.15351032425736405,0.1884142983975507,5.0
split_tinyimagenet,adam,resnet18,m,0.0001,0.01,,frozen_boundary,20,0.2654702603816986,0.24960293637248276,0.2813375843909144,5.0
split_tinyimagenet,adam,resnet18,m,0.0001,0.01,,time_varying,1,0.0016870671068316997,0.0015377421910636924,0.001836392022599707,5.0
split_tinyimagenet,adam,resnet18,m,0.0001,0.01,,time_varying,5,0.11927737332880488,0.10577426152486813,0.13278048513274163,5.0
split_tinyimagenet,adam,resnet18,m,0.0001,0.01,,time_varying,10,0.16156921982765188,0.1417786958438847,0.18135974381141906,5.0
split_tinyimagenet,adam,resnet18,m,0.0001,0.01,,time_varying,20,0.22406899705529204,0.19391511595131528,0.2542228781592688,5.0
split_tinyimagenet,adam,resnet18,rms_global,1e-05,0.1,,frozen_boundary,1,0.03517842888832088,0.03481339470308303,0.03554346307355873,5.0
split_tinyimagenet,adam,resnet18,rms_global,1e-05,0.1,,frozen_boundary,5,0.5308645009994507,0.514611854358939,0.5471171476399624,5.0
split_tinyimagenet,adam,resnet18,rms_global,1e-05,0.1,,frozen_boundary,10,0.7171626567840577,0.7140367332323738,0.7202885803357415,5.0
split_tinyimagenet,adam,resnet18,rms_global,1e-05,0.1,,frozen_boundary,20,1.0188753604888916,0.9859127670638965,1.0518379539138867,5.0
split_tinyimagenet,adam,resnet18,rms_global,1e-05,0.1,,time_varying,1,0.03517842888832088,0.03481339470308303,0.03554346307355873,5.0
split_tinyimagenet,adam,resnet18,rms_global,1e-05,0.1,,time_varying,5,0.09474116861820217,0.08812921942507354,0.1013531178113308,5.0
split_tinyimagenet,adam,resnet18,rms_global,1e-05,0.1,,time_varying,10,0.18501757085323334,0.166395978478848,0.20363916322761869,5.0
split_tinyimagenet,adam,resnet18,rms_global,1e-05,0.1,,time_varying,20,0.30165199041366575,0.284739932622525,0.3185640482048065,5.0
split_tinyimagenet,adam,resnet18,rms_layerwise,1e-05,0.1,,frozen_boundary,1,0.03956234002751954,0.0380139094774969,0.04111077057754217,5.0
split_tinyimagenet,adam,resnet18,rms_layerwise,1e-05,0.1,,frozen_boundary,5,0.6630939551762172,0.6495643616844039,0.6766235486680304,5.0
split_tinyimagenet,adam,resnet18,rms_layerwise,1e-05,0.1,,frozen_boundary,10,0.7760718464851379,0.7684844777892215,0.7836592151810544,5.0
split_tinyimagenet,adam,resnet18,rms_layerwise,1e-05,0.1,,frozen_boundary,20,0.9359531879425049,0.8954937348636641,0.9764126410213457,5.0
split_tinyimagenet,adam,resnet18,rms_layerwise,1e-05,0.1,,time_varying,1,0.03956234066614073,0.03801390982669685,0.041110771505584606,5.0
split_tinyimagenet,adam,resnet18,rms_layerwise,1e-05,0.1,,time_varying,5,0.3707324630447796,0.366236264084069,0.37522866200549015,5.0
split_tinyimagenet,adam,resnet18,rms_layerwise,1e-05,0.1,,time_varying,10,0.4312724713768278,0.4181812792163768,0.44436366353727874,5.0
split_tinyimagenet,adam,resnet18,rms_layerwise,1e-05,0.1,,time_varying,20,0.48855347526924947,0.47946065873153315,0.4976462918069658,5.0
split_tinyimagenet,adam,resnet18,rms_random_layerwise,1e-05,0.1,,frozen_boundary,1,0.01895687561482182,0.017037087471178408,0.020876663758465232,5.0
split_tinyimagenet,adam,resnet18,rms_random_layerwise,1e-05,0.1,,frozen_boundary,5,0.521549278497696,0.49883789902233694,0.5442606579730549,5.0
split_tinyimagenet,adam,resnet18,rms_random_layerwise,1e-05,0.1,,frozen_boundary,10,0.6585634469985961,0.6403895764178533,0.676737317579339,5.0
split_tinyimagenet,adam,resnet18,rms_random_layerwise,1e-05,0.1,,frozen_boundary,20,0.8809027910232544,0.7540196438359716,1.0077859382105372,5.0
split_tinyimagenet,adam,resnet18,rms_random_layerwise,1e-05,0.1,,time_varying,1,0.01895687561482182,0.017037087471178408,0.020876663758465232,5.0
split_tinyimagenet,adam,resnet18,rms_random_layerwise,1e-05,0.1,,time_varying,5,0.11233948674052945,0.08874462169758669,0.13593435178347218,5.0
split_tinyimagenet,adam,resnet18,rms_random_layerwise,1e-05,0.1,,time_varying,10,0.17994184456765644,0.14669281274079277,0.2131908763945201,5.0
split_tinyimagenet,adam,resnet18,rms_random_layerwise,1e-05,0.1,,time_varying,20,0.2574020158499479,0.21158134457321845,0.30322268712667727,5.0
split_tinyimagenet,adam,smallcnn,m,1e-05,0.0001,,frozen_boundary,1,6.203525426826673e-05,3.849401123099539e-05,8.557649730553808e-05,5.0
split_tinyimagenet,adam,smallcnn,m,1e-05,0.0001,,frozen_boundary,5,0.0007075581510434,0.00017988641732164835,0.0012352298847651516,5.0
split_tinyimagenet,adam,smallcnn,m,1e-05,0.0001,,frozen_boundary,10,0.0015812618308699798,4.2726447824593256e-05,0.0031197972139153664,5.0
split_tinyimagenet,adam,smallcnn,m,1e-05,0.0001,,frozen_boundary,20,0.0029275279841384804,0.0010015372341992364,0.004853518734077724,5.0
split_tinyimagenet,adam,smallcnn,m,1e-05,0.0001,,time_varying,1,6.203525426826673e-05,3.849401123099539e-05,8.557649730553808e-05,5.0
split_tinyimagenet,adam,smallcnn,m,1e-05,0.0001,,time_varying,5,3.9733393623464505e-05,2.872808423180908e-05,5.073870301511993e-05,5.0
split_tinyimagenet,adam,smallcnn,m,1e-05,0.0001,,time_varying,10,5.47220467524312e-05,4.0030729110635e-05,6.941336439422739e-05,5.0
split_tinyimagenet,adam,smallcnn,m,1e-05,0.0001,,time_varying,20,0.00011562670970298257,7.35305094931115e-05,0.00015772290991285365,5.0
split_tinyimagenet,adam,smallcnn,rms_global,1e-05,0.1,,frozen_boundary,1,0.04821741357445712,0.0468647044549741,0.04957012269394014,5.0
split_tinyimagenet,adam,smallcnn,rms_global,1e-05,0.1,,frozen_boundary,5,0.5745273470878601,0.5512076502930577,0.5978470438826625,5.0
split_tinyimagenet,adam,smallcnn,rms_global,1e-05,0.1,,frozen_boundary,10,0.7209741115570069,0.6965051773299531,0.7454430457840606,5.0
split_tinyimagenet,adam,smallcnn,rms_global,1e-05,0.1,,frozen_boundary,20,0.8001489758491516,0.7740934221248756,0.8262045295734275,5.0
split_tinyimagenet,adam,smallcnn,rms_global,1e-05,0.1,,time_varying,1,0.04821741357445712,0.0468647044549741,0.04957012269394014,5.0
split_tinyimagenet,adam,smallcnn,rms_global,1e-05,0.1,,time_varying,5,0.0436088271439075,0.038685989126849916,0.04853166516096508,5.0
split_tinyimagenet,adam,smallcnn,rms_global,1e-05,0.1,,time_varying,10,0.042718779295682865,0.03665194583393303,0.0487856127574327,5.0
split_tinyimagenet,adam,smallcnn,rms_global,1e-05,0.1,,time_varying,20,0.05547337234020226,0.04792965225469937,0.06301709242570515,5.0
split_tinyimagenet,adam,smallcnn,rms_layerwise,1e-05,0.1,,frozen_boundary,1,0.048393836989998724,0.0467640579845911,0.05002361599540635,5.0
split_tinyimagenet,adam,smallcnn,rms_layerwise,1e-05,0.1,,frozen_boundary,5,0.5766717046499252,0.5318692052502833,0.6214742040495672,5.0
split_tinyimagenet,adam,smallcnn,rms_layerwise,1e-05,0.1,,frozen_boundary,10,0.7294040918350221,0.6861115623404423,0.7726966213296018,5.0
split_tinyimagenet,adam,smallcnn,rms_layerwise,1e-05,0.1,,frozen_boundary,20,0.8139813105265299,0.773296160820931,0.8546664602321288,5.0
split_tinyimagenet,adam,smallcnn,rms_layerwise,1e-05,0.1,,time_varying,1,0.04839383680373418,0.046764056806131805,0.05002361680133655,5.0
split_tinyimagenet,adam,smallcnn,rms_layerwise,1e-05,0.1,,time_varying,5,0.057111959469814996,0.05425073990202546,0.05997317903760453,5.0
split_tinyimagenet,adam,smallcnn,rms_layerwise,1e-05,0.1,,time_varying,10,0.05679456399132795,0.054446465333768554,0.059142662648887345,5.0
split_tinyimagenet,adam,smallcnn,rms_layerwise,1e-05,0.1,,time_varying,20,0.07176360537608456,0.057191663254073495,0.08633554749809563,5.0
split_tinyimagenet,adam,smallcnn,rms_random_layerwise,1e-05,0.1,,frozen_boundary,1,0.026688725035637545,0.024941357098355543,0.028436092972919547,5.0
split_tinyimagenet,adam,smallcnn,rms_random_layerwise,1e-05,0.1,,frozen_boundary,5,0.5652439683675766,0.5321964624579423,0.598291474277211,5.0
split_tinyimagenet,adam,smallcnn,rms_random_layerwise,1e-05,0.1,,frozen_boundary,10,0.7085843741893768,0.6771424651002803,0.7400262832784733,5.0
split_tinyimagenet,adam,smallcnn,rms_random_layerwise,1e-05,0.1,,frozen_boundary,20,0.7824662446975708,0.74408951404521,0.8208429753499316,5.0
split_tinyimagenet,adam,smallcnn,rms_random_layerwise,1e-05,0.1,,time_varying,1,0.026688725035637545,0.024941357098355543,0.028436092972919547,5.0
split_tinyimagenet,adam,smallcnn,rms_random_layerwise,1e-05,0.1,,time_varying,5,0.022526855859905402,0.019873637738412126,0.02518007398139868,5.0
split_tinyimagenet,adam,smallcnn,rms_random_layerwise,1e-05,0.1,,time_varying,10,0.025060743466019518,0.019651670523771436,0.0304698164082676,5.0
split_tinyimagenet,adam,smallcnn,rms_random_layerwise,1e-05,0.1,,time_varying,20,0.03422826630994667,0.030393861584603128,0.038062671035290215,5.0
split_tinyimagenet,heavy_ball,resnet18,momentum,0.003,0.1,0.9,frozen_boundary,1,0.0001367124837997,0.00013638641375541936,0.00013703855384398063,5.0
split_tinyimagenet,heavy_ball,resnet18,momentum,0.003,0.1,0.9,frozen_boundary,5,0.00987718794494856,0.009351838078207674,0.010402537811689445,5.0
split_tinyimagenet,heavy_ball,resnet18,momentum,0.003,0.1,0.9,frozen_boundary,10,0.02502949479967346,0.020822537019507724,0.029236452579839194,5.0
split_tinyimagenet,heavy_ball,resnet18,momentum,0.003,0.1,0.9,frozen_boundary,20,0.8117099367082119,0.3568184285894421,1.2666014448269816,5.0
split_tinyimagenet,heavy_ball,resnet18,momentum,0.003,0.1,0.9,frozen_boundary,40,7201.45484008789,521.726235898791,13881.18344427699,5.0
split_tinyimagenet,heavy_ball,resnet18,momentum,0.003,0.1,0.9,time_varying,1,0.0001367124837997,0.00013638641375541936,0.00013703855384398063,5.0
split_tinyimagenet,heavy_ball,resnet18,momentum,0.003,0.1,0.9,time_varying,5,0.008656207239255219,0.008129170818780382,0.009183243659730056,5.0
split_tinyimagenet,heavy_ball,resnet18,momentum,0.003,0.1,0.9,time_varying,10,0.011630192119628098,0.010999300021130214,0.012261084218125983,5.0
split_tinyimagenet,heavy_ball,resnet18,momentum,0.003,0.1,0.9,time_varying,20,0.015494897542521261,0.01474534769983596,0.016244447385206563,5.0
split_tinyimagenet,heavy_ball,resnet18,momentum,0.003,0.1,0.9,time_varying,40,0.02174299061298362,0.01975850243321286,0.02372747879275438,5.0
split_tinyimagenet,heavy_ball,smallcnn,momentum,0.003,0.1,0.9,frozen_boundary,1,0.0001326502271694,0.00013211554553042496,0.00013318490880837502,5.0
split_tinyimagenet,heavy_ball,smallcnn,momentum,0.003,0.1,0.9,frozen_boundary,5,0.00631679533980776,0.005603530212277748,0.007030060467337772,5.0
split_tinyimagenet,heavy_ball,smallcnn,momentum,0.003,0.1,0.9,frozen_boundary,10,0.01607606988400212,0.013610725392761877,0.018541414375242364,5.0
split_tinyimagenet,heavy_ball,smallcnn,momentum,0.003,0.1,0.9,frozen_boundary,20,0.05050740856677284,0.04419341281600339,0.05682140431754229,5.0
split_tinyimagenet,heavy_ball,smallcnn,momentum,0.003,0.1,0.9,frozen_boundary,40,0.33388484194874757,0.21385253359931777,0.45391715029817736,5.0
split_tinyimagenet,heavy_ball,smallcnn,momentum,0.003,0.1,0.9,time_varying,1,0.0001326502271694,0.00013211554553042496,0.00013318490880837502,5.0
split_tinyimagenet,heavy_ball,smallcnn,momentum,0.003,0.1,0.9,time_varying,5,0.00561623191460958,0.004964226733825692,0.006268237095393469,5.0
split_tinyimagenet,heavy_ball,smallcnn,momentum,0.003,0.1,0.9,time_varying,10,0.01050750724971286,0.0068325579527434765,0.014182456546682244,5.0
split_tinyimagenet,heavy_ball,smallcnn,momentum,0.003,0.1,0.9,time_varying,20,0.016896917298436058,0.010648551358451908,0.02314528323842021,5.0
split_tinyimagenet,heavy_ball,smallcnn,momentum,0.003,0.1,0.9,time_varying,40,0.02458168389275658,0.017256221386079018,0.03190714639943414,5.0
