dataset,optimizer,architecture,learning_rate,memory_component,horizon,radius_scale,momentum,beta1,beta2,tangent_model,response_model,n_seeds,endpoint_error,endpoint_error_lo,endpoint_error_hi,endpoint_cosine,endpoint_cosine_lo,endpoint_cosine_hi,centered_error,centered_error_lo,centered_error_hi,centered_cosine,centered_cosine_lo,centered_cosine_hi,tangent_norm,tangent_norm_lo,tangent_norm_hi,true_endpoint_norm,true_endpoint_norm_lo,true_endpoint_norm_hi,centered_fd_norm,centered_fd_norm_lo,centered_fd_norm_hi
split_cifar10,adam,resnet18,0.0003,m,1,0.01,,0.9,0.999,full_coupled,time_varying,5,0.0001086003423551,2.587379655770801e-05,0.0001913268881526,1.0000000089406966,0.9999999572667654,1.000000060614628,5.428227614173631e-05,1.3000561456816075e-05,9.556399082665654e-05,0.9999999821186064,0.999999937945125,1.000000026292088,4.934372347593308,2.5308651658317247,7.337879529354891,0.0493437237106263,0.0253086522676003,0.0733787951536522,4.934372287988663,2.5308651212846223,7.337879454692704
split_cifar10,adam,resnet18,0.0003,m,5,0.01,,0.9,0.999,full_coupled,time_varying,5,0.0181795909535139,0.0072637451121862,0.0290954367948416,0.999803465604782,0.9995524469786484,1.0000544842309158,0.010828135954216,0.0052855039536027,0.0163707679548293,0.9999332666397096,0.9998615970390664,1.0000049362403525,19.85653500556946,10.10138615408234,29.611683857056576,0.1985945917665958,0.1010508938683956,0.296138289664796,19.85771536827087,10.102566647410862,29.612864089130888
split_cifar10,adam,resnet18,0.0003,m,10,0.01,,0.9,0.999,full_coupled,time_varying,5,0.026981584727764,0.0134319546492728,0.0405312148062553,0.999587807059288,0.9991442771850626,1.0000313369335134,0.0165789020713418,0.009836181192323,0.0233216229503605,0.9998505592346192,0.9997227936015906,0.9999783248676478,31.341937732696532,15.928358028138616,46.75551743725445,0.3135205000638962,0.159396083167043,0.4676449169607493,31.34603905677795,15.93212623315337,46.75995188040254
split_cifar10,adam,resnet18,3e-05,m,20,0.01,,0.9,0.999,full_coupled,time_varying,5,0.0481318923644721,0.0110851207776946,0.0851786639512495,0.998482084274292,0.996046782239823,1.000917386308761,0.0249953228048979,0.006987293363498,0.0430033522462978,0.9996031701564788,0.9990001265434636,1.000206213769494,4.144220554828644,2.091703137658779,6.196737971998509,0.0414821277372538,0.0209848407714223,0.0619794147030854,4.145346927642822,2.093451912261716,6.197241943023928
split_cifar10,adam,resnet18,0.0003,rms_global,1,0.03,,0.9,0.999,full_coupled,time_varying,5,0.0106024498119949,0.0091531339119438,0.0120517657120461,0.9999826669692992,0.9999751406929492,0.9999901932456494,0.0001910746912471,0.0001831189111521,0.0001990304713421,0.999999976158142,0.9999999099625324,1.0000000423537518,0.4907253086566925,0.4402127427538216,0.5412378745595634,0.0145972698926925,0.0130628847094415,0.0161316550759434,0.4907152712345123,0.4402251283785167,0.5412054140905078
split_cifar10,adam,resnet18,3e-05,rms_global,5,0.1,,0.9,0.999,full_coupled,time_varying,5,0.0981829226016997,0.0785684649543613,0.1177973802490381,0.9953120946884156,0.993164871490088,0.9974593178867432,0.0815214172005652,0.062654421028454,0.1003884133726765,0.996608817577362,0.9949740807116008,0.9982435544431234,0.3594818651676178,0.3342460765323121,0.3847176538029235,0.0353464908897876,0.0328535275739941,0.0378394542055811,0.3580152690410614,0.3337884802592505,0.3822420578228723
split_cifar10,adam,resnet18,3e-05,rms_global,10,0.1,,0.9,0.999,full_coupled,time_varying,5,0.1833291441202163,0.1518755802076501,0.2147827080327825,0.9846978783607484,0.9790984617157028,0.9902972950057936,0.1702056765556335,0.1374084739373831,0.2030028791738839,0.9866025686264038,0.9810649754369106,0.992140161815897,0.7407823204994202,0.6987229246269085,0.7828417163719318,0.070896503329277,0.0667576093356782,0.0750353973228757,0.7123909592628479,0.6713504269242168,0.753431491601479
split_cifar10,adam,resnet18,3e-05,rms_global,20,0.1,,0.9,0.999,full_coupled,time_varying,5,0.3289268255233765,0.3064052065108546,0.3514484445358983,0.95811927318573,0.9507388359744692,0.9654997103969908,0.3198260307312012,0.2949191947571094,0.3447328667052929,0.9615692734718324,0.9535148715906964,0.969623675352968,1.1985905170440674,1.1594544802894806,1.237726553798654,0.1069541156291961,0.1045302283559636,0.1093780029024285,1.064021110534668,1.037613107238791,1.0904291138305449
split_cifar10,adam,resnet18,0.0003,rms_layerwise,1,0.03,,0.9,0.999,full_coupled,time_varying,5,0.0102867136842437,0.0089061539273186,0.0116672734411689,0.9999784333365304,0.9999711394436344,0.9999857272294264,0.0005005239704457,0.0004312462741577,0.0005698016667336,0.9999996866498676,0.9999995076305076,0.9999998656692272,0.1291456307550625,0.1207644566292342,0.1375268048808909,0.0038448852389202,0.0035879886305973,0.004101781847243,0.1291410442242132,0.1207645408612728,0.1375175475871536
split_cifar10,adam,resnet18,3e-05,rms_layerwise,5,0.1,,0.9,0.999,full_coupled,time_varying,5,0.3864648688052381,0.3708349786214999,0.4020947589889764,0.8381061451775688,0.8258902285122709,0.8503220618428666,0.292397671884724,0.2733115801295381,0.3114837636399099,0.9095146690096174,0.8984949680887779,0.9205343699304568,0.0949495744758418,0.0900424024958985,0.099856746455785,0.0095153362199198,0.0089779757543239,0.0100526966855156,0.0955067725719085,0.090499011750335,0.1005145333934819
split_cifar10,adam,resnet18,3e-05,rms_layerwise,10,0.1,,0.9,0.999,full_coupled,time_varying,5,0.4507788194077355,0.4370483602720958,0.4645092785433753,0.8047061954225813,0.7933040966121756,0.8161082942329869,0.3663047551044396,0.3517669511182333,0.3808425590906458,0.8776576927730015,0.866381277375703,0.8889341081703,0.2026164518802293,0.1903912675056563,0.2148416362548023,0.0204781808008971,0.019258722811358,0.0216976387904362,0.2037419504885162,0.1915069455358765,0.2159769554411559
split_cifar10,adam,resnet18,3e-05,rms_layerwise,20,0.1,,0.9,0.999,full_coupled,time_varying,5,0.4990096850054604,0.4834876726568327,0.514531697354088,0.7790846364838736,0.7700252948292549,0.7881439781384924,0.4332467020622322,0.4168213988978907,0.4496720052265737,0.8451404861041478,0.8353122124249347,0.854968759783361,0.3499102186943804,0.3267696163945163,0.3730508209942444,0.0354483771104631,0.0331893658428708,0.0377073883780553,0.3501308667074357,0.3270743456005674,0.373187387814304
split_cifar10,adam,resnet18,0.0003,rms_random_layerwise,1,0.1,,0.9,0.999,full_coupled,time_varying,5,0.016107736295089,0.0125953847442327,0.0196200878459453,0.9999189913272858,0.999893316728503,0.9999446659260686,0.0004399603727506,0.0003873806576107,0.0004925400878904,0.9999998897314072,0.9999998491950404,0.999999930267774,0.1752396058291196,0.1411765168717091,0.2093026947865301,0.0175339838257058,0.014048574070381,0.0210193935810307,0.175218616425991,0.141163313932974,0.209273918919008
split_cifar10,adam,resnet18,3e-05,rms_random_layerwise,5,0.1,,0.9,0.999,full_coupled,time_varying,5,0.1112132584676146,0.0825871126864639,0.1398394042487653,0.9920613557100296,0.9879772075181776,0.9961455039018816,0.0809016285464167,0.0598752070683345,0.1019280500244989,0.995739397406578,0.9936021943713284,0.9978766004418276,0.12947766687721,0.1035961567404574,0.1553591770139627,0.0130133005790411,0.0104081524976451,0.0156184486604371,0.1298250159248709,0.104126330195786,0.1555237016539558
split_cifar10,adam,resnet18,3e-05,rms_random_layerwise,10,0.1,,0.9,0.999,full_coupled,time_varying,5,0.1626124411821365,0.1241265561944125,0.2010983261698605,0.9826491624116898,0.9734061732100562,0.9918921516133232,0.1279226560145616,0.0972460039055017,0.1585993081236214,0.98914053440094,0.9831261509866218,0.995154917815258,0.2783990073949098,0.217740168089716,0.3390578467001037,0.0279544990975409,0.0219467223689034,0.0339622758261784,0.278564990311861,0.2189946037556383,0.3381353768680837
split_cifar10,adam,resnet18,3e-05,rms_random_layerwise,20,0.1,,0.9,0.999,full_coupled,time_varying,5,0.2274609338492155,0.183889925055686,0.2710319426427449,0.967434611916542,0.9521061997739028,0.9827630240591814,0.1932891763746738,0.1552523648261832,0.2313259879231644,0.9766508609056472,0.9653156640289215,0.9879860577823728,0.4783293135464191,0.3639202003670981,0.5927384267257402,0.0477385364007204,0.0367461982755653,0.0587308745258755,0.4749739088118076,0.3655056591137325,0.5844421585098827
split_cifar10,adam,smallcnn,0.0003,m,1,0.01,,0.9,0.999,full_coupled,time_varying,5,8.18937540003617e-08,7.882618662932726e-08,8.496132137139614e-08,0.9999999940395355,0.9999999440492484,1.000000044029823,7.768888607984082e-08,7.681108756940275e-08,7.856668459027886e-08,1.0000000089406966,0.9999999779805352,1.0000000399008582,1648.1921630859374,1032.9384718214828,2263.445854350392,16.481921243667603,10.329384417365269,22.634458069969934,1648.1921142578126,1032.9384765787413,2263.445751936884
split_cifar10,adam,smallcnn,3e-05,m,5,3e-05,,0.9,0.999,full_coupled,time_varying,5,0.0001834169597713,1.75551042624988e-05,0.0003492788152802,0.9999999821186064,0.9999998626394276,1.0000001015977853,9.167088683169828e-05,3.8137407581761253e-05,0.0001452043660816,1.0000000238418578,0.9999999526623372,1.0000000950213783,673.9320587158203,422.87716453592645,924.986952895714,0.0202178818173706,0.0126861520801649,0.0277496115545762,673.9323944091797,422.8782026079212,924.9865862104382
split_cifar10,adam,smallcnn,3e-05,m,10,0.0001,,0.9,0.999,full_coupled,time_varying,5,0.0058874595306405,-0.0019390341384455,0.0137139531997267,0.999916884303093,0.999745825774789,1.000087942831397,0.0039453759347452,-0.0015439176592662,0.0094346695287567,0.9999732911586762,0.9999214788031376,1.0000251035142147,1070.8597930908204,672.9259207942606,1468.7936653873803,0.1070571143180131,0.0672765294636797,0.1468376991723465,1070.6477783203125,672.9546088942129,1468.340947746412
split_cifar10,adam,smallcnn,3e-05,m,20,0.0001,,0.9,0.999,full_coupled,time_varying,5,0.0113658358248357,-0.0012886105953752,0.0240202822450468,0.9998173892498016,0.9995251029612324,1.0001096755383707,0.0070598564208921,-0.0007630562430155,0.0148827690847998,0.9999428123235704,0.9998507435676016,1.000034881079539,1442.1922607421875,909.630382974012,1974.7541385103632,0.1441973637789487,0.0909215447255666,0.1974731828323307,1441.9464233398437,909.5307386589008,1974.3621080207863
split_cifar10,adam,smallcnn,0.0003,rms_global,1,0.03,,0.9,0.999,full_coupled,time_varying,5,0.0120979275554418,0.0108949289081072,0.0133009262027763,0.9999903202056885,0.9999870089361376,0.9999936314752392,0.0003786235960432,0.0001195047952976,0.0006377423967889,0.9999999165534972,0.9999997544080302,1.0000000786989642,0.0408277884125709,0.0358343777816465,0.0458211990434952,0.0012112947879358,0.0010621719841537,0.0013604175917179,0.0408291444182395,0.0358366517289808,0.0458216371074982
split_cifar10,adam,smallcnn,3e-05,rms_global,5,0.1,,0.9,0.999,full_coupled,time_varying,5,0.0410155206918716,0.0309353878455406,0.0510956535382026,0.999406361579895,0.9990715020549424,0.9997412211048478,0.0247823694720863,0.0108783315892349,0.0386864073549378,0.9996449947357178,0.9992790222484116,1.0000109672230242,0.0328445307910441,0.0291570107336289,0.0365320508484594,0.0032135524321346,0.0028378382990234,0.0035892665652459,0.03278522901237,0.0291191913572651,0.036451266667475
split_cifar10,adam,smallcnn,3e-05,rms_global,10,0.1,,0.9,0.999,full_coupled,time_varying,5,0.0592391945421695,0.0421670910669414,0.0763112980173976,0.9983574509620666,0.99745707375466,0.9992578281694732,0.044667050987482,0.0308235382696578,0.0585105637053061,0.9989789724349976,0.998404148837996,0.9995537960319992,0.0785632863640784,0.072124297491633,0.0850022752365239,0.0077261837199329,0.0070505400481218,0.0084018273917441,0.0780995935201644,0.0716992930097867,0.0844998940305421
split_cifar10,adam,smallcnn,3e-05,rms_global,20,0.1,,0.9,0.999,full_coupled,time_varying,5,0.1185737445950507,0.055675266659639,0.1814722225304625,0.9923613905906676,0.9834918486369671,1.0012309325443685,0.0950323238968848,0.0676374183028225,0.1224272294909471,0.9956498622894288,0.9932402244735868,0.9980595001052708,0.1579158723354339,0.1493371319483438,0.1664946127225241,0.0154662709683179,0.0144685432762321,0.0164639986604037,0.1545974254608154,0.145610770747545,0.1635840801740857
split_cifar10,adam,smallcnn,0.0003,rms_layerwise,1,0.03,,0.9,0.999,full_coupled,time_varying,5,0.0122099433559923,0.0110840505709689,0.0133358361410158,0.9999909420808156,0.9999874648619942,0.9999944192996368,0.0004638010490452,0.0003708073191409,0.0005567947789495,0.9999998052914938,0.999999663749729,0.9999999468332584,0.0073360542139804,0.0066826579505283,0.0079894504774325,0.0002176390956302,0.0001981346176521,0.0002371435736084,0.0073363029900064,0.0066830056270106,0.0079896003530023
split_cifar10,adam,smallcnn,3e-05,rms_layerwise,5,0.1,,0.9,0.999,full_coupled,time_varying,5,0.0969672424408296,0.0570165753819135,0.1369179094997457,0.9839475159843764,0.9575606030592188,1.010334428909534,0.0564649057652179,0.0252697098897933,0.0876601016406426,0.9923823108275732,0.9773171739081244,1.007447447747022,0.0060127921643773,0.0053797816200235,0.006645802708731,0.0005908400371329,0.0005258254633226,0.0006558546109433,0.0060177534576116,0.0053883870155847,0.0066471198996386
split_cifar10,adam,smallcnn,3e-05,rms_layerwise,10,0.1,,0.9,0.999,full_coupled,time_varying,5,0.1497020571182171,0.1151917821444055,0.1842123320920287,0.9738522499799728,0.9569827239735595,0.9907217759863862,0.083533852151595,0.0581354710871333,0.1089322332160566,0.991957167784373,0.9828216905474182,1.0010926450213278,0.0147927822051617,0.0135436089668847,0.0160419554434388,0.0014659122074286,0.0013327794108562,0.0015990450040011,0.014785168798941,0.013544025687363,0.0160263119105191
split_cifar10,adam,smallcnn,3e-05,rms_layerwise,20,0.1,,0.9,0.999,full_coupled,time_varying,5,0.2271614904205003,0.1239462552431372,0.3303767255978635,0.9464243687689304,0.894957086637875,0.997891650899986,0.1478971016282836,0.0719007891823125,0.2238934140742547,0.97835251390934,0.9521692271978638,1.0045358006208158,0.0318865678062138,0.0300217521480298,0.0337513834643978,0.0032056193549881,0.0029625524519904,0.0034486862579858,0.0318804099765353,0.0299334404167768,0.0338273795362938
split_cifar10,adam,smallcnn,0.0003,rms_random_layerwise,1,0.1,,0.9,0.999,full_coupled,time_varying,5,0.0168228173628448,0.0145842529949354,0.0190613817307543,0.9999278515577316,0.9999078481579236,0.9999478549575396,0.0005006178340408,0.0003099513459085,0.0006912843221731,0.999999862909317,0.9999997691119248,0.999999956706709,0.0126107902266084,0.0107698847645607,0.0144516956886561,0.0012659800995606,0.0010809986590965,0.0014509615400247,0.0126117767067625,0.0107704093992296,0.0144531440142954
split_cifar10,adam,smallcnn,3e-05,rms_random_layerwise,5,0.1,,0.9,0.999,full_coupled,time_varying,5,0.0398045181296765,0.0232221945119834,0.0563868417473696,0.9987848430871964,0.9974574265762318,1.000112259598161,0.0223113934509455,0.0137863536122022,0.0308364332896888,0.999637606739998,0.9992822794359902,0.9999929340440056,0.0101885522250085,0.0087035327828014,0.0116735716672156,0.0010214962239842,0.0008735263692849,0.0011694660786835,0.0101870854152365,0.0087045793755188,0.0116695914549543
split_cifar10,adam,smallcnn,3e-05,rms_random_layerwise,10,0.1,,0.9,0.999,full_coupled,time_varying,5,0.0626163634471594,0.033558147378408,0.0916745795159109,0.9974507421255112,0.9954320690872412,0.9994694151637812,0.0424762706737964,0.0247065450189659,0.060245996328627,0.9989101976156236,0.9981616625770852,0.9996587326541616,0.0251646633259951,0.0218840054414284,0.0284453212105618,0.0025211639527696,0.0021951736924434,0.0028471542130958,0.025157416332513,0.0218802019471389,0.028434630717887
split_cifar10,adam,smallcnn,3e-05,rms_random_layerwise,20,0.1,,0.9,0.999,full_coupled,time_varying,5,0.1028784743510186,0.0503503162085909,0.1554066324934463,0.993299663066864,0.9868371514079568,0.9997621747257712,0.0745759120211004,0.0484503071916904,0.1007015168505104,0.9967408686876296,0.9947896789973916,0.9986920583778676,0.0542391205206513,0.0475796328045184,0.0608986082367841,0.0054336575325577,0.0047775662124341,0.0060897488526814,0.0541586043313145,0.0475514690783313,0.0607657395842976
split_cifar10,heavy_ball,resnet18,0.03,momentum,1,0.1,0.9,,,,time_varying,5,1.3043588933214776e-05,1.3007005561500653e-05,1.3080172304928902e-05,1.0000000059604646,0.999999933588574,1.000000078332355,6.537033618769783e-06,6.530112030666193e-06,6.543955206873372e-06,1.0000000655651091,0.9999999897285112,1.0000001414017077,3.0394933819770813,3.0371534976188657,3.041833266335297,0.3039493441581726,0.3037153615764677,0.3041833267398774,3.039493405818939,3.0371535365296567,3.0418332751082215
split_cifar10,heavy_ball,resnet18,0.01,momentum,5,0.1,0.9,,,,time_varying,5,0.0077030575368552,0.0062924818533035,0.009113633220407,0.9999698132276535,0.9999590132508152,0.9999806132044918,0.0053803448099642,0.004350830400498,0.0064098592194304,0.9999852687120436,0.9999797468160626,0.9999907906080248,4.149015283584594,4.145819118953472,4.152211448215716,0.4149164989590644,0.4145954465614644,0.4152375513566644,4.149103116989136,4.145906472938299,4.152299761039973
split_cifar10,heavy_ball,resnet18,0.01,momentum,10,0.1,0.9,,,,time_varying,5,0.0129829482175409,0.009960713459672,0.0160051829754098,0.9999133437871932,0.9998736602865086,0.999953027287878,0.0091932663461192,0.0069641703886015,0.0114223623036369,0.9999564170837404,0.9999355265629848,0.999977307604496,6.598981809616089,6.5938983179392725,6.604065301292906,0.6599584847688675,0.6594396816634737,0.6604772878742614,6.599309515953064,6.594206008054793,6.604413023851335
split_cifar10,heavy_ball,resnet18,0.01,momentum,20,0.1,0.9,,,,time_varying,5,0.0213754282332956,0.0172333826978409,0.0255174737687502,0.999766930937767,0.9996790306174798,0.9998548312580544,0.0151374062523245,0.012055425551729,0.01821938695292,0.999882897734642,0.9998364098904804,0.9999293855788036,8.899961805343628,8.893095485653905,8.90682812503335,0.8902035862207412,0.8894953274557934,0.8909118449856891,8.901015996932983,8.894078913388956,8.90795308047701
split_cifar10,heavy_ball,resnet18,0.01,momentum,40,0.1,0.9,,,,time_varying,5,0.0392601262778043,0.0299502806299229,0.0485699719256856,0.9992038577795028,0.9987994573781058,0.9996082581808998,0.0273342073895036,0.0207719931893192,0.033896421589688,0.9996143370866776,0.999418606455444,0.9998100677179113,9.982396125793455,9.974548125377012,9.990244126209902,0.999025747179985,0.9981957543824036,0.9998557399775664,9.986161947250366,9.97824665402612,9.994077240474612
split_cifar10,heavy_ball,smallcnn,0.03,momentum,1,0.1,0.9,,,,time_varying,5,1.3340725035959624e-05,1.3290159338682634e-05,1.3391290733236611e-05,0.9999999582767488,0.9999998910547891,1.000000025498708,6.682291177639854e-06,6.660366961791002e-06,6.704215393488705e-06,1.0000000208616258,0.9999999659751256,1.0000000757481258,0.32352354824543,0.3212027515833951,0.3258443449074649,0.0323523562401532,0.0321202775067788,0.0325844349735276,0.3235235512256622,0.3212027580178148,0.3258443444335096
split_cifar10,heavy_ball,smallcnn,0.01,momentum,5,0.1,0.9,,,,time_varying,5,0.0065375013742595,0.0059401155296535,0.0071348872188655,0.9999784111976624,0.9999746137428714,0.9999822086524534,0.0053650860907509,0.0042794734928791,0.0064506986886227,0.9999850124120712,0.9999784844600004,0.999991540364142,0.4416231244802475,0.4384549731275201,0.4447912758329749,0.0441646372899412,0.0438480225973675,0.0444812519825149,0.441643513739109,0.4384764219939175,0.4448106054843005
split_cifar10,heavy_ball,smallcnn,0.01,momentum,10,0.1,0.9,,,,time_varying,5,0.0124032602179795,0.0105386706105303,0.0142678498254287,0.9999211519956588,0.999894832006209,0.9999474719851088,0.0106599232181906,0.0081536435111422,0.0131662029252389,0.9999404102563858,0.9999089842708576,0.999971836241914,0.7024328649044037,0.6973931800914209,0.7074725497173865,0.0702546846121549,0.0697501843078453,0.0707591849164645,0.7025377929210663,0.6974941383048444,0.7075814475372882
split_cifar10,heavy_ball,smallcnn,0.01,momentum,20,0.1,0.9,,,,time_varying,5,0.0212912186048924,0.018711969277395,0.0238704679323898,0.9997695684432985,0.9997131162326166,0.99982602065398,0.0190386103000491,0.0160556866534728,0.0220215339466254,0.9998144924640656,0.9997534501342672,0.999875534793864,0.9474915146827698,0.9407340327587328,0.9542489966068068,0.0947836950421332,0.0941157137207837,0.0954516763634828,0.9478019803762436,0.9411225156952197,0.9544814450572676
split_cifar10,heavy_ball,smallcnn,0.01,momentum,40,0.1,0.9,,,,time_varying,5,0.0375265979208051,0.0343087641449052,0.040744431696705,0.9992864072322846,0.9991584503628176,0.9994143641017516,0.0352227942086755,0.0326329567625063,0.0378126316548448,0.9993703693151474,0.9992759244671336,0.9994648141631614,1.063043361902237,1.0555105826091984,1.0705761411952757,0.1063907448202371,0.1056370730373589,0.1071444166031152,1.0638243436813355,1.0563387246970724,1.0713099626655986
split_tinyimagenet,adam,resnet18,0.0001,m,1,0.01,,0.9,0.999,full_coupled,time_varying,5,0.0016870671068317,0.0015377182482336,0.0018364159654298,0.999998590350151,0.9999983395100568,0.9999988411902452,0.0008452232432318,0.0007696605331431,0.0009207859533205,0.9999996393918992,0.9999995660800746,0.9999997127037236,0.3018021106719971,0.2741847254241971,0.329419495919797,0.0030180258443578,0.0027418523254883,0.0032941993632273,0.3018022283911705,0.2741848666586454,0.3294195901236956
split_tinyimagenet,adam,resnet18,0.0001,m,5,0.01,,0.9,0.999,full_coupled,time_varying,5,0.1192773733288049,0.1057720964293168,0.1327826502282929,0.992802619934082,0.99119571730109,0.994409522567074,0.0621034597977995,0.0544373971010681,0.0697695224945309,0.9980507105588912,0.9975680423408884,0.9985333787768944,1.2182406187057495,1.106777837749498,1.3297033996620011,0.0122702499385922,0.0111632474982037,0.0133772523789807,1.220604532957077,1.109378675603679,1.331830390310475
split_tinyimagenet,adam,resnet18,0.0001,m,10,0.01,,0.9,0.999,full_coupled,time_varying,5,0.161569219827652,0.1417755226215892,0.1813629170337147,0.9867284953594208,0.9835480606790752,0.9899089300397664,0.0851582542061805,0.0740510544902584,0.0962654539221026,0.9963260948657988,0.9953726732302998,0.997279516501298,1.927197700738907,1.75152841738664,2.102866984091174,0.0195293645374476,0.0177985042237325,0.0212602248511627,1.934235727787018,1.759435163424675,2.109036292149361
split_tinyimagenet,adam,resnet18,0.0001,m,20,0.01,,0.9,0.999,full_coupled,time_varying,5,0.2240689970552921,0.1939102810632702,0.2542277130473139,0.974225416779518,0.9674048883480404,0.981045945210996,0.1178819902241229,0.1036992350745763,0.1320647453736695,0.9929473638534546,0.9912836450466264,0.9946110826602828,2.5934530973434446,2.357841010406178,2.829065184280711,0.0266148719936608,0.0243416548410408,0.0288880891462808,2.6116718530654905,2.378264890349306,2.845078815781675
split_tinyimagenet,adam,resnet18,0.0001,rms_global,1,0.03,,0.9,0.999,full_coupled,time_varying,5,0.0105490081012248,0.009950272283853,0.0111477439185966,0.999985146522522,0.9999823102318248,0.9999879828132192,0.0004112612805328,0.0003847074530172,0.0004378151080485,0.9999999880790712,0.9999998556878515,1.0000001204702906,0.214097586274147,0.1989211990758416,0.2292739734724523,0.0063658884726464,0.0059086648612741,0.0068231120840187,0.2140933930873871,0.198921550822696,0.2292652353520781
split_tinyimagenet,adam,resnet18,1e-05,rms_global,5,0.1,,0.9,0.999,full_coupled,time_varying,5,0.0947411686182021,0.0881281592619058,0.1013541779744984,0.9955656051635742,0.9949627374125044,0.996168472914644,0.0811030015349387,0.0749233411412524,0.0872826619286251,0.9966997742652892,0.9961902605481602,0.9972092879824184,0.1533089876174926,0.1505044015003012,0.1561135737346839,0.0152176488190888,0.0149693916134105,0.0154659060247671,0.1541012734174728,0.1515664233858835,0.1566361234490621
split_tinyimagenet,adam,resnet18,1e-05,rms_global,10,0.1,,0.9,0.999,full_coupled,time_varying,5,0.1850175708532333,0.1663929926836184,0.2036421490228482,0.9837203860282898,0.98061605121761,0.9868247208389695,0.1685570985078811,0.152856244395035,0.1842579526207272,0.9863566994667052,0.9839785272463036,0.9887348716871072,0.3003761649131774,0.293434655608674,0.3073176742176808,0.029203875735402,0.0283252910479574,0.0300824604228466,0.2936859369277954,0.2846241013737861,0.3027477724818047
split_tinyimagenet,adam,resnet18,1e-05,rms_global,20,0.1,,0.9,0.999,full_coupled,time_varying,5,0.3016519904136657,0.2847372209349067,0.3185667598924248,0.9617682814598084,0.9578159449948276,0.9657206179247892,0.2881925880908966,0.2751893368890177,0.3011958392927755,0.965651762485504,0.9627366643162096,0.9685668606547984,0.4918530106544495,0.4817343327922063,0.5019716885166926,0.0451853670179843,0.0440621036118533,0.0463086304241153,0.4510632872581482,0.4403852506141195,0.4617413239021768
split_tinyimagenet,adam,resnet18,0.0001,rms_layerwise,1,0.1,,0.9,0.999,full_coupled,time_varying,5,0.03684056901506,0.0353393271992194,0.0383418108309007,0.9998744709151132,0.9998399659733676,0.9999089758568585,0.0014799403326053,0.0014514579794192,0.0015084226857913,0.9999989867210388,0.999998877611943,0.9999990958301348,0.0543139451698931,0.0523138352502836,0.0563140550895026,0.0052746421094135,0.005069537606767,0.00547974661206,0.0542980827540824,0.0523056289160321,0.0562905365921326
split_tinyimagenet,adam,resnet18,1e-05,rms_layerwise,5,0.1,,0.9,0.999,full_coupled,time_varying,5,0.3707324630447796,0.3662355431613285,0.3752293829282307,0.8249137231281825,0.8189035501278342,0.8309238961285307,0.2920206300914287,0.2854243302128403,0.2986169299700171,0.892098583493914,0.8850855118468429,0.8991116551409851,0.0402842348358327,0.0394772527705774,0.041091216901088,0.0040513309101307,0.0039729857820537,0.0041296760382077,0.0407516109557555,0.0400059852058742,0.0414972367056368
split_tinyimagenet,adam,resnet18,1e-05,rms_layerwise,10,0.1,,0.9,0.999,full_coupled,time_varying,5,0.4312724713768278,0.4181791801682226,0.4443657625854329,0.8027391280446734,0.7973034723415471,0.8081747837477997,0.3536565003650528,0.3396632906074471,0.3676497101226586,0.8710430068629129,0.8648501160162559,0.8772358977095699,0.0843201157903032,0.0828455413726981,0.0857946902079082,0.0085938410600646,0.0084424160470549,0.0087452660730743,0.0856504379439034,0.0841488290859897,0.0871520468018171
split_tinyimagenet,adam,resnet18,1e-05,rms_layerwise,20,0.1,,0.9,0.999,full_coupled,time_varying,5,0.4885534752692494,0.479459200784882,0.4976477497536169,0.7763351640530995,0.7714825453526074,0.7811877827535917,0.4170433789491653,0.4090684092261465,0.4250183486721841,0.8433898644787924,0.8378710170397637,0.848908711917821,0.1420223945153078,0.1378222074671619,0.1462225815634537,0.0145360082953369,0.0140018395059118,0.015070177084762,0.143655676527747,0.1384124908092175,0.1488988622462765
split_tinyimagenet,adam,resnet18,0.0001,rms_random_layerwise,1,0.1,,0.9,0.999,full_coupled,time_varying,5,0.0158328642603009,0.0129946403969322,0.0186710881236696,0.999931824207306,0.9999139353327204,0.9999497130818914,0.0006267412594751,0.0005066686886881,0.0007468138302622,0.99999980032444,0.9999996446415697,0.9999999560073104,0.0743031652644276,0.0589288753065821,0.0896774552222731,0.00743778856704,0.0058965884424625,0.0089789886916176,0.0742941339500248,0.0589217956987324,0.0896664722013171
split_tinyimagenet,adam,resnet18,1e-05,rms_random_layerwise,5,0.1,,0.9,0.999,full_coupled,time_varying,5,0.1123394867405294,0.088740838485385,0.1359381349956739,0.9927273154258728,0.9896617729897412,0.9957928578620044,0.0841009935364126,0.0678597553756728,0.1003422316971525,0.995965650677681,0.9945312962640516,0.9974000050913104,0.0555595032870769,0.0442006323391775,0.0669183742349763,0.0056006007886025,0.0044532085743755,0.0067479930028295,0.0558794205076992,0.0445002244822112,0.0672586165331872
split_tinyimagenet,adam,resnet18,1e-05,rms_random_layerwise,10,0.1,,0.9,0.999,full_coupled,time_varying,5,0.1799418445676564,0.1466874815747669,0.213196207560546,0.9814651548862456,0.975268746805716,0.9876615629667757,0.1466535028070211,0.1215698675672352,0.1717371380468069,0.9878521621227264,0.9843995454116056,0.9913047788338474,0.1149356061592697,0.091267589760354,0.1386036225581854,0.0115994188003241,0.0092237147651843,0.0139751228354639,0.115523400902748,0.0920644065993465,0.1389823952061495
split_tinyimagenet,adam,resnet18,1e-05,rms_random_layerwise,20,0.1,,0.9,0.999,full_coupled,time_varying,5,0.2574020158499479,0.2115739976643741,0.3032300340355217,0.9628866463899612,0.951569346574236,0.9742039462056866,0.2209193907678127,0.1805004926452086,0.2613382888904167,0.9731703966856002,0.9650918016620011,0.9812489917091992,0.1921429358422756,0.1532029820060508,0.2310828896785003,0.0192156811710446,0.015426308777156,0.0230050535649332,0.1907654717564582,0.1533874726047046,0.2281434709082119
split_tinyimagenet,adam,smallcnn,0.0001,m,1,0.01,,0.9,0.999,full_coupled,time_varying,5,1.2067125574333206e-07,9.3039759280582e-08,1.4830275220608209e-07,1.0000000089406966,0.9999999540541966,1.0000000638271966,9.029966676621372e-08,8.089951562356746e-08,9.969981790885997e-08,1.000000047683716,1.0000000235597524,1.0000000718076794,778.7455017089844,447.8913593835859,1109.599644034383,7.78745481967926,4.4789136332985455,11.095996006059972,778.7454864501954,447.89135393282174,1109.5996189675689
split_tinyimagenet,adam,smallcnn,1e-05,m,5,0.0003,,0.9,0.999,full_coupled,time_varying,5,1.720180875963706e-05,1.2096841988238149e-05,2.2306775531035973e-05,1.00000002682209,0.9999999937242852,1.000000059919895,1.56536710619508e-05,-1.973830252566875e-06,3.3281172376468475e-05,1.00000002682209,0.999999984630502,1.0000000690136783,318.9633430480957,183.4830444458675,454.44364165032385,0.09568900950253,0.0550449119753353,0.1363331070297248,318.9633544921875,183.4830385618463,454.4436704225286
split_tinyimagenet,adam,smallcnn,1e-05,m,10,0.0003,,0.9,0.999,full_coupled,time_varying,5,2.683830884961935e-05,1.659401760704261e-05,3.708260009219609e-05,1.0000000029802325,0.9999999357582728,1.0000000702021916,3.719516387263402e-05,-2.4846888130321767e-05,9.92372158755898e-05,1.0000000059604646,0.9999999526560414,1.0000000592648877,507.4024322509766,291.9403241470543,722.8645403548988,0.1522207420319318,0.0875821067471001,0.2168593773167635,507.4024169921875,291.9402427358093,722.8645912485657
split_tinyimagenet,adam,smallcnn,1e-05,m,20,0.0001,,0.9,0.999,full_coupled,time_varying,5,0.000115626709703,7.35237597678101e-05,0.0001577296596382,0.9999999970197676,0.9999999639219628,1.0000000301175729,0.0001750554991303,-0.000126846201041,0.0004769571993018,0.9999998837709428,0.9999995685805976,1.000000198961288,684.4884033203125,393.8915724310204,975.0852342096046,0.0684488320723175,0.0393891355042984,0.0975085286403366,684.4881195068359,393.89094322604,975.0852957876318
split_tinyimagenet,adam,smallcnn,0.0001,rms_global,1,0.03,,0.9,0.999,full_coupled,time_varying,5,0.0142576115205883,0.0139101850714395,0.0146050379697371,0.999997127056122,0.9999961023596295,0.999998151752614,0.0008720635320059,0.0007884112433183,0.0009557158206934,0.9999995708465576,0.999999410398996,0.9999997312941196,0.0129434334114193,0.0117926670594081,0.0140941997634305,0.000382931344211,0.0003487421806532,0.0004171205077688,0.0129449199885129,0.0117941747646117,0.0140956652124141
split_tinyimagenet,adam,smallcnn,1e-05,rms_global,5,0.1,,0.9,0.999,full_coupled,time_varying,5,0.0436088271439075,0.0386851997965944,0.0485324544912205,0.9998378276824952,0.999611208343248,1.000064447021742,0.0079917160794138,0.0026548131340604,0.0133286190247672,0.9999614715576172,0.9999038107880174,1.000019132327217,0.0109793841838836,0.0096128510908464,0.0123459172769207,0.0010561247589066,0.0009230443388374,0.0011892051789757,0.0109726283699273,0.0096232516499624,0.0123220050898922
split_tinyimagenet,adam,smallcnn,1e-05,rms_global,10,0.1,,0.9,0.999,full_coupled,time_varying,5,0.0427187792956828,0.0366509730748883,0.0487865855164773,0.9996945023536682,0.9993926211847544,0.999996383522582,0.0158484609797596,0.0117363646630798,0.0199605572964393,0.9998797655105592,0.999807183480969,0.9999523475401492,0.0290435474365949,0.0258987458500273,0.0321883490231625,0.0028066298458724,0.002503878797474,0.0031093808942709,0.0289588324725627,0.0259554909497568,0.0319621739953686
split_tinyimagenet,adam,smallcnn,1e-05,rms_global,20,0.1,,0.9,0.999,full_coupled,time_varying,5,0.0554733723402022,0.047928442690931,0.0630183019894734,0.9989471077919008,0.9984486566349188,0.9994455589488824,0.0428441978991031,0.0356890009568303,0.0499993948413758,0.9991269707679749,0.9988070700524142,0.9994468714835356,0.0665120780467986,0.0624803359814686,0.0705438201121287,0.0064557409845292,0.0061116248159156,0.0067998571531427,0.0661039859056472,0.0628014217276409,0.0694065500836535
split_tinyimagenet,adam,smallcnn,0.0001,rms_layerwise,1,0.03,,0.9,0.999,full_coupled,time_varying,5,0.0144432687666266,0.014011027809717,0.0148755097235362,0.9999950170516968,0.9999926598922432,0.9999973742111504,0.00132673974731,0.0009391980672638,0.0017142814273561,0.999998900294304,0.9999980968886,0.999999703700008,0.0024736901598467,0.0020846271891321,0.0028627531305613,7.31880111099145e-05,6.165588714446971e-05,8.47201350753593e-05,0.0024739717955525,0.0020848864349936,0.0028630571561115
split_tinyimagenet,adam,smallcnn,1e-05,rms_layerwise,5,0.1,,0.9,0.999,full_coupled,time_varying,5,0.057111959469815,0.0542502811326805,0.0599736378069495,0.9989788919687272,0.998731547387232,0.9992262365502224,0.0185150615909757,0.0150271718187005,0.0220029513632509,0.9996366123358408,0.9995167659461234,0.9997564587255582,0.0021370162807821,0.0018346908092125,0.0024393417523518,0.0002056955744592,0.0001760238471359,0.0002353673017825,0.0021381139159832,0.0018365912522882,0.0024396365796782
split_tinyimagenet,adam,smallcnn,1e-05,rms_layerwise,10,0.1,,0.9,0.999,full_coupled,time_varying,5,0.056794563991328,0.0544460888384813,0.0591430391441746,0.9987874696652094,0.9985926659492478,0.998982273381171,0.0235876808913113,0.0189057653483581,0.0282695964342645,0.9994992305835086,0.9992736925076784,0.999724768659339,0.0056182849841812,0.0049475594032901,0.0062890105650723,0.0005438241993942,0.0004776563086877,0.0006099920901007,0.0056211613756506,0.0049564652399177,0.0062858575113836
split_tinyimagenet,adam,smallcnn,1e-05,rms_layerwise,20,0.1,,0.9,0.999,full_coupled,time_varying,5,0.0717636053760846,0.0571893267817462,0.0863378839704229,0.996999921401342,0.9949840157175398,0.999015827085144,0.0390138007157171,0.0308236153245982,0.0472039861068359,0.9987878551085788,0.9983201146433436,0.9992555955738144,0.0133062773549075,0.0123458652524447,0.0142666894573702,0.0012981847108675,0.0012031905782063,0.0013931788435288,0.0133309459294347,0.0123918593128534,0.014270032546016
split_tinyimagenet,adam,smallcnn,0.0001,rms_random_layerwise,1,0.1,,0.9,0.999,full_coupled,time_varying,5,0.0197544198483228,0.0181081709339646,0.021400668762681,0.9999072402715684,0.9998880811867248,0.9999263993564116,0.0009251607232726,0.0007900096503167,0.0010603117962286,0.999999612569809,0.999999464551926,0.999999760587692,0.0042350584757513,0.003616989270527,0.0048531276809756,0.0004255772539181,0.0003639592872627,0.0004871952205734,0.0042360694962553,0.0036179730531405,0.0048541659393701
split_tinyimagenet,adam,smallcnn,1e-05,rms_random_layerwise,5,0.1,,0.9,0.999,full_coupled,time_varying,5,0.0225268558599054,0.0198732123201208,0.02518049939969,0.9998129963874816,0.9996997033939184,0.9999262893810448,0.0078004048205911,0.0069137454747437,0.0086870641664385,0.9999679625034332,0.9999603027120588,0.9999756222948076,0.0035109370248391,0.0027269768107047,0.0042948972389736,0.0003525011314195,0.0002741941002074,0.0004308081626315,0.0035115790436975,0.0027285851036245,0.0042945729837704
split_tinyimagenet,adam,smallcnn,1e-05,rms_random_layerwise,10,0.1,,0.9,0.999,full_coupled,time_varying,5,0.0250607434660195,0.0196508032303702,0.0304706837016689,0.9996993273496628,0.9994367761945804,0.9999618785047452,0.0119737018598243,0.0106833243283102,0.0132640793913383,0.9999239832162856,0.9999071760836468,0.9999407903489246,0.0093020495027303,0.0074598897921468,0.0111442092133137,0.0009333478636107,0.000749334601637,0.0011173611255844,0.0093019150895997,0.0074621775820107,0.0111416525971887
split_tinyimagenet,adam,smallcnn,1e-05,rms_random_layerwise,20,0.1,,0.9,0.999,full_coupled,time_varying,5,0.0342282663099467,0.030393246774274,0.0380632858456193,0.999407234787941,0.9992685469030974,0.9995459226727846,0.0253226809669285,0.020178698667349,0.030466663266508,0.9996452420949936,0.9995095448201898,0.9997809393697974,0.0219849362038075,0.0185896158484766,0.0253802565591384,0.0022050263767595,0.0018654311017158,0.0025446216518033,0.0219819247256964,0.0185840621005268,0.0253797873508659
split_tinyimagenet,heavy_ball,resnet18,0.01,momentum,1,0.1,0.9,,,,time_varying,5,4.1073864122154194e-05,4.096416045768398e-05,4.118356778662441e-05,1.0000000149011612,0.9999999756519928,1.0000000541503296,2.0526368825812823e-05,2.04731200714418e-05,2.0579617580183845e-05,1.0000000298023224,0.9999999513039858,1.000000108300659,1.0440243184566498,1.043661345542307,1.0443872913709926,0.1044024351984262,0.1043661398007546,0.1044387305960977,1.0440243542194367,1.0436613741341267,1.0443873343047467
split_tinyimagenet,heavy_ball,resnet18,0.01,momentum,5,0.1,0.9,,,,time_varying,5,0.0073011199012398,0.0068277826325945,0.007774457169885,0.9999732285737992,0.999969740728208,0.9999767164193902,0.0051630574511363,0.0049201032543496,0.0054060116479231,0.999986645579338,0.9999853661527712,0.9999879250059048,4.275386214256287,4.273897110275098,4.276875318237475,0.4275484666228294,0.4273990624148817,0.4276978708307771,4.2754281759262085,4.273936458948626,4.276919892903791
split_tinyimagenet,heavy_ball,resnet18,0.01,momentum,10,0.1,0.9,,,,time_varying,5,0.0114112905692308,0.0105714855590701,0.0122510955793915,0.9999346375465392,0.9999250507493682,0.9999442243437104,0.0082819341449066,0.0078778835768428,0.0086859847129704,0.9999656319618224,0.9999622752310234,0.9999689886926216,6.799986958503723,6.797615122413802,6.802358794593644,0.6800352156162262,0.6798007420112414,0.6802696892212109,6.800141739845276,6.797782744235459,6.802500735455093
split_tinyimagenet,heavy_ball,resnet18,0.003,momentum,20,0.1,0.9,,,,time_varying,5,0.0154948975425213,0.0147452275166476,0.0162445675683949,0.9998796343803406,0.9998679460143308,0.9998913227463504,0.0103393540251999,0.0099510179182977,0.0107276901321021,0.9999464899301528,0.9999424846983048,0.999950495162001,2.751285433769226,2.7503296133735615,2.75224125416489,0.2751605287194252,0.2750675280046481,0.2752535294342023,2.751420247554779,2.750479581491404,2.752360913618154
split_tinyimagenet,heavy_ball,resnet18,0.003,momentum,40,0.1,0.9,,,,time_varying,5,0.0217429906129836,0.0197581842394075,0.0237277969865598,0.9997621536254884,0.9997186681691844,0.999805639081792,0.0147842275910078,0.0136073683227629,0.0159610868592528,0.9998902320861816,0.9998722999233396,0.9999081642490238,3.085783565044403,3.0847147120020586,3.0868524180867474,0.3086499750614166,0.3085554828671901,0.3087444672556431,3.086101663112641,3.085087613156772,3.087115713068509
split_tinyimagenet,heavy_ball,smallcnn,0.01,momentum,1,0.1,0.9,,,,time_varying,5,3.981731897511054e-05,3.9686331853428816e-05,3.9948306096792266e-05,1.0000000059604646,0.9999999347809438,1.0000000771399853,1.9920047179766694e-05,1.9809309442108476e-05,2.003078491742492e-05,1.00000002682209,0.9999999649017672,1.0000000887424132,0.1573764406144618,0.1515490797557173,0.1632038014732063,0.0157376454677432,0.0151549094121381,0.0163203815233482,0.1573764473199844,0.1515490879811662,0.1632038066588025
split_tinyimagenet,heavy_ball,smallcnn,0.003,momentum,5,0.1,0.9,,,,time_varying,5,0.0056162319146096,0.0049641221909961,0.0062683416382231,0.9999840021133424,0.9999802936126798,0.9999877106140048,0.0037559996126219,0.0032874265569775,0.0042245726682663,0.9999928683042526,0.9999910813005428,0.9999946553079624,0.1933347925543785,0.1861767031529766,0.2004928819557803,0.0193336744792759,0.0186176310201981,0.0200497179383536,0.1933350808918475,0.1861756480861619,0.2004945136975332
split_tinyimagenet,heavy_ball,smallcnn,0.003,momentum,10,0.1,0.9,,,,time_varying,5,0.0105075072497128,0.0068319687095757,0.01418304578985,0.9999342918395996,0.9998707360650484,0.9999978476141508,0.0088455480756237,0.0036877377380471,0.0140033584132004,0.999953842163086,0.9998944816246592,1.0000132027015125,0.3074843168258667,0.2961013081534929,0.3188673254982404,0.0307496271096169,0.0296099670835626,0.0318892871356712,0.3074922129511833,0.2960968185296972,0.3188876073726694
split_tinyimagenet,heavy_ball,smallcnn,0.003,momentum,20,0.1,0.9,,,,time_varying,5,0.0168969172984361,0.0106475494924009,0.0231462851044713,0.999825382232666,0.9996421238767136,1.0000086405886186,0.0149265159852802,0.005990272613953,0.0238627593566074,0.99986771941185,0.9996927482578292,1.0000426905658708,0.4146774515509605,0.3993261169145531,0.4300287861873679,0.0414724709466099,0.039931940643192,0.0430130012500278,0.4147106617689132,0.3993101872314462,0.4301111363063803
split_tinyimagenet,heavy_ball,smallcnn,0.003,momentum,40,0.1,0.9,,,,time_varying,5,0.0245816838927566,0.0172550468178377,0.0319083209676755,0.999656704068184,0.9993862501277928,0.999927158008575,0.0210437715053557,0.0110964737823417,0.0309910692283698,0.9997521549463272,0.9994945335286636,1.0000097763639908,0.465081025660038,0.4478608900553416,0.4823011612647344,0.046520311012864,0.0447878585000707,0.0482527635256574,0.4651652738451958,0.4478552784126319,0.4824752692777597
