optimizer,architecture,seed,policy,horizon,learning_rate,momentum,beta2,certificate_tradeoff,certificate_radius_scale,predicted_A_change,predicted_B_change,A_loss,A_acc,B_loss,B_acc,memory_component,state_parameterization,nominal_memory,step_offset,response_rank,A_loss_reset,B_loss_reset,delta_forgetting,delta_progress
heavy_ball,resnet18,0,reset,40,0.01,0.5,,0.25,1.0,-0.005630535073578358,0.0014929597964510322,2.6655128173828126,0.1676,1.2022976257324218,0.4908,,,,,,2.6655128173828126,1.2022976257324218,0.0,0.0
heavy_ball,resnet18,0,reset,40,0.01,0.5,,0.25,1.0,-0.005630535073578358,0.0014929597964510322,2.6655128173828126,0.1676,1.2022976257324218,0.4908,,,,,,2.6655128173828126,1.2022976257324218,0.0,0.0
heavy_ball,resnet18,0,reset,40,0.01,0.5,,0.25,1.0,-0.005630535073578358,0.0014929597964510322,2.6655128173828126,0.1676,1.2022976257324218,0.4908,,,,,,2.6655128173828126,1.2022976257324218,0.0,0.0
heavy_ball,resnet18,0,reset,40,0.01,0.5,,0.25,1.0,-0.005630535073578358,0.0014929597964510322,2.6655128173828126,0.1676,1.2022976257324218,0.4908,,,,,,2.6655128173828126,1.2022976257324218,0.0,0.0
heavy_ball,resnet18,0,inherit,40,0.01,0.5,,0.25,1.0,-0.005630535073578358,0.0014929597964510322,2.6961042358398437,0.1684,1.2085638122558593,0.4964,,,,,,2.6655128173828126,1.2022976257324218,0.03059141845703106,-0.006266186523437467
heavy_ball,resnet18,0,inherit,40,0.01,0.5,,0.25,1.0,-0.005630535073578358,0.0014929597964510322,2.6961042358398437,0.1684,1.2085638122558593,0.4964,,,,,,2.6655128173828126,1.2022976257324218,0.03059141845703106,-0.006266186523437467
heavy_ball,resnet18,0,inherit,40,0.01,0.5,,0.25,1.0,-0.005630535073578358,0.0014929597964510322,2.6961042358398437,0.1684,1.2085638122558593,0.4964,,,,,,2.6655128173828126,1.2022976257324218,0.03059141845703106,-0.006266186523437467
heavy_ball,resnet18,0,inherit,40,0.01,0.5,,0.25,1.0,-0.005630535073578358,0.0014929597964510322,2.6961042358398437,0.1684,1.2085638122558593,0.4964,,,,,,2.6655128173828126,1.2022976257324218,0.03059141845703106,-0.006266186523437467
heavy_ball,resnet18,0,tangent_certificate,40,0.01,0.5,,0.25,1.0,-0.005630535073578358,0.0014929597964510322,2.6467814331054687,0.1656,1.1975015441894532,0.4892,,,,,,2.6655128173828126,1.2022976257324218,-0.018731384277344,0.004796081542968622
heavy_ball,resnet18,0,tangent_certificate,40,0.01,0.5,,0.25,1.0,-0.005630535073578358,0.0014929597964510322,2.6467814331054687,0.1656,1.1975015441894532,0.4892,,,,,,2.6655128173828126,1.2022976257324218,-0.018731384277344,0.004796081542968622
heavy_ball,resnet18,0,tangent_certificate,40,0.01,0.5,,0.25,1.0,-0.005630535073578358,0.0014929597964510322,2.6467814331054687,0.1656,1.1975015441894532,0.4892,,,,,,2.6655128173828126,1.2022976257324218,-0.018731384277344,0.004796081542968622
heavy_ball,resnet18,0,tangent_certificate,40,0.01,0.5,,0.25,1.0,-0.005630535073578358,0.0014929597964510322,2.6467814331054687,0.1656,1.1975015441894532,0.4892,,,,,,2.6655128173828126,1.2022976257324218,-0.018731384277344,0.004796081542968622
heavy_ball,resnet18,0,random_matched_norm,40,0.01,0.5,,0.25,1.0,-0.005630535073578358,0.0014929597964510322,2.680987890625,0.168,1.2054286254882813,0.498,,,,,,2.6655128173828126,1.2022976257324218,0.015475073242187332,-0.0031309997558595093
heavy_ball,resnet18,0,random_matched_norm,40,0.01,0.5,,0.25,1.0,-0.005630535073578358,0.0014929597964510322,2.680987890625,0.168,1.2054286254882813,0.498,,,,,,2.6655128173828126,1.2022976257324218,0.015475073242187332,-0.0031309997558595093
heavy_ball,resnet18,0,random_matched_norm,40,0.01,0.5,,0.25,1.0,-0.005630535073578358,0.0014929597964510322,2.680987890625,0.168,1.2054286254882813,0.498,,,,,,2.6655128173828126,1.2022976257324218,0.015475073242187332,-0.0031309997558595093
heavy_ball,resnet18,0,random_matched_norm,40,0.01,0.5,,0.25,1.0,-0.005630535073578358,0.0014929597964510322,2.680987890625,0.168,1.2054286254882813,0.498,,,,,,2.6655128173828126,1.2022976257324218,0.015475073242187332,-0.0031309997558595093
heavy_ball,resnet18,0,reset,40,0.01,0.5,,0.25,1.0,-0.005630535073578358,0.0014929597964510322,2.6655128173828126,0.1676,1.2022976257324218,0.4908,momentum,additive,reset,0.0,8.0,2.6655128173828126,1.2022976257324218,0.0,0.0
heavy_ball,resnet18,0,reset,40,0.01,0.5,,0.25,1.0,-0.005630535073578358,0.0014929597964510322,2.6655128173828126,0.1676,1.2022976257324218,0.4908,momentum,additive,reset,0.0,8.0,2.6655128173828126,1.2022976257324218,0.0,0.0
heavy_ball,resnet18,0,reset,40,0.01,0.5,,0.25,1.0,-0.005630535073578358,0.0014929597964510322,2.6655128173828126,0.1676,1.2022976257324218,0.4908,momentum,additive,reset,0.0,8.0,2.6655128173828126,1.2022976257324218,0.0,0.0
heavy_ball,resnet18,0,reset,40,0.01,0.5,,0.25,1.0,-0.005630535073578358,0.0014929597964510322,2.6655128173828126,0.1676,1.2022976257324218,0.4908,momentum,additive,reset,0.0,8.0,2.6655128173828126,1.2022976257324218,0.0,0.0
heavy_ball,resnet18,0,inherit,40,0.01,0.5,,0.25,1.0,-0.005630535073578358,0.0014929597964510322,2.6961042358398437,0.1684,1.2085638122558593,0.4964,momentum,additive,reset,0.0,8.0,2.6655128173828126,1.2022976257324218,0.03059141845703106,-0.006266186523437467
heavy_ball,resnet18,0,inherit,40,0.01,0.5,,0.25,1.0,-0.005630535073578358,0.0014929597964510322,2.6961042358398437,0.1684,1.2085638122558593,0.4964,momentum,additive,reset,0.0,8.0,2.6655128173828126,1.2022976257324218,0.03059141845703106,-0.006266186523437467
heavy_ball,resnet18,0,inherit,40,0.01,0.5,,0.25,1.0,-0.005630535073578358,0.0014929597964510322,2.6961042358398437,0.1684,1.2085638122558593,0.4964,momentum,additive,reset,0.0,8.0,2.6655128173828126,1.2022976257324218,0.03059141845703106,-0.006266186523437467
heavy_ball,resnet18,0,inherit,40,0.01,0.5,,0.25,1.0,-0.005630535073578358,0.0014929597964510322,2.6961042358398437,0.1684,1.2085638122558593,0.4964,momentum,additive,reset,0.0,8.0,2.6655128173828126,1.2022976257324218,0.03059141845703106,-0.006266186523437467
heavy_ball,resnet18,0,tangent_certificate,40,0.01,0.5,,0.25,1.0,-0.005630535073578358,0.0014929597964510322,2.6467814331054687,0.1656,1.1975015441894532,0.4892,momentum,additive,reset,0.0,8.0,2.6655128173828126,1.2022976257324218,-0.018731384277344,0.004796081542968622
heavy_ball,resnet18,0,tangent_certificate,40,0.01,0.5,,0.25,1.0,-0.005630535073578358,0.0014929597964510322,2.6467814331054687,0.1656,1.1975015441894532,0.4892,momentum,additive,reset,0.0,8.0,2.6655128173828126,1.2022976257324218,-0.018731384277344,0.004796081542968622
heavy_ball,resnet18,0,tangent_certificate,40,0.01,0.5,,0.25,1.0,-0.005630535073578358,0.0014929597964510322,2.6467814331054687,0.1656,1.1975015441894532,0.4892,momentum,additive,reset,0.0,8.0,2.6655128173828126,1.2022976257324218,-0.018731384277344,0.004796081542968622
heavy_ball,resnet18,0,tangent_certificate,40,0.01,0.5,,0.25,1.0,-0.005630535073578358,0.0014929597964510322,2.6467814331054687,0.1656,1.1975015441894532,0.4892,momentum,additive,reset,0.0,8.0,2.6655128173828126,1.2022976257324218,-0.018731384277344,0.004796081542968622
heavy_ball,resnet18,0,random_matched_norm,40,0.01,0.5,,0.25,1.0,-0.005630535073578358,0.0014929597964510322,2.680987890625,0.168,1.2054286254882813,0.498,momentum,additive,reset,0.0,8.0,2.6655128173828126,1.2022976257324218,0.015475073242187332,-0.0031309997558595093
heavy_ball,resnet18,0,random_matched_norm,40,0.01,0.5,,0.25,1.0,-0.005630535073578358,0.0014929597964510322,2.680987890625,0.168,1.2054286254882813,0.498,momentum,additive,reset,0.0,8.0,2.6655128173828126,1.2022976257324218,0.015475073242187332,-0.0031309997558595093
heavy_ball,resnet18,0,random_matched_norm,40,0.01,0.5,,0.25,1.0,-0.005630535073578358,0.0014929597964510322,2.680987890625,0.168,1.2054286254882813,0.498,momentum,additive,reset,0.0,8.0,2.6655128173828126,1.2022976257324218,0.015475073242187332,-0.0031309997558595093
heavy_ball,resnet18,0,random_matched_norm,40,0.01,0.5,,0.25,1.0,-0.005630535073578358,0.0014929597964510322,2.680987890625,0.168,1.2054286254882813,0.498,momentum,additive,reset,0.0,8.0,2.6655128173828126,1.2022976257324218,0.015475073242187332,-0.0031309997558595093
heavy_ball,resnet18,0,reset,40,0.01,0.5,,0.25,1.0,-0.005630535073578358,0.0014929597964510322,2.6655128173828126,0.1676,1.2022976257324218,0.4908,momentum,additive,reset,0.0,8.0,2.6655128173828126,1.2022976257324218,0.0,0.0
heavy_ball,resnet18,0,reset,40,0.01,0.5,,0.25,1.0,-0.005630535073578358,0.0014929597964510322,2.6655128173828126,0.1676,1.2022976257324218,0.4908,momentum,additive,reset,0.0,8.0,2.6655128173828126,1.2022976257324218,0.0,0.0
heavy_ball,resnet18,0,reset,40,0.01,0.5,,0.25,1.0,-0.005630535073578358,0.0014929597964510322,2.6655128173828126,0.1676,1.2022976257324218,0.4908,momentum,additive,reset,0.0,8.0,2.6655128173828126,1.2022976257324218,0.0,0.0
heavy_ball,resnet18,0,reset,40,0.01,0.5,,0.25,1.0,-0.005630535073578358,0.0014929597964510322,2.6655128173828126,0.1676,1.2022976257324218,0.4908,momentum,additive,reset,0.0,8.0,2.6655128173828126,1.2022976257324218,0.0,0.0
heavy_ball,resnet18,0,inherit,40,0.01,0.5,,0.25,1.0,-0.005630535073578358,0.0014929597964510322,2.6961042358398437,0.1684,1.2085638122558593,0.4964,momentum,additive,reset,0.0,8.0,2.6655128173828126,1.2022976257324218,0.03059141845703106,-0.006266186523437467
heavy_ball,resnet18,0,inherit,40,0.01,0.5,,0.25,1.0,-0.005630535073578358,0.0014929597964510322,2.6961042358398437,0.1684,1.2085638122558593,0.4964,momentum,additive,reset,0.0,8.0,2.6655128173828126,1.2022976257324218,0.03059141845703106,-0.006266186523437467
heavy_ball,resnet18,0,inherit,40,0.01,0.5,,0.25,1.0,-0.005630535073578358,0.0014929597964510322,2.6961042358398437,0.1684,1.2085638122558593,0.4964,momentum,additive,reset,0.0,8.0,2.6655128173828126,1.2022976257324218,0.03059141845703106,-0.006266186523437467
heavy_ball,resnet18,0,inherit,40,0.01,0.5,,0.25,1.0,-0.005630535073578358,0.0014929597964510322,2.6961042358398437,0.1684,1.2085638122558593,0.4964,momentum,additive,reset,0.0,8.0,2.6655128173828126,1.2022976257324218,0.03059141845703106,-0.006266186523437467
heavy_ball,resnet18,0,tangent_certificate,40,0.01,0.5,,0.25,1.0,-0.005630535073578358,0.0014929597964510322,2.6467814331054687,0.1656,1.1975015441894532,0.4892,momentum,additive,reset,0.0,8.0,2.6655128173828126,1.2022976257324218,-0.018731384277344,0.004796081542968622
heavy_ball,resnet18,0,tangent_certificate,40,0.01,0.5,,0.25,1.0,-0.005630535073578358,0.0014929597964510322,2.6467814331054687,0.1656,1.1975015441894532,0.4892,momentum,additive,reset,0.0,8.0,2.6655128173828126,1.2022976257324218,-0.018731384277344,0.004796081542968622
heavy_ball,resnet18,0,tangent_certificate,40,0.01,0.5,,0.25,1.0,-0.005630535073578358,0.0014929597964510322,2.6467814331054687,0.1656,1.1975015441894532,0.4892,momentum,additive,reset,0.0,8.0,2.6655128173828126,1.2022976257324218,-0.018731384277344,0.004796081542968622
heavy_ball,resnet18,0,tangent_certificate,40,0.01,0.5,,0.25,1.0,-0.005630535073578358,0.0014929597964510322,2.6467814331054687,0.1656,1.1975015441894532,0.4892,momentum,additive,reset,0.0,8.0,2.6655128173828126,1.2022976257324218,-0.018731384277344,0.004796081542968622
heavy_ball,resnet18,0,random_matched_norm,40,0.01,0.5,,0.25,1.0,-0.005630535073578358,0.0014929597964510322,2.680987890625,0.168,1.2054286254882813,0.498,momentum,additive,reset,0.0,8.0,2.6655128173828126,1.2022976257324218,0.015475073242187332,-0.0031309997558595093
heavy_ball,resnet18,0,random_matched_norm,40,0.01,0.5,,0.25,1.0,-0.005630535073578358,0.0014929597964510322,2.680987890625,0.168,1.2054286254882813,0.498,momentum,additive,reset,0.0,8.0,2.6655128173828126,1.2022976257324218,0.015475073242187332,-0.0031309997558595093
heavy_ball,resnet18,0,random_matched_norm,40,0.01,0.5,,0.25,1.0,-0.005630535073578358,0.0014929597964510322,2.680987890625,0.168,1.2054286254882813,0.498,momentum,additive,reset,0.0,8.0,2.6655128173828126,1.2022976257324218,0.015475073242187332,-0.0031309997558595093
heavy_ball,resnet18,0,random_matched_norm,40,0.01,0.5,,0.25,1.0,-0.005630535073578358,0.0014929597964510322,2.680987890625,0.168,1.2054286254882813,0.498,momentum,additive,reset,0.0,8.0,2.6655128173828126,1.2022976257324218,0.015475073242187332,-0.0031309997558595093
heavy_ball,resnet18,0,reset,40,0.01,0.5,,0.25,1.0,-0.005630535073578358,0.0014929597964510322,2.6655128173828126,0.1676,1.2022976257324218,0.4908,momentum,additive,reset,0.0,8.0,2.6655128173828126,1.2022976257324218,0.0,0.0
heavy_ball,resnet18,0,reset,40,0.01,0.5,,0.25,1.0,-0.005630535073578358,0.0014929597964510322,2.6655128173828126,0.1676,1.2022976257324218,0.4908,momentum,additive,reset,0.0,8.0,2.6655128173828126,1.2022976257324218,0.0,0.0
heavy_ball,resnet18,0,reset,40,0.01,0.5,,0.25,1.0,-0.005630535073578358,0.0014929597964510322,2.6655128173828126,0.1676,1.2022976257324218,0.4908,momentum,additive,reset,0.0,8.0,2.6655128173828126,1.2022976257324218,0.0,0.0
heavy_ball,resnet18,0,reset,40,0.01,0.5,,0.25,1.0,-0.005630535073578358,0.0014929597964510322,2.6655128173828126,0.1676,1.2022976257324218,0.4908,momentum,additive,reset,0.0,8.0,2.6655128173828126,1.2022976257324218,0.0,0.0
heavy_ball,resnet18,0,inherit,40,0.01,0.5,,0.25,1.0,-0.005630535073578358,0.0014929597964510322,2.6961042358398437,0.1684,1.2085638122558593,0.4964,momentum,additive,reset,0.0,8.0,2.6655128173828126,1.2022976257324218,0.03059141845703106,-0.006266186523437467
heavy_ball,resnet18,0,inherit,40,0.01,0.5,,0.25,1.0,-0.005630535073578358,0.0014929597964510322,2.6961042358398437,0.1684,1.2085638122558593,0.4964,momentum,additive,reset,0.0,8.0,2.6655128173828126,1.2022976257324218,0.03059141845703106,-0.006266186523437467
heavy_ball,resnet18,0,inherit,40,0.01,0.5,,0.25,1.0,-0.005630535073578358,0.0014929597964510322,2.6961042358398437,0.1684,1.2085638122558593,0.4964,momentum,additive,reset,0.0,8.0,2.6655128173828126,1.2022976257324218,0.03059141845703106,-0.006266186523437467
heavy_ball,resnet18,0,inherit,40,0.01,0.5,,0.25,1.0,-0.005630535073578358,0.0014929597964510322,2.6961042358398437,0.1684,1.2085638122558593,0.4964,momentum,additive,reset,0.0,8.0,2.6655128173828126,1.2022976257324218,0.03059141845703106,-0.006266186523437467
heavy_ball,resnet18,0,tangent_certificate,40,0.01,0.5,,0.25,1.0,-0.005630535073578358,0.0014929597964510322,2.6467814331054687,0.1656,1.1975015441894532,0.4892,momentum,additive,reset,0.0,8.0,2.6655128173828126,1.2022976257324218,-0.018731384277344,0.004796081542968622
heavy_ball,resnet18,0,tangent_certificate,40,0.01,0.5,,0.25,1.0,-0.005630535073578358,0.0014929597964510322,2.6467814331054687,0.1656,1.1975015441894532,0.4892,momentum,additive,reset,0.0,8.0,2.6655128173828126,1.2022976257324218,-0.018731384277344,0.004796081542968622
heavy_ball,resnet18,0,tangent_certificate,40,0.01,0.5,,0.25,1.0,-0.005630535073578358,0.0014929597964510322,2.6467814331054687,0.1656,1.1975015441894532,0.4892,momentum,additive,reset,0.0,8.0,2.6655128173828126,1.2022976257324218,-0.018731384277344,0.004796081542968622
heavy_ball,resnet18,0,tangent_certificate,40,0.01,0.5,,0.25,1.0,-0.005630535073578358,0.0014929597964510322,2.6467814331054687,0.1656,1.1975015441894532,0.4892,momentum,additive,reset,0.0,8.0,2.6655128173828126,1.2022976257324218,-0.018731384277344,0.004796081542968622
heavy_ball,resnet18,0,random_matched_norm,40,0.01,0.5,,0.25,1.0,-0.005630535073578358,0.0014929597964510322,2.680987890625,0.168,1.2054286254882813,0.498,momentum,additive,reset,0.0,8.0,2.6655128173828126,1.2022976257324218,0.015475073242187332,-0.0031309997558595093
heavy_ball,resnet18,0,random_matched_norm,40,0.01,0.5,,0.25,1.0,-0.005630535073578358,0.0014929597964510322,2.680987890625,0.168,1.2054286254882813,0.498,momentum,additive,reset,0.0,8.0,2.6655128173828126,1.2022976257324218,0.015475073242187332,-0.0031309997558595093
heavy_ball,resnet18,0,random_matched_norm,40,0.01,0.5,,0.25,1.0,-0.005630535073578358,0.0014929597964510322,2.680987890625,0.168,1.2054286254882813,0.498,momentum,additive,reset,0.0,8.0,2.6655128173828126,1.2022976257324218,0.015475073242187332,-0.0031309997558595093
heavy_ball,resnet18,0,random_matched_norm,40,0.01,0.5,,0.25,1.0,-0.005630535073578358,0.0014929597964510322,2.680987890625,0.168,1.2054286254882813,0.498,momentum,additive,reset,0.0,8.0,2.6655128173828126,1.2022976257324218,0.015475073242187332,-0.0031309997558595093
heavy_ball,resnet18,1,reset,40,0.01,0.5,,0.25,1.0,-0.020218059420585632,0.006456354632973671,2.256827233886719,0.1912,1.2252908630371093,0.508,,,,,,2.256827233886719,1.2252908630371093,0.0,0.0
heavy_ball,resnet18,1,reset,40,0.01,0.5,,0.25,1.0,-0.020218059420585632,0.006456354632973671,2.256827233886719,0.1912,1.2252908630371093,0.508,,,,,,2.256827233886719,1.2252908630371093,0.0,0.0
heavy_ball,resnet18,1,reset,40,0.01,0.5,,0.25,1.0,-0.020218059420585632,0.006456354632973671,2.256827233886719,0.1912,1.2252908630371093,0.508,,,,,,2.256827233886719,1.2252908630371093,0.0,0.0
heavy_ball,resnet18,1,reset,40,0.01,0.5,,0.25,1.0,-0.020218059420585632,0.006456354632973671,2.256827233886719,0.1912,1.2252908630371093,0.508,,,,,,2.256827233886719,1.2252908630371093,0.0,0.0
heavy_ball,resnet18,1,inherit,40,0.01,0.5,,0.25,1.0,-0.020218059420585632,0.006456354632973671,2.315402734375,0.1852,1.2108937103271484,0.5112,,,,,,2.256827233886719,1.2252908630371093,0.05857550048828131,0.014397152709960892
heavy_ball,resnet18,1,inherit,40,0.01,0.5,,0.25,1.0,-0.020218059420585632,0.006456354632973671,2.315402734375,0.1852,1.2108937103271484,0.5112,,,,,,2.256827233886719,1.2252908630371093,0.05857550048828131,0.014397152709960892
heavy_ball,resnet18,1,inherit,40,0.01,0.5,,0.25,1.0,-0.020218059420585632,0.006456354632973671,2.315402734375,0.1852,1.2108937103271484,0.5112,,,,,,2.256827233886719,1.2252908630371093,0.05857550048828131,0.014397152709960892
heavy_ball,resnet18,1,inherit,40,0.01,0.5,,0.25,1.0,-0.020218059420585632,0.006456354632973671,2.315402734375,0.1852,1.2108937103271484,0.5112,,,,,,2.256827233886719,1.2252908630371093,0.05857550048828131,0.014397152709960892
heavy_ball,resnet18,1,tangent_certificate,40,0.01,0.5,,0.25,1.0,-0.020218059420585632,0.006456354632973671,2.184268310546875,0.1984,1.2411298461914062,0.4984,,,,,,2.256827233886719,1.2252908630371093,-0.0725589233398436,-0.015838983154296882
heavy_ball,resnet18,1,tangent_certificate,40,0.01,0.5,,0.25,1.0,-0.020218059420585632,0.006456354632973671,2.184268310546875,0.1984,1.2411298461914062,0.4984,,,,,,2.256827233886719,1.2252908630371093,-0.0725589233398436,-0.015838983154296882
heavy_ball,resnet18,1,tangent_certificate,40,0.01,0.5,,0.25,1.0,-0.020218059420585632,0.006456354632973671,2.184268310546875,0.1984,1.2411298461914062,0.4984,,,,,,2.256827233886719,1.2252908630371093,-0.0725589233398436,-0.015838983154296882
heavy_ball,resnet18,1,tangent_certificate,40,0.01,0.5,,0.25,1.0,-0.020218059420585632,0.006456354632973671,2.184268310546875,0.1984,1.2411298461914062,0.4984,,,,,,2.256827233886719,1.2252908630371093,-0.0725589233398436,-0.015838983154296882
heavy_ball,resnet18,1,random_matched_norm,40,0.01,0.5,,0.25,1.0,-0.020218059420585632,0.006456354632973671,2.258884063720703,0.1912,1.2249684051513672,0.5088,,,,,,2.256827233886719,1.2252908630371093,0.002056829833984253,0.0003224578857421445
heavy_ball,resnet18,1,random_matched_norm,40,0.01,0.5,,0.25,1.0,-0.020218059420585632,0.006456354632973671,2.258884063720703,0.1912,1.2249684051513672,0.5088,,,,,,2.256827233886719,1.2252908630371093,0.002056829833984253,0.0003224578857421445
heavy_ball,resnet18,1,random_matched_norm,40,0.01,0.5,,0.25,1.0,-0.020218059420585632,0.006456354632973671,2.258884063720703,0.1912,1.2249684051513672,0.5088,,,,,,2.256827233886719,1.2252908630371093,0.002056829833984253,0.0003224578857421445
heavy_ball,resnet18,1,random_matched_norm,40,0.01,0.5,,0.25,1.0,-0.020218059420585632,0.006456354632973671,2.258884063720703,0.1912,1.2249684051513672,0.5088,,,,,,2.256827233886719,1.2252908630371093,0.002056829833984253,0.0003224578857421445
heavy_ball,resnet18,1,reset,40,0.01,0.5,,0.25,1.0,-0.020218059420585632,0.006456354632973671,2.256827233886719,0.1912,1.2252908630371093,0.508,momentum,additive,reset,0.0,8.0,2.256827233886719,1.2252908630371093,0.0,0.0
heavy_ball,resnet18,1,reset,40,0.01,0.5,,0.25,1.0,-0.020218059420585632,0.006456354632973671,2.256827233886719,0.1912,1.2252908630371093,0.508,momentum,additive,reset,0.0,8.0,2.256827233886719,1.2252908630371093,0.0,0.0
heavy_ball,resnet18,1,reset,40,0.01,0.5,,0.25,1.0,-0.020218059420585632,0.006456354632973671,2.256827233886719,0.1912,1.2252908630371093,0.508,momentum,additive,reset,0.0,8.0,2.256827233886719,1.2252908630371093,0.0,0.0
heavy_ball,resnet18,1,reset,40,0.01,0.5,,0.25,1.0,-0.020218059420585632,0.006456354632973671,2.256827233886719,0.1912,1.2252908630371093,0.508,momentum,additive,reset,0.0,8.0,2.256827233886719,1.2252908630371093,0.0,0.0
heavy_ball,resnet18,1,inherit,40,0.01,0.5,,0.25,1.0,-0.020218059420585632,0.006456354632973671,2.315402734375,0.1852,1.2108937103271484,0.5112,momentum,additive,reset,0.0,8.0,2.256827233886719,1.2252908630371093,0.05857550048828131,0.014397152709960892
heavy_ball,resnet18,1,inherit,40,0.01,0.5,,0.25,1.0,-0.020218059420585632,0.006456354632973671,2.315402734375,0.1852,1.2108937103271484,0.5112,momentum,additive,reset,0.0,8.0,2.256827233886719,1.2252908630371093,0.05857550048828131,0.014397152709960892
heavy_ball,resnet18,1,inherit,40,0.01,0.5,,0.25,1.0,-0.020218059420585632,0.006456354632973671,2.315402734375,0.1852,1.2108937103271484,0.5112,momentum,additive,reset,0.0,8.0,2.256827233886719,1.2252908630371093,0.05857550048828131,0.014397152709960892
heavy_ball,resnet18,1,inherit,40,0.01,0.5,,0.25,1.0,-0.020218059420585632,0.006456354632973671,2.315402734375,0.1852,1.2108937103271484,0.5112,momentum,additive,reset,0.0,8.0,2.256827233886719,1.2252908630371093,0.05857550048828131,0.014397152709960892
heavy_ball,resnet18,1,tangent_certificate,40,0.01,0.5,,0.25,1.0,-0.020218059420585632,0.006456354632973671,2.184268310546875,0.1984,1.2411298461914062,0.4984,momentum,additive,reset,0.0,8.0,2.256827233886719,1.2252908630371093,-0.0725589233398436,-0.015838983154296882
heavy_ball,resnet18,1,tangent_certificate,40,0.01,0.5,,0.25,1.0,-0.020218059420585632,0.006456354632973671,2.184268310546875,0.1984,1.2411298461914062,0.4984,momentum,additive,reset,0.0,8.0,2.256827233886719,1.2252908630371093,-0.0725589233398436,-0.015838983154296882
heavy_ball,resnet18,1,tangent_certificate,40,0.01,0.5,,0.25,1.0,-0.020218059420585632,0.006456354632973671,2.184268310546875,0.1984,1.2411298461914062,0.4984,momentum,additive,reset,0.0,8.0,2.256827233886719,1.2252908630371093,-0.0725589233398436,-0.015838983154296882
heavy_ball,resnet18,1,tangent_certificate,40,0.01,0.5,,0.25,1.0,-0.020218059420585632,0.006456354632973671,2.184268310546875,0.1984,1.2411298461914062,0.4984,momentum,additive,reset,0.0,8.0,2.256827233886719,1.2252908630371093,-0.0725589233398436,-0.015838983154296882
heavy_ball,resnet18,1,random_matched_norm,40,0.01,0.5,,0.25,1.0,-0.020218059420585632,0.006456354632973671,2.258884063720703,0.1912,1.2249684051513672,0.5088,momentum,additive,reset,0.0,8.0,2.256827233886719,1.2252908630371093,0.002056829833984253,0.0003224578857421445
heavy_ball,resnet18,1,random_matched_norm,40,0.01,0.5,,0.25,1.0,-0.020218059420585632,0.006456354632973671,2.258884063720703,0.1912,1.2249684051513672,0.5088,momentum,additive,reset,0.0,8.0,2.256827233886719,1.2252908630371093,0.002056829833984253,0.0003224578857421445
heavy_ball,resnet18,1,random_matched_norm,40,0.01,0.5,,0.25,1.0,-0.020218059420585632,0.006456354632973671,2.258884063720703,0.1912,1.2249684051513672,0.5088,momentum,additive,reset,0.0,8.0,2.256827233886719,1.2252908630371093,0.002056829833984253,0.0003224578857421445
heavy_ball,resnet18,1,random_matched_norm,40,0.01,0.5,,0.25,1.0,-0.020218059420585632,0.006456354632973671,2.258884063720703,0.1912,1.2249684051513672,0.5088,momentum,additive,reset,0.0,8.0,2.256827233886719,1.2252908630371093,0.002056829833984253,0.0003224578857421445
heavy_ball,resnet18,1,reset,40,0.01,0.5,,0.25,1.0,-0.020218059420585632,0.006456354632973671,2.256827233886719,0.1912,1.2252908630371093,0.508,momentum,additive,reset,0.0,8.0,2.256827233886719,1.2252908630371093,0.0,0.0
heavy_ball,resnet18,1,reset,40,0.01,0.5,,0.25,1.0,-0.020218059420585632,0.006456354632973671,2.256827233886719,0.1912,1.2252908630371093,0.508,momentum,additive,reset,0.0,8.0,2.256827233886719,1.2252908630371093,0.0,0.0
heavy_ball,resnet18,1,reset,40,0.01,0.5,,0.25,1.0,-0.020218059420585632,0.006456354632973671,2.256827233886719,0.1912,1.2252908630371093,0.508,momentum,additive,reset,0.0,8.0,2.256827233886719,1.2252908630371093,0.0,0.0
heavy_ball,resnet18,1,reset,40,0.01,0.5,,0.25,1.0,-0.020218059420585632,0.006456354632973671,2.256827233886719,0.1912,1.2252908630371093,0.508,momentum,additive,reset,0.0,8.0,2.256827233886719,1.2252908630371093,0.0,0.0
heavy_ball,resnet18,1,inherit,40,0.01,0.5,,0.25,1.0,-0.020218059420585632,0.006456354632973671,2.315402734375,0.1852,1.2108937103271484,0.5112,momentum,additive,reset,0.0,8.0,2.256827233886719,1.2252908630371093,0.05857550048828131,0.014397152709960892
heavy_ball,resnet18,1,inherit,40,0.01,0.5,,0.25,1.0,-0.020218059420585632,0.006456354632973671,2.315402734375,0.1852,1.2108937103271484,0.5112,momentum,additive,reset,0.0,8.0,2.256827233886719,1.2252908630371093,0.05857550048828131,0.014397152709960892
heavy_ball,resnet18,1,inherit,40,0.01,0.5,,0.25,1.0,-0.020218059420585632,0.006456354632973671,2.315402734375,0.1852,1.2108937103271484,0.5112,momentum,additive,reset,0.0,8.0,2.256827233886719,1.2252908630371093,0.05857550048828131,0.014397152709960892
heavy_ball,resnet18,1,inherit,40,0.01,0.5,,0.25,1.0,-0.020218059420585632,0.006456354632973671,2.315402734375,0.1852,1.2108937103271484,0.5112,momentum,additive,reset,0.0,8.0,2.256827233886719,1.2252908630371093,0.05857550048828131,0.014397152709960892
heavy_ball,resnet18,1,tangent_certificate,40,0.01,0.5,,0.25,1.0,-0.020218059420585632,0.006456354632973671,2.184268310546875,0.1984,1.2411298461914062,0.4984,momentum,additive,reset,0.0,8.0,2.256827233886719,1.2252908630371093,-0.0725589233398436,-0.015838983154296882
heavy_ball,resnet18,1,tangent_certificate,40,0.01,0.5,,0.25,1.0,-0.020218059420585632,0.006456354632973671,2.184268310546875,0.1984,1.2411298461914062,0.4984,momentum,additive,reset,0.0,8.0,2.256827233886719,1.2252908630371093,-0.0725589233398436,-0.015838983154296882
heavy_ball,resnet18,1,tangent_certificate,40,0.01,0.5,,0.25,1.0,-0.020218059420585632,0.006456354632973671,2.184268310546875,0.1984,1.2411298461914062,0.4984,momentum,additive,reset,0.0,8.0,2.256827233886719,1.2252908630371093,-0.0725589233398436,-0.015838983154296882
heavy_ball,resnet18,1,tangent_certificate,40,0.01,0.5,,0.25,1.0,-0.020218059420585632,0.006456354632973671,2.184268310546875,0.1984,1.2411298461914062,0.4984,momentum,additive,reset,0.0,8.0,2.256827233886719,1.2252908630371093,-0.0725589233398436,-0.015838983154296882
heavy_ball,resnet18,1,random_matched_norm,40,0.01,0.5,,0.25,1.0,-0.020218059420585632,0.006456354632973671,2.258884063720703,0.1912,1.2249684051513672,0.5088,momentum,additive,reset,0.0,8.0,2.256827233886719,1.2252908630371093,0.002056829833984253,0.0003224578857421445
heavy_ball,resnet18,1,random_matched_norm,40,0.01,0.5,,0.25,1.0,-0.020218059420585632,0.006456354632973671,2.258884063720703,0.1912,1.2249684051513672,0.5088,momentum,additive,reset,0.0,8.0,2.256827233886719,1.2252908630371093,0.002056829833984253,0.0003224578857421445
heavy_ball,resnet18,1,random_matched_norm,40,0.01,0.5,,0.25,1.0,-0.020218059420585632,0.006456354632973671,2.258884063720703,0.1912,1.2249684051513672,0.5088,momentum,additive,reset,0.0,8.0,2.256827233886719,1.2252908630371093,0.002056829833984253,0.0003224578857421445
heavy_ball,resnet18,1,random_matched_norm,40,0.01,0.5,,0.25,1.0,-0.020218059420585632,0.006456354632973671,2.258884063720703,0.1912,1.2249684051513672,0.5088,momentum,additive,reset,0.0,8.0,2.256827233886719,1.2252908630371093,0.002056829833984253,0.0003224578857421445
heavy_ball,resnet18,1,reset,40,0.01,0.5,,0.25,1.0,-0.020218059420585632,0.006456354632973671,2.256827233886719,0.1912,1.2252908630371093,0.508,momentum,additive,reset,0.0,8.0,2.256827233886719,1.2252908630371093,0.0,0.0
heavy_ball,resnet18,1,reset,40,0.01,0.5,,0.25,1.0,-0.020218059420585632,0.006456354632973671,2.256827233886719,0.1912,1.2252908630371093,0.508,momentum,additive,reset,0.0,8.0,2.256827233886719,1.2252908630371093,0.0,0.0
heavy_ball,resnet18,1,reset,40,0.01,0.5,,0.25,1.0,-0.020218059420585632,0.006456354632973671,2.256827233886719,0.1912,1.2252908630371093,0.508,momentum,additive,reset,0.0,8.0,2.256827233886719,1.2252908630371093,0.0,0.0
heavy_ball,resnet18,1,reset,40,0.01,0.5,,0.25,1.0,-0.020218059420585632,0.006456354632973671,2.256827233886719,0.1912,1.2252908630371093,0.508,momentum,additive,reset,0.0,8.0,2.256827233886719,1.2252908630371093,0.0,0.0
heavy_ball,resnet18,1,inherit,40,0.01,0.5,,0.25,1.0,-0.020218059420585632,0.006456354632973671,2.315402734375,0.1852,1.2108937103271484,0.5112,momentum,additive,reset,0.0,8.0,2.256827233886719,1.2252908630371093,0.05857550048828131,0.014397152709960892
heavy_ball,resnet18,1,inherit,40,0.01,0.5,,0.25,1.0,-0.020218059420585632,0.006456354632973671,2.315402734375,0.1852,1.2108937103271484,0.5112,momentum,additive,reset,0.0,8.0,2.256827233886719,1.2252908630371093,0.05857550048828131,0.014397152709960892
heavy_ball,resnet18,1,inherit,40,0.01,0.5,,0.25,1.0,-0.020218059420585632,0.006456354632973671,2.315402734375,0.1852,1.2108937103271484,0.5112,momentum,additive,reset,0.0,8.0,2.256827233886719,1.2252908630371093,0.05857550048828131,0.014397152709960892
heavy_ball,resnet18,1,inherit,40,0.01,0.5,,0.25,1.0,-0.020218059420585632,0.006456354632973671,2.315402734375,0.1852,1.2108937103271484,0.5112,momentum,additive,reset,0.0,8.0,2.256827233886719,1.2252908630371093,0.05857550048828131,0.014397152709960892
heavy_ball,resnet18,1,tangent_certificate,40,0.01,0.5,,0.25,1.0,-0.020218059420585632,0.006456354632973671,2.184268310546875,0.1984,1.2411298461914062,0.4984,momentum,additive,reset,0.0,8.0,2.256827233886719,1.2252908630371093,-0.0725589233398436,-0.015838983154296882
heavy_ball,resnet18,1,tangent_certificate,40,0.01,0.5,,0.25,1.0,-0.020218059420585632,0.006456354632973671,2.184268310546875,0.1984,1.2411298461914062,0.4984,momentum,additive,reset,0.0,8.0,2.256827233886719,1.2252908630371093,-0.0725589233398436,-0.015838983154296882
heavy_ball,resnet18,1,tangent_certificate,40,0.01,0.5,,0.25,1.0,-0.020218059420585632,0.006456354632973671,2.184268310546875,0.1984,1.2411298461914062,0.4984,momentum,additive,reset,0.0,8.0,2.256827233886719,1.2252908630371093,-0.0725589233398436,-0.015838983154296882
heavy_ball,resnet18,1,tangent_certificate,40,0.01,0.5,,0.25,1.0,-0.020218059420585632,0.006456354632973671,2.184268310546875,0.1984,1.2411298461914062,0.4984,momentum,additive,reset,0.0,8.0,2.256827233886719,1.2252908630371093,-0.0725589233398436,-0.015838983154296882
heavy_ball,resnet18,1,random_matched_norm,40,0.01,0.5,,0.25,1.0,-0.020218059420585632,0.006456354632973671,2.258884063720703,0.1912,1.2249684051513672,0.5088,momentum,additive,reset,0.0,8.0,2.256827233886719,1.2252908630371093,0.002056829833984253,0.0003224578857421445
heavy_ball,resnet18,1,random_matched_norm,40,0.01,0.5,,0.25,1.0,-0.020218059420585632,0.006456354632973671,2.258884063720703,0.1912,1.2249684051513672,0.5088,momentum,additive,reset,0.0,8.0,2.256827233886719,1.2252908630371093,0.002056829833984253,0.0003224578857421445
heavy_ball,resnet18,1,random_matched_norm,40,0.01,0.5,,0.25,1.0,-0.020218059420585632,0.006456354632973671,2.258884063720703,0.1912,1.2249684051513672,0.5088,momentum,additive,reset,0.0,8.0,2.256827233886719,1.2252908630371093,0.002056829833984253,0.0003224578857421445
heavy_ball,resnet18,1,random_matched_norm,40,0.01,0.5,,0.25,1.0,-0.020218059420585632,0.006456354632973671,2.258884063720703,0.1912,1.2249684051513672,0.5088,momentum,additive,reset,0.0,8.0,2.256827233886719,1.2252908630371093,0.002056829833984253,0.0003224578857421445
heavy_ball,resnet18,2,reset,40,0.01,0.5,,4.0,1.0,-0.022541997954249382,-0.0024071556981652975,2.915901708984375,0.16,1.1733722137451172,0.5252,,,,,,2.915901708984375,1.1733722137451172,0.0,0.0
heavy_ball,resnet18,2,reset,40,0.01,0.5,,4.0,1.0,-0.022541997954249382,-0.0024071556981652975,2.915901708984375,0.16,1.1733722137451172,0.5252,,,,,,2.915901708984375,1.1733722137451172,0.0,0.0
heavy_ball,resnet18,2,reset,40,0.01,0.5,,4.0,1.0,-0.022541997954249382,-0.0024071556981652975,2.915901708984375,0.16,1.1733722137451172,0.5252,,,,,,2.915901708984375,1.1733722137451172,0.0,0.0
heavy_ball,resnet18,2,reset,40,0.01,0.5,,4.0,1.0,-0.022541997954249382,-0.0024071556981652975,2.915901708984375,0.16,1.1733722137451172,0.5252,,,,,,2.915901708984375,1.1733722137451172,0.0,0.0
heavy_ball,resnet18,2,inherit,40,0.01,0.5,,4.0,1.0,-0.022541997954249382,-0.0024071556981652975,2.9279326721191405,0.1616,1.1747847290039062,0.5232,,,,,,2.915901708984375,1.1733722137451172,0.012030963134765482,-0.0014125152587889378
heavy_ball,resnet18,2,inherit,40,0.01,0.5,,4.0,1.0,-0.022541997954249382,-0.0024071556981652975,2.9279326721191405,0.1616,1.1747847290039062,0.5232,,,,,,2.915901708984375,1.1733722137451172,0.012030963134765482,-0.0014125152587889378
heavy_ball,resnet18,2,inherit,40,0.01,0.5,,4.0,1.0,-0.022541997954249382,-0.0024071556981652975,2.9279326721191405,0.1616,1.1747847290039062,0.5232,,,,,,2.915901708984375,1.1733722137451172,0.012030963134765482,-0.0014125152587889378
heavy_ball,resnet18,2,inherit,40,0.01,0.5,,4.0,1.0,-0.022541997954249382,-0.0024071556981652975,2.9279326721191405,0.1616,1.1747847290039062,0.5232,,,,,,2.915901708984375,1.1733722137451172,0.012030963134765482,-0.0014125152587889378
heavy_ball,resnet18,2,tangent_certificate,40,0.01,0.5,,4.0,1.0,-0.022541997954249382,-0.0024071556981652975,2.906263067626953,0.158,1.1747125030517578,0.5232,,,,,,2.915901708984375,1.1733722137451172,-0.009638641357422095,-0.0013402893066405408
heavy_ball,resnet18,2,tangent_certificate,40,0.01,0.5,,4.0,1.0,-0.022541997954249382,-0.0024071556981652975,2.906263067626953,0.158,1.1747125030517578,0.5232,,,,,,2.915901708984375,1.1733722137451172,-0.009638641357422095,-0.0013402893066405408
heavy_ball,resnet18,2,tangent_certificate,40,0.01,0.5,,4.0,1.0,-0.022541997954249382,-0.0024071556981652975,2.906263067626953,0.158,1.1747125030517578,0.5232,,,,,,2.915901708984375,1.1733722137451172,-0.009638641357422095,-0.0013402893066405408
heavy_ball,resnet18,2,tangent_certificate,40,0.01,0.5,,4.0,1.0,-0.022541997954249382,-0.0024071556981652975,2.906263067626953,0.158,1.1747125030517578,0.5232,,,,,,2.915901708984375,1.1733722137451172,-0.009638641357422095,-0.0013402893066405408
heavy_ball,resnet18,2,random_matched_norm,40,0.01,0.5,,4.0,1.0,-0.022541997954249382,-0.0024071556981652975,2.925837762451172,0.1616,1.1742476989746093,0.524,,,,,,2.915901708984375,1.1733722137451172,0.009936053466796935,-0.0008754852294921012
heavy_ball,resnet18,2,random_matched_norm,40,0.01,0.5,,4.0,1.0,-0.022541997954249382,-0.0024071556981652975,2.925837762451172,0.1616,1.1742476989746093,0.524,,,,,,2.915901708984375,1.1733722137451172,0.009936053466796935,-0.0008754852294921012
heavy_ball,resnet18,2,random_matched_norm,40,0.01,0.5,,4.0,1.0,-0.022541997954249382,-0.0024071556981652975,2.925837762451172,0.1616,1.1742476989746093,0.524,,,,,,2.915901708984375,1.1733722137451172,0.009936053466796935,-0.0008754852294921012
heavy_ball,resnet18,2,random_matched_norm,40,0.01,0.5,,4.0,1.0,-0.022541997954249382,-0.0024071556981652975,2.925837762451172,0.1616,1.1742476989746093,0.524,,,,,,2.915901708984375,1.1733722137451172,0.009936053466796935,-0.0008754852294921012
heavy_ball,resnet18,2,reset,40,0.01,0.5,,4.0,1.0,-0.022541997954249382,-0.0024071556981652975,2.915901708984375,0.16,1.1733722137451172,0.5252,momentum,additive,reset,0.0,8.0,2.915901708984375,1.1733722137451172,0.0,0.0
heavy_ball,resnet18,2,reset,40,0.01,0.5,,4.0,1.0,-0.022541997954249382,-0.0024071556981652975,2.915901708984375,0.16,1.1733722137451172,0.5252,momentum,additive,reset,0.0,8.0,2.915901708984375,1.1733722137451172,0.0,0.0
heavy_ball,resnet18,2,reset,40,0.01,0.5,,4.0,1.0,-0.022541997954249382,-0.0024071556981652975,2.915901708984375,0.16,1.1733722137451172,0.5252,momentum,additive,reset,0.0,8.0,2.915901708984375,1.1733722137451172,0.0,0.0
heavy_ball,resnet18,2,reset,40,0.01,0.5,,4.0,1.0,-0.022541997954249382,-0.0024071556981652975,2.915901708984375,0.16,1.1733722137451172,0.5252,momentum,additive,reset,0.0,8.0,2.915901708984375,1.1733722137451172,0.0,0.0
heavy_ball,resnet18,2,inherit,40,0.01,0.5,,4.0,1.0,-0.022541997954249382,-0.0024071556981652975,2.9279326721191405,0.1616,1.1747847290039062,0.5232,momentum,additive,reset,0.0,8.0,2.915901708984375,1.1733722137451172,0.012030963134765482,-0.0014125152587889378
heavy_ball,resnet18,2,inherit,40,0.01,0.5,,4.0,1.0,-0.022541997954249382,-0.0024071556981652975,2.9279326721191405,0.1616,1.1747847290039062,0.5232,momentum,additive,reset,0.0,8.0,2.915901708984375,1.1733722137451172,0.012030963134765482,-0.0014125152587889378
heavy_ball,resnet18,2,inherit,40,0.01,0.5,,4.0,1.0,-0.022541997954249382,-0.0024071556981652975,2.9279326721191405,0.1616,1.1747847290039062,0.5232,momentum,additive,reset,0.0,8.0,2.915901708984375,1.1733722137451172,0.012030963134765482,-0.0014125152587889378
heavy_ball,resnet18,2,inherit,40,0.01,0.5,,4.0,1.0,-0.022541997954249382,-0.0024071556981652975,2.9279326721191405,0.1616,1.1747847290039062,0.5232,momentum,additive,reset,0.0,8.0,2.915901708984375,1.1733722137451172,0.012030963134765482,-0.0014125152587889378
heavy_ball,resnet18,2,tangent_certificate,40,0.01,0.5,,4.0,1.0,-0.022541997954249382,-0.0024071556981652975,2.906263067626953,0.158,1.1747125030517578,0.5232,momentum,additive,reset,0.0,8.0,2.915901708984375,1.1733722137451172,-0.009638641357422095,-0.0013402893066405408
heavy_ball,resnet18,2,tangent_certificate,40,0.01,0.5,,4.0,1.0,-0.022541997954249382,-0.0024071556981652975,2.906263067626953,0.158,1.1747125030517578,0.5232,momentum,additive,reset,0.0,8.0,2.915901708984375,1.1733722137451172,-0.009638641357422095,-0.0013402893066405408
heavy_ball,resnet18,2,tangent_certificate,40,0.01,0.5,,4.0,1.0,-0.022541997954249382,-0.0024071556981652975,2.906263067626953,0.158,1.1747125030517578,0.5232,momentum,additive,reset,0.0,8.0,2.915901708984375,1.1733722137451172,-0.009638641357422095,-0.0013402893066405408
heavy_ball,resnet18,2,tangent_certificate,40,0.01,0.5,,4.0,1.0,-0.022541997954249382,-0.0024071556981652975,2.906263067626953,0.158,1.1747125030517578,0.5232,momentum,additive,reset,0.0,8.0,2.915901708984375,1.1733722137451172,-0.009638641357422095,-0.0013402893066405408
heavy_ball,resnet18,2,random_matched_norm,40,0.01,0.5,,4.0,1.0,-0.022541997954249382,-0.0024071556981652975,2.925837762451172,0.1616,1.1742476989746093,0.524,momentum,additive,reset,0.0,8.0,2.915901708984375,1.1733722137451172,0.009936053466796935,-0.0008754852294921012
heavy_ball,resnet18,2,random_matched_norm,40,0.01,0.5,,4.0,1.0,-0.022541997954249382,-0.0024071556981652975,2.925837762451172,0.1616,1.1742476989746093,0.524,momentum,additive,reset,0.0,8.0,2.915901708984375,1.1733722137451172,0.009936053466796935,-0.0008754852294921012
heavy_ball,resnet18,2,random_matched_norm,40,0.01,0.5,,4.0,1.0,-0.022541997954249382,-0.0024071556981652975,2.925837762451172,0.1616,1.1742476989746093,0.524,momentum,additive,reset,0.0,8.0,2.915901708984375,1.1733722137451172,0.009936053466796935,-0.0008754852294921012
heavy_ball,resnet18,2,random_matched_norm,40,0.01,0.5,,4.0,1.0,-0.022541997954249382,-0.0024071556981652975,2.925837762451172,0.1616,1.1742476989746093,0.524,momentum,additive,reset,0.0,8.0,2.915901708984375,1.1733722137451172,0.009936053466796935,-0.0008754852294921012
heavy_ball,resnet18,2,reset,40,0.01,0.5,,4.0,1.0,-0.022541997954249382,-0.0024071556981652975,2.915901708984375,0.16,1.1733722137451172,0.5252,momentum,additive,reset,0.0,8.0,2.915901708984375,1.1733722137451172,0.0,0.0
heavy_ball,resnet18,2,reset,40,0.01,0.5,,4.0,1.0,-0.022541997954249382,-0.0024071556981652975,2.915901708984375,0.16,1.1733722137451172,0.5252,momentum,additive,reset,0.0,8.0,2.915901708984375,1.1733722137451172,0.0,0.0
heavy_ball,resnet18,2,reset,40,0.01,0.5,,4.0,1.0,-0.022541997954249382,-0.0024071556981652975,2.915901708984375,0.16,1.1733722137451172,0.5252,momentum,additive,reset,0.0,8.0,2.915901708984375,1.1733722137451172,0.0,0.0
heavy_ball,resnet18,2,reset,40,0.01,0.5,,4.0,1.0,-0.022541997954249382,-0.0024071556981652975,2.915901708984375,0.16,1.1733722137451172,0.5252,momentum,additive,reset,0.0,8.0,2.915901708984375,1.1733722137451172,0.0,0.0
heavy_ball,resnet18,2,inherit,40,0.01,0.5,,4.0,1.0,-0.022541997954249382,-0.0024071556981652975,2.9279326721191405,0.1616,1.1747847290039062,0.5232,momentum,additive,reset,0.0,8.0,2.915901708984375,1.1733722137451172,0.012030963134765482,-0.0014125152587889378
heavy_ball,resnet18,2,inherit,40,0.01,0.5,,4.0,1.0,-0.022541997954249382,-0.0024071556981652975,2.9279326721191405,0.1616,1.1747847290039062,0.5232,momentum,additive,reset,0.0,8.0,2.915901708984375,1.1733722137451172,0.012030963134765482,-0.0014125152587889378
heavy_ball,resnet18,2,inherit,40,0.01,0.5,,4.0,1.0,-0.022541997954249382,-0.0024071556981652975,2.9279326721191405,0.1616,1.1747847290039062,0.5232,momentum,additive,reset,0.0,8.0,2.915901708984375,1.1733722137451172,0.012030963134765482,-0.0014125152587889378
heavy_ball,resnet18,2,inherit,40,0.01,0.5,,4.0,1.0,-0.022541997954249382,-0.0024071556981652975,2.9279326721191405,0.1616,1.1747847290039062,0.5232,momentum,additive,reset,0.0,8.0,2.915901708984375,1.1733722137451172,0.012030963134765482,-0.0014125152587889378
heavy_ball,resnet18,2,tangent_certificate,40,0.01,0.5,,4.0,1.0,-0.022541997954249382,-0.0024071556981652975,2.906263067626953,0.158,1.1747125030517578,0.5232,momentum,additive,reset,0.0,8.0,2.915901708984375,1.1733722137451172,-0.009638641357422095,-0.0013402893066405408
heavy_ball,resnet18,2,tangent_certificate,40,0.01,0.5,,4.0,1.0,-0.022541997954249382,-0.0024071556981652975,2.906263067626953,0.158,1.1747125030517578,0.5232,momentum,additive,reset,0.0,8.0,2.915901708984375,1.1733722137451172,-0.009638641357422095,-0.0013402893066405408
heavy_ball,resnet18,2,tangent_certificate,40,0.01,0.5,,4.0,1.0,-0.022541997954249382,-0.0024071556981652975,2.906263067626953,0.158,1.1747125030517578,0.5232,momentum,additive,reset,0.0,8.0,2.915901708984375,1.1733722137451172,-0.009638641357422095,-0.0013402893066405408
heavy_ball,resnet18,2,tangent_certificate,40,0.01,0.5,,4.0,1.0,-0.022541997954249382,-0.0024071556981652975,2.906263067626953,0.158,1.1747125030517578,0.5232,momentum,additive,reset,0.0,8.0,2.915901708984375,1.1733722137451172,-0.009638641357422095,-0.0013402893066405408
heavy_ball,resnet18,2,random_matched_norm,40,0.01,0.5,,4.0,1.0,-0.022541997954249382,-0.0024071556981652975,2.925837762451172,0.1616,1.1742476989746093,0.524,momentum,additive,reset,0.0,8.0,2.915901708984375,1.1733722137451172,0.009936053466796935,-0.0008754852294921012
heavy_ball,resnet18,2,random_matched_norm,40,0.01,0.5,,4.0,1.0,-0.022541997954249382,-0.0024071556981652975,2.925837762451172,0.1616,1.1742476989746093,0.524,momentum,additive,reset,0.0,8.0,2.915901708984375,1.1733722137451172,0.009936053466796935,-0.0008754852294921012
heavy_ball,resnet18,2,random_matched_norm,40,0.01,0.5,,4.0,1.0,-0.022541997954249382,-0.0024071556981652975,2.925837762451172,0.1616,1.1742476989746093,0.524,momentum,additive,reset,0.0,8.0,2.915901708984375,1.1733722137451172,0.009936053466796935,-0.0008754852294921012
heavy_ball,resnet18,2,random_matched_norm,40,0.01,0.5,,4.0,1.0,-0.022541997954249382,-0.0024071556981652975,2.925837762451172,0.1616,1.1742476989746093,0.524,momentum,additive,reset,0.0,8.0,2.915901708984375,1.1733722137451172,0.009936053466796935,-0.0008754852294921012
heavy_ball,resnet18,2,reset,40,0.01,0.5,,4.0,1.0,-0.022541997954249382,-0.0024071556981652975,2.915901708984375,0.16,1.1733722137451172,0.5252,momentum,additive,reset,0.0,8.0,2.915901708984375,1.1733722137451172,0.0,0.0
heavy_ball,resnet18,2,reset,40,0.01,0.5,,4.0,1.0,-0.022541997954249382,-0.0024071556981652975,2.915901708984375,0.16,1.1733722137451172,0.5252,momentum,additive,reset,0.0,8.0,2.915901708984375,1.1733722137451172,0.0,0.0
heavy_ball,resnet18,2,reset,40,0.01,0.5,,4.0,1.0,-0.022541997954249382,-0.0024071556981652975,2.915901708984375,0.16,1.1733722137451172,0.5252,momentum,additive,reset,0.0,8.0,2.915901708984375,1.1733722137451172,0.0,0.0
heavy_ball,resnet18,2,reset,40,0.01,0.5,,4.0,1.0,-0.022541997954249382,-0.0024071556981652975,2.915901708984375,0.16,1.1733722137451172,0.5252,momentum,additive,reset,0.0,8.0,2.915901708984375,1.1733722137451172,0.0,0.0
heavy_ball,resnet18,2,inherit,40,0.01,0.5,,4.0,1.0,-0.022541997954249382,-0.0024071556981652975,2.9279326721191405,0.1616,1.1747847290039062,0.5232,momentum,additive,reset,0.0,8.0,2.915901708984375,1.1733722137451172,0.012030963134765482,-0.0014125152587889378
heavy_ball,resnet18,2,inherit,40,0.01,0.5,,4.0,1.0,-0.022541997954249382,-0.0024071556981652975,2.9279326721191405,0.1616,1.1747847290039062,0.5232,momentum,additive,reset,0.0,8.0,2.915901708984375,1.1733722137451172,0.012030963134765482,-0.0014125152587889378
heavy_ball,resnet18,2,inherit,40,0.01,0.5,,4.0,1.0,-0.022541997954249382,-0.0024071556981652975,2.9279326721191405,0.1616,1.1747847290039062,0.5232,momentum,additive,reset,0.0,8.0,2.915901708984375,1.1733722137451172,0.012030963134765482,-0.0014125152587889378
heavy_ball,resnet18,2,inherit,40,0.01,0.5,,4.0,1.0,-0.022541997954249382,-0.0024071556981652975,2.9279326721191405,0.1616,1.1747847290039062,0.5232,momentum,additive,reset,0.0,8.0,2.915901708984375,1.1733722137451172,0.012030963134765482,-0.0014125152587889378
heavy_ball,resnet18,2,tangent_certificate,40,0.01,0.5,,4.0,1.0,-0.022541997954249382,-0.0024071556981652975,2.906263067626953,0.158,1.1747125030517578,0.5232,momentum,additive,reset,0.0,8.0,2.915901708984375,1.1733722137451172,-0.009638641357422095,-0.0013402893066405408
heavy_ball,resnet18,2,tangent_certificate,40,0.01,0.5,,4.0,1.0,-0.022541997954249382,-0.0024071556981652975,2.906263067626953,0.158,1.1747125030517578,0.5232,momentum,additive,reset,0.0,8.0,2.915901708984375,1.1733722137451172,-0.009638641357422095,-0.0013402893066405408
heavy_ball,resnet18,2,tangent_certificate,40,0.01,0.5,,4.0,1.0,-0.022541997954249382,-0.0024071556981652975,2.906263067626953,0.158,1.1747125030517578,0.5232,momentum,additive,reset,0.0,8.0,2.915901708984375,1.1733722137451172,-0.009638641357422095,-0.0013402893066405408
heavy_ball,resnet18,2,tangent_certificate,40,0.01,0.5,,4.0,1.0,-0.022541997954249382,-0.0024071556981652975,2.906263067626953,0.158,1.1747125030517578,0.5232,momentum,additive,reset,0.0,8.0,2.915901708984375,1.1733722137451172,-0.009638641357422095,-0.0013402893066405408
heavy_ball,resnet18,2,random_matched_norm,40,0.01,0.5,,4.0,1.0,-0.022541997954249382,-0.0024071556981652975,2.925837762451172,0.1616,1.1742476989746093,0.524,momentum,additive,reset,0.0,8.0,2.915901708984375,1.1733722137451172,0.009936053466796935,-0.0008754852294921012
heavy_ball,resnet18,2,random_matched_norm,40,0.01,0.5,,4.0,1.0,-0.022541997954249382,-0.0024071556981652975,2.925837762451172,0.1616,1.1742476989746093,0.524,momentum,additive,reset,0.0,8.0,2.915901708984375,1.1733722137451172,0.009936053466796935,-0.0008754852294921012
heavy_ball,resnet18,2,random_matched_norm,40,0.01,0.5,,4.0,1.0,-0.022541997954249382,-0.0024071556981652975,2.925837762451172,0.1616,1.1742476989746093,0.524,momentum,additive,reset,0.0,8.0,2.915901708984375,1.1733722137451172,0.009936053466796935,-0.0008754852294921012
heavy_ball,resnet18,2,random_matched_norm,40,0.01,0.5,,4.0,1.0,-0.022541997954249382,-0.0024071556981652975,2.925837762451172,0.1616,1.1742476989746093,0.524,momentum,additive,reset,0.0,8.0,2.915901708984375,1.1733722137451172,0.009936053466796935,-0.0008754852294921012
heavy_ball,resnet18,3,reset,40,0.01,0.5,,4.0,1.0,0.007117819506675005,-0.0031373261008411646,2.526058642578125,0.1644,1.076684292602539,0.5848,,,,,,2.526058642578125,1.076684292602539,0.0,0.0
heavy_ball,resnet18,3,reset,40,0.01,0.5,,4.0,1.0,0.007117819506675005,-0.0031373261008411646,2.526058642578125,0.1644,1.076684292602539,0.5848,,,,,,2.526058642578125,1.076684292602539,0.0,0.0
heavy_ball,resnet18,3,reset,40,0.01,0.5,,4.0,1.0,0.007117819506675005,-0.0031373261008411646,2.526058642578125,0.1644,1.076684292602539,0.5848,,,,,,2.526058642578125,1.076684292602539,0.0,0.0
heavy_ball,resnet18,3,reset,40,0.01,0.5,,4.0,1.0,0.007117819506675005,-0.0031373261008411646,2.526058642578125,0.1644,1.076684292602539,0.5848,,,,,,2.526058642578125,1.076684292602539,0.0,0.0
heavy_ball,resnet18,3,inherit,40,0.01,0.5,,4.0,1.0,0.007117819506675005,-0.0031373261008411646,2.546130224609375,0.1612,1.0800882751464844,0.584,,,,,,2.526058642578125,1.076684292602539,0.020071582031250035,-0.003403982543945361
heavy_ball,resnet18,3,inherit,40,0.01,0.5,,4.0,1.0,0.007117819506675005,-0.0031373261008411646,2.546130224609375,0.1612,1.0800882751464844,0.584,,,,,,2.526058642578125,1.076684292602539,0.020071582031250035,-0.003403982543945361
heavy_ball,resnet18,3,inherit,40,0.01,0.5,,4.0,1.0,0.007117819506675005,-0.0031373261008411646,2.546130224609375,0.1612,1.0800882751464844,0.584,,,,,,2.526058642578125,1.076684292602539,0.020071582031250035,-0.003403982543945361
heavy_ball,resnet18,3,inherit,40,0.01,0.5,,4.0,1.0,0.007117819506675005,-0.0031373261008411646,2.546130224609375,0.1612,1.0800882751464844,0.584,,,,,,2.526058642578125,1.076684292602539,0.020071582031250035,-0.003403982543945361
heavy_ball,resnet18,3,tangent_certificate,40,0.01,0.5,,4.0,1.0,0.007117819506675005,-0.0031373261008411646,2.5455442138671875,0.1616,1.0800039154052734,0.5844,,,,,,2.526058642578125,1.076684292602539,0.019485571289062698,-0.0033196228027343455
heavy_ball,resnet18,3,tangent_certificate,40,0.01,0.5,,4.0,1.0,0.007117819506675005,-0.0031373261008411646,2.5455442138671875,0.1616,1.0800039154052734,0.5844,,,,,,2.526058642578125,1.076684292602539,0.019485571289062698,-0.0033196228027343455
heavy_ball,resnet18,3,tangent_certificate,40,0.01,0.5,,4.0,1.0,0.007117819506675005,-0.0031373261008411646,2.5455442138671875,0.1616,1.0800039154052734,0.5844,,,,,,2.526058642578125,1.076684292602539,0.019485571289062698,-0.0033196228027343455
heavy_ball,resnet18,3,tangent_certificate,40,0.01,0.5,,4.0,1.0,0.007117819506675005,-0.0031373261008411646,2.5455442138671875,0.1616,1.0800039154052734,0.5844,,,,,,2.526058642578125,1.076684292602539,0.019485571289062698,-0.0033196228027343455
heavy_ball,resnet18,3,random_matched_norm,40,0.01,0.5,,4.0,1.0,0.007117819506675005,-0.0031373261008411646,2.5239993225097654,0.1656,1.0762914123535157,0.5856,,,,,,2.526058642578125,1.076684292602539,-0.002059320068359405,0.00039288024902339735
heavy_ball,resnet18,3,random_matched_norm,40,0.01,0.5,,4.0,1.0,0.007117819506675005,-0.0031373261008411646,2.5239993225097654,0.1656,1.0762914123535157,0.5856,,,,,,2.526058642578125,1.076684292602539,-0.002059320068359405,0.00039288024902339735
heavy_ball,resnet18,3,random_matched_norm,40,0.01,0.5,,4.0,1.0,0.007117819506675005,-0.0031373261008411646,2.5239993225097654,0.1656,1.0762914123535157,0.5856,,,,,,2.526058642578125,1.076684292602539,-0.002059320068359405,0.00039288024902339735
heavy_ball,resnet18,3,random_matched_norm,40,0.01,0.5,,4.0,1.0,0.007117819506675005,-0.0031373261008411646,2.5239993225097654,0.1656,1.0762914123535157,0.5856,,,,,,2.526058642578125,1.076684292602539,-0.002059320068359405,0.00039288024902339735
heavy_ball,resnet18,3,reset,40,0.01,0.5,,4.0,1.0,0.007117819506675005,-0.0031373261008411646,2.526058642578125,0.1644,1.076684292602539,0.5848,momentum,additive,reset,0.0,8.0,2.526058642578125,1.076684292602539,0.0,0.0
heavy_ball,resnet18,3,reset,40,0.01,0.5,,4.0,1.0,0.007117819506675005,-0.0031373261008411646,2.526058642578125,0.1644,1.076684292602539,0.5848,momentum,additive,reset,0.0,8.0,2.526058642578125,1.076684292602539,0.0,0.0
heavy_ball,resnet18,3,reset,40,0.01,0.5,,4.0,1.0,0.007117819506675005,-0.0031373261008411646,2.526058642578125,0.1644,1.076684292602539,0.5848,momentum,additive,reset,0.0,8.0,2.526058642578125,1.076684292602539,0.0,0.0
heavy_ball,resnet18,3,reset,40,0.01,0.5,,4.0,1.0,0.007117819506675005,-0.0031373261008411646,2.526058642578125,0.1644,1.076684292602539,0.5848,momentum,additive,reset,0.0,8.0,2.526058642578125,1.076684292602539,0.0,0.0
heavy_ball,resnet18,3,inherit,40,0.01,0.5,,4.0,1.0,0.007117819506675005,-0.0031373261008411646,2.546130224609375,0.1612,1.0800882751464844,0.584,momentum,additive,reset,0.0,8.0,2.526058642578125,1.076684292602539,0.020071582031250035,-0.003403982543945361
heavy_ball,resnet18,3,inherit,40,0.01,0.5,,4.0,1.0,0.007117819506675005,-0.0031373261008411646,2.546130224609375,0.1612,1.0800882751464844,0.584,momentum,additive,reset,0.0,8.0,2.526058642578125,1.076684292602539,0.020071582031250035,-0.003403982543945361
heavy_ball,resnet18,3,inherit,40,0.01,0.5,,4.0,1.0,0.007117819506675005,-0.0031373261008411646,2.546130224609375,0.1612,1.0800882751464844,0.584,momentum,additive,reset,0.0,8.0,2.526058642578125,1.076684292602539,0.020071582031250035,-0.003403982543945361
heavy_ball,resnet18,3,inherit,40,0.01,0.5,,4.0,1.0,0.007117819506675005,-0.0031373261008411646,2.546130224609375,0.1612,1.0800882751464844,0.584,momentum,additive,reset,0.0,8.0,2.526058642578125,1.076684292602539,0.020071582031250035,-0.003403982543945361
heavy_ball,resnet18,3,tangent_certificate,40,0.01,0.5,,4.0,1.0,0.007117819506675005,-0.0031373261008411646,2.5455442138671875,0.1616,1.0800039154052734,0.5844,momentum,additive,reset,0.0,8.0,2.526058642578125,1.076684292602539,0.019485571289062698,-0.0033196228027343455
heavy_ball,resnet18,3,tangent_certificate,40,0.01,0.5,,4.0,1.0,0.007117819506675005,-0.0031373261008411646,2.5455442138671875,0.1616,1.0800039154052734,0.5844,momentum,additive,reset,0.0,8.0,2.526058642578125,1.076684292602539,0.019485571289062698,-0.0033196228027343455
heavy_ball,resnet18,3,tangent_certificate,40,0.01,0.5,,4.0,1.0,0.007117819506675005,-0.0031373261008411646,2.5455442138671875,0.1616,1.0800039154052734,0.5844,momentum,additive,reset,0.0,8.0,2.526058642578125,1.076684292602539,0.019485571289062698,-0.0033196228027343455
heavy_ball,resnet18,3,tangent_certificate,40,0.01,0.5,,4.0,1.0,0.007117819506675005,-0.0031373261008411646,2.5455442138671875,0.1616,1.0800039154052734,0.5844,momentum,additive,reset,0.0,8.0,2.526058642578125,1.076684292602539,0.019485571289062698,-0.0033196228027343455
heavy_ball,resnet18,3,random_matched_norm,40,0.01,0.5,,4.0,1.0,0.007117819506675005,-0.0031373261008411646,2.5239993225097654,0.1656,1.0762914123535157,0.5856,momentum,additive,reset,0.0,8.0,2.526058642578125,1.076684292602539,-0.002059320068359405,0.00039288024902339735
heavy_ball,resnet18,3,random_matched_norm,40,0.01,0.5,,4.0,1.0,0.007117819506675005,-0.0031373261008411646,2.5239993225097654,0.1656,1.0762914123535157,0.5856,momentum,additive,reset,0.0,8.0,2.526058642578125,1.076684292602539,-0.002059320068359405,0.00039288024902339735
heavy_ball,resnet18,3,random_matched_norm,40,0.01,0.5,,4.0,1.0,0.007117819506675005,-0.0031373261008411646,2.5239993225097654,0.1656,1.0762914123535157,0.5856,momentum,additive,reset,0.0,8.0,2.526058642578125,1.076684292602539,-0.002059320068359405,0.00039288024902339735
heavy_ball,resnet18,3,random_matched_norm,40,0.01,0.5,,4.0,1.0,0.007117819506675005,-0.0031373261008411646,2.5239993225097654,0.1656,1.0762914123535157,0.5856,momentum,additive,reset,0.0,8.0,2.526058642578125,1.076684292602539,-0.002059320068359405,0.00039288024902339735
heavy_ball,resnet18,3,reset,40,0.01,0.5,,4.0,1.0,0.007117819506675005,-0.0031373261008411646,2.526058642578125,0.1644,1.076684292602539,0.5848,momentum,additive,reset,0.0,8.0,2.526058642578125,1.076684292602539,0.0,0.0
heavy_ball,resnet18,3,reset,40,0.01,0.5,,4.0,1.0,0.007117819506675005,-0.0031373261008411646,2.526058642578125,0.1644,1.076684292602539,0.5848,momentum,additive,reset,0.0,8.0,2.526058642578125,1.076684292602539,0.0,0.0
heavy_ball,resnet18,3,reset,40,0.01,0.5,,4.0,1.0,0.007117819506675005,-0.0031373261008411646,2.526058642578125,0.1644,1.076684292602539,0.5848,momentum,additive,reset,0.0,8.0,2.526058642578125,1.076684292602539,0.0,0.0
heavy_ball,resnet18,3,reset,40,0.01,0.5,,4.0,1.0,0.007117819506675005,-0.0031373261008411646,2.526058642578125,0.1644,1.076684292602539,0.5848,momentum,additive,reset,0.0,8.0,2.526058642578125,1.076684292602539,0.0,0.0
heavy_ball,resnet18,3,inherit,40,0.01,0.5,,4.0,1.0,0.007117819506675005,-0.0031373261008411646,2.546130224609375,0.1612,1.0800882751464844,0.584,momentum,additive,reset,0.0,8.0,2.526058642578125,1.076684292602539,0.020071582031250035,-0.003403982543945361
heavy_ball,resnet18,3,inherit,40,0.01,0.5,,4.0,1.0,0.007117819506675005,-0.0031373261008411646,2.546130224609375,0.1612,1.0800882751464844,0.584,momentum,additive,reset,0.0,8.0,2.526058642578125,1.076684292602539,0.020071582031250035,-0.003403982543945361
heavy_ball,resnet18,3,inherit,40,0.01,0.5,,4.0,1.0,0.007117819506675005,-0.0031373261008411646,2.546130224609375,0.1612,1.0800882751464844,0.584,momentum,additive,reset,0.0,8.0,2.526058642578125,1.076684292602539,0.020071582031250035,-0.003403982543945361
heavy_ball,resnet18,3,inherit,40,0.01,0.5,,4.0,1.0,0.007117819506675005,-0.0031373261008411646,2.546130224609375,0.1612,1.0800882751464844,0.584,momentum,additive,reset,0.0,8.0,2.526058642578125,1.076684292602539,0.020071582031250035,-0.003403982543945361
heavy_ball,resnet18,3,tangent_certificate,40,0.01,0.5,,4.0,1.0,0.007117819506675005,-0.0031373261008411646,2.5455442138671875,0.1616,1.0800039154052734,0.5844,momentum,additive,reset,0.0,8.0,2.526058642578125,1.076684292602539,0.019485571289062698,-0.0033196228027343455
heavy_ball,resnet18,3,tangent_certificate,40,0.01,0.5,,4.0,1.0,0.007117819506675005,-0.0031373261008411646,2.5455442138671875,0.1616,1.0800039154052734,0.5844,momentum,additive,reset,0.0,8.0,2.526058642578125,1.076684292602539,0.019485571289062698,-0.0033196228027343455
heavy_ball,resnet18,3,tangent_certificate,40,0.01,0.5,,4.0,1.0,0.007117819506675005,-0.0031373261008411646,2.5455442138671875,0.1616,1.0800039154052734,0.5844,momentum,additive,reset,0.0,8.0,2.526058642578125,1.076684292602539,0.019485571289062698,-0.0033196228027343455
heavy_ball,resnet18,3,tangent_certificate,40,0.01,0.5,,4.0,1.0,0.007117819506675005,-0.0031373261008411646,2.5455442138671875,0.1616,1.0800039154052734,0.5844,momentum,additive,reset,0.0,8.0,2.526058642578125,1.076684292602539,0.019485571289062698,-0.0033196228027343455
heavy_ball,resnet18,3,random_matched_norm,40,0.01,0.5,,4.0,1.0,0.007117819506675005,-0.0031373261008411646,2.5239993225097654,0.1656,1.0762914123535157,0.5856,momentum,additive,reset,0.0,8.0,2.526058642578125,1.076684292602539,-0.002059320068359405,0.00039288024902339735
heavy_ball,resnet18,3,random_matched_norm,40,0.01,0.5,,4.0,1.0,0.007117819506675005,-0.0031373261008411646,2.5239993225097654,0.1656,1.0762914123535157,0.5856,momentum,additive,reset,0.0,8.0,2.526058642578125,1.076684292602539,-0.002059320068359405,0.00039288024902339735
heavy_ball,resnet18,3,random_matched_norm,40,0.01,0.5,,4.0,1.0,0.007117819506675005,-0.0031373261008411646,2.5239993225097654,0.1656,1.0762914123535157,0.5856,momentum,additive,reset,0.0,8.0,2.526058642578125,1.076684292602539,-0.002059320068359405,0.00039288024902339735
heavy_ball,resnet18,3,random_matched_norm,40,0.01,0.5,,4.0,1.0,0.007117819506675005,-0.0031373261008411646,2.5239993225097654,0.1656,1.0762914123535157,0.5856,momentum,additive,reset,0.0,8.0,2.526058642578125,1.076684292602539,-0.002059320068359405,0.00039288024902339735
heavy_ball,resnet18,3,reset,40,0.01,0.5,,4.0,1.0,0.007117819506675005,-0.0031373261008411646,2.526058642578125,0.1644,1.076684292602539,0.5848,momentum,additive,reset,0.0,8.0,2.526058642578125,1.076684292602539,0.0,0.0
heavy_ball,resnet18,3,reset,40,0.01,0.5,,4.0,1.0,0.007117819506675005,-0.0031373261008411646,2.526058642578125,0.1644,1.076684292602539,0.5848,momentum,additive,reset,0.0,8.0,2.526058642578125,1.076684292602539,0.0,0.0
heavy_ball,resnet18,3,reset,40,0.01,0.5,,4.0,1.0,0.007117819506675005,-0.0031373261008411646,2.526058642578125,0.1644,1.076684292602539,0.5848,momentum,additive,reset,0.0,8.0,2.526058642578125,1.076684292602539,0.0,0.0
heavy_ball,resnet18,3,reset,40,0.01,0.5,,4.0,1.0,0.007117819506675005,-0.0031373261008411646,2.526058642578125,0.1644,1.076684292602539,0.5848,momentum,additive,reset,0.0,8.0,2.526058642578125,1.076684292602539,0.0,0.0
heavy_ball,resnet18,3,inherit,40,0.01,0.5,,4.0,1.0,0.007117819506675005,-0.0031373261008411646,2.546130224609375,0.1612,1.0800882751464844,0.584,momentum,additive,reset,0.0,8.0,2.526058642578125,1.076684292602539,0.020071582031250035,-0.003403982543945361
heavy_ball,resnet18,3,inherit,40,0.01,0.5,,4.0,1.0,0.007117819506675005,-0.0031373261008411646,2.546130224609375,0.1612,1.0800882751464844,0.584,momentum,additive,reset,0.0,8.0,2.526058642578125,1.076684292602539,0.020071582031250035,-0.003403982543945361
heavy_ball,resnet18,3,inherit,40,0.01,0.5,,4.0,1.0,0.007117819506675005,-0.0031373261008411646,2.546130224609375,0.1612,1.0800882751464844,0.584,momentum,additive,reset,0.0,8.0,2.526058642578125,1.076684292602539,0.020071582031250035,-0.003403982543945361
heavy_ball,resnet18,3,inherit,40,0.01,0.5,,4.0,1.0,0.007117819506675005,-0.0031373261008411646,2.546130224609375,0.1612,1.0800882751464844,0.584,momentum,additive,reset,0.0,8.0,2.526058642578125,1.076684292602539,0.020071582031250035,-0.003403982543945361
heavy_ball,resnet18,3,tangent_certificate,40,0.01,0.5,,4.0,1.0,0.007117819506675005,-0.0031373261008411646,2.5455442138671875,0.1616,1.0800039154052734,0.5844,momentum,additive,reset,0.0,8.0,2.526058642578125,1.076684292602539,0.019485571289062698,-0.0033196228027343455
heavy_ball,resnet18,3,tangent_certificate,40,0.01,0.5,,4.0,1.0,0.007117819506675005,-0.0031373261008411646,2.5455442138671875,0.1616,1.0800039154052734,0.5844,momentum,additive,reset,0.0,8.0,2.526058642578125,1.076684292602539,0.019485571289062698,-0.0033196228027343455
heavy_ball,resnet18,3,tangent_certificate,40,0.01,0.5,,4.0,1.0,0.007117819506675005,-0.0031373261008411646,2.5455442138671875,0.1616,1.0800039154052734,0.5844,momentum,additive,reset,0.0,8.0,2.526058642578125,1.076684292602539,0.019485571289062698,-0.0033196228027343455
heavy_ball,resnet18,3,tangent_certificate,40,0.01,0.5,,4.0,1.0,0.007117819506675005,-0.0031373261008411646,2.5455442138671875,0.1616,1.0800039154052734,0.5844,momentum,additive,reset,0.0,8.0,2.526058642578125,1.076684292602539,0.019485571289062698,-0.0033196228027343455
heavy_ball,resnet18,3,random_matched_norm,40,0.01,0.5,,4.0,1.0,0.007117819506675005,-0.0031373261008411646,2.5239993225097654,0.1656,1.0762914123535157,0.5856,momentum,additive,reset,0.0,8.0,2.526058642578125,1.076684292602539,-0.002059320068359405,0.00039288024902339735
heavy_ball,resnet18,3,random_matched_norm,40,0.01,0.5,,4.0,1.0,0.007117819506675005,-0.0031373261008411646,2.5239993225097654,0.1656,1.0762914123535157,0.5856,momentum,additive,reset,0.0,8.0,2.526058642578125,1.076684292602539,-0.002059320068359405,0.00039288024902339735
heavy_ball,resnet18,3,random_matched_norm,40,0.01,0.5,,4.0,1.0,0.007117819506675005,-0.0031373261008411646,2.5239993225097654,0.1656,1.0762914123535157,0.5856,momentum,additive,reset,0.0,8.0,2.526058642578125,1.076684292602539,-0.002059320068359405,0.00039288024902339735
heavy_ball,resnet18,3,random_matched_norm,40,0.01,0.5,,4.0,1.0,0.007117819506675005,-0.0031373261008411646,2.5239993225097654,0.1656,1.0762914123535157,0.5856,momentum,additive,reset,0.0,8.0,2.526058642578125,1.076684292602539,-0.002059320068359405,0.00039288024902339735
heavy_ball,resnet18,4,reset,40,0.01,0.5,,4.0,1.0,0.0012506239581853151,-0.0037061816547065973,2.213587762451172,0.198,1.2881093444824219,0.4616,,,,,,2.213587762451172,1.2881093444824219,0.0,0.0
heavy_ball,resnet18,4,reset,40,0.01,0.5,,4.0,1.0,0.0012506239581853151,-0.0037061816547065973,2.213587762451172,0.198,1.2881093444824219,0.4616,,,,,,2.213587762451172,1.2881093444824219,0.0,0.0
heavy_ball,resnet18,4,reset,40,0.01,0.5,,4.0,1.0,0.0012506239581853151,-0.0037061816547065973,2.213587762451172,0.198,1.2881093444824219,0.4616,,,,,,2.213587762451172,1.2881093444824219,0.0,0.0
heavy_ball,resnet18,4,reset,40,0.01,0.5,,4.0,1.0,0.0012506239581853151,-0.0037061816547065973,2.213587762451172,0.198,1.2881093444824219,0.4616,,,,,,2.213587762451172,1.2881093444824219,0.0,0.0
heavy_ball,resnet18,4,inherit,40,0.01,0.5,,4.0,1.0,0.0012506239581853151,-0.0037061816547065973,2.206216131591797,0.1964,1.2920408782958985,0.454,,,,,,2.213587762451172,1.2881093444824219,-0.007371630859374978,-0.003931533813476662
heavy_ball,resnet18,4,inherit,40,0.01,0.5,,4.0,1.0,0.0012506239581853151,-0.0037061816547065973,2.206216131591797,0.1964,1.2920408782958985,0.454,,,,,,2.213587762451172,1.2881093444824219,-0.007371630859374978,-0.003931533813476662
heavy_ball,resnet18,4,inherit,40,0.01,0.5,,4.0,1.0,0.0012506239581853151,-0.0037061816547065973,2.206216131591797,0.1964,1.2920408782958985,0.454,,,,,,2.213587762451172,1.2881093444824219,-0.007371630859374978,-0.003931533813476662
heavy_ball,resnet18,4,inherit,40,0.01,0.5,,4.0,1.0,0.0012506239581853151,-0.0037061816547065973,2.206216131591797,0.1964,1.2920408782958985,0.454,,,,,,2.213587762451172,1.2881093444824219,-0.007371630859374978,-0.003931533813476662
heavy_ball,resnet18,4,tangent_certificate,40,0.01,0.5,,4.0,1.0,0.0012506239581853151,-0.0037061816547065973,2.21505400390625,0.1972,1.2835816772460937,0.468,,,,,,2.213587762451172,1.2881093444824219,0.001466241455077899,0.004527667236328137
heavy_ball,resnet18,4,tangent_certificate,40,0.01,0.5,,4.0,1.0,0.0012506239581853151,-0.0037061816547065973,2.21505400390625,0.1972,1.2835816772460937,0.468,,,,,,2.213587762451172,1.2881093444824219,0.001466241455077899,0.004527667236328137
heavy_ball,resnet18,4,tangent_certificate,40,0.01,0.5,,4.0,1.0,0.0012506239581853151,-0.0037061816547065973,2.21505400390625,0.1972,1.2835816772460937,0.468,,,,,,2.213587762451172,1.2881093444824219,0.001466241455077899,0.004527667236328137
heavy_ball,resnet18,4,tangent_certificate,40,0.01,0.5,,4.0,1.0,0.0012506239581853151,-0.0037061816547065973,2.21505400390625,0.1972,1.2835816772460937,0.468,,,,,,2.213587762451172,1.2881093444824219,0.001466241455077899,0.004527667236328137
heavy_ball,resnet18,4,random_matched_norm,40,0.01,0.5,,4.0,1.0,0.0012506239581853151,-0.0037061816547065973,2.2072157775878907,0.198,1.2897793579101562,0.4568,,,,,,2.213587762451172,1.2881093444824219,-0.006371984863281277,-0.0016700134277343182
heavy_ball,resnet18,4,random_matched_norm,40,0.01,0.5,,4.0,1.0,0.0012506239581853151,-0.0037061816547065973,2.2072157775878907,0.198,1.2897793579101562,0.4568,,,,,,2.213587762451172,1.2881093444824219,-0.006371984863281277,-0.0016700134277343182
heavy_ball,resnet18,4,random_matched_norm,40,0.01,0.5,,4.0,1.0,0.0012506239581853151,-0.0037061816547065973,2.2072157775878907,0.198,1.2897793579101562,0.4568,,,,,,2.213587762451172,1.2881093444824219,-0.006371984863281277,-0.0016700134277343182
heavy_ball,resnet18,4,random_matched_norm,40,0.01,0.5,,4.0,1.0,0.0012506239581853151,-0.0037061816547065973,2.2072157775878907,0.198,1.2897793579101562,0.4568,,,,,,2.213587762451172,1.2881093444824219,-0.006371984863281277,-0.0016700134277343182
heavy_ball,resnet18,4,reset,40,0.01,0.5,,4.0,1.0,0.0012506239581853151,-0.0037061816547065973,2.213587762451172,0.198,1.2881093444824219,0.4616,momentum,additive,reset,0.0,8.0,2.213587762451172,1.2881093444824219,0.0,0.0
heavy_ball,resnet18,4,reset,40,0.01,0.5,,4.0,1.0,0.0012506239581853151,-0.0037061816547065973,2.213587762451172,0.198,1.2881093444824219,0.4616,momentum,additive,reset,0.0,8.0,2.213587762451172,1.2881093444824219,0.0,0.0
heavy_ball,resnet18,4,reset,40,0.01,0.5,,4.0,1.0,0.0012506239581853151,-0.0037061816547065973,2.213587762451172,0.198,1.2881093444824219,0.4616,momentum,additive,reset,0.0,8.0,2.213587762451172,1.2881093444824219,0.0,0.0
heavy_ball,resnet18,4,reset,40,0.01,0.5,,4.0,1.0,0.0012506239581853151,-0.0037061816547065973,2.213587762451172,0.198,1.2881093444824219,0.4616,momentum,additive,reset,0.0,8.0,2.213587762451172,1.2881093444824219,0.0,0.0
heavy_ball,resnet18,4,inherit,40,0.01,0.5,,4.0,1.0,0.0012506239581853151,-0.0037061816547065973,2.206216131591797,0.1964,1.2920408782958985,0.454,momentum,additive,reset,0.0,8.0,2.213587762451172,1.2881093444824219,-0.007371630859374978,-0.003931533813476662
heavy_ball,resnet18,4,inherit,40,0.01,0.5,,4.0,1.0,0.0012506239581853151,-0.0037061816547065973,2.206216131591797,0.1964,1.2920408782958985,0.454,momentum,additive,reset,0.0,8.0,2.213587762451172,1.2881093444824219,-0.007371630859374978,-0.003931533813476662
heavy_ball,resnet18,4,inherit,40,0.01,0.5,,4.0,1.0,0.0012506239581853151,-0.0037061816547065973,2.206216131591797,0.1964,1.2920408782958985,0.454,momentum,additive,reset,0.0,8.0,2.213587762451172,1.2881093444824219,-0.007371630859374978,-0.003931533813476662
heavy_ball,resnet18,4,inherit,40,0.01,0.5,,4.0,1.0,0.0012506239581853151,-0.0037061816547065973,2.206216131591797,0.1964,1.2920408782958985,0.454,momentum,additive,reset,0.0,8.0,2.213587762451172,1.2881093444824219,-0.007371630859374978,-0.003931533813476662
heavy_ball,resnet18,4,tangent_certificate,40,0.01,0.5,,4.0,1.0,0.0012506239581853151,-0.0037061816547065973,2.21505400390625,0.1972,1.2835816772460937,0.468,momentum,additive,reset,0.0,8.0,2.213587762451172,1.2881093444824219,0.001466241455077899,0.004527667236328137
heavy_ball,resnet18,4,tangent_certificate,40,0.01,0.5,,4.0,1.0,0.0012506239581853151,-0.0037061816547065973,2.21505400390625,0.1972,1.2835816772460937,0.468,momentum,additive,reset,0.0,8.0,2.213587762451172,1.2881093444824219,0.001466241455077899,0.004527667236328137
heavy_ball,resnet18,4,tangent_certificate,40,0.01,0.5,,4.0,1.0,0.0012506239581853151,-0.0037061816547065973,2.21505400390625,0.1972,1.2835816772460937,0.468,momentum,additive,reset,0.0,8.0,2.213587762451172,1.2881093444824219,0.001466241455077899,0.004527667236328137
heavy_ball,resnet18,4,tangent_certificate,40,0.01,0.5,,4.0,1.0,0.0012506239581853151,-0.0037061816547065973,2.21505400390625,0.1972,1.2835816772460937,0.468,momentum,additive,reset,0.0,8.0,2.213587762451172,1.2881093444824219,0.001466241455077899,0.004527667236328137
heavy_ball,resnet18,4,random_matched_norm,40,0.01,0.5,,4.0,1.0,0.0012506239581853151,-0.0037061816547065973,2.2072157775878907,0.198,1.2897793579101562,0.4568,momentum,additive,reset,0.0,8.0,2.213587762451172,1.2881093444824219,-0.006371984863281277,-0.0016700134277343182
heavy_ball,resnet18,4,random_matched_norm,40,0.01,0.5,,4.0,1.0,0.0012506239581853151,-0.0037061816547065973,2.2072157775878907,0.198,1.2897793579101562,0.4568,momentum,additive,reset,0.0,8.0,2.213587762451172,1.2881093444824219,-0.006371984863281277,-0.0016700134277343182
heavy_ball,resnet18,4,random_matched_norm,40,0.01,0.5,,4.0,1.0,0.0012506239581853151,-0.0037061816547065973,2.2072157775878907,0.198,1.2897793579101562,0.4568,momentum,additive,reset,0.0,8.0,2.213587762451172,1.2881093444824219,-0.006371984863281277,-0.0016700134277343182
heavy_ball,resnet18,4,random_matched_norm,40,0.01,0.5,,4.0,1.0,0.0012506239581853151,-0.0037061816547065973,2.2072157775878907,0.198,1.2897793579101562,0.4568,momentum,additive,reset,0.0,8.0,2.213587762451172,1.2881093444824219,-0.006371984863281277,-0.0016700134277343182
heavy_ball,resnet18,4,reset,40,0.01,0.5,,4.0,1.0,0.0012506239581853151,-0.0037061816547065973,2.213587762451172,0.198,1.2881093444824219,0.4616,momentum,additive,reset,0.0,8.0,2.213587762451172,1.2881093444824219,0.0,0.0
heavy_ball,resnet18,4,reset,40,0.01,0.5,,4.0,1.0,0.0012506239581853151,-0.0037061816547065973,2.213587762451172,0.198,1.2881093444824219,0.4616,momentum,additive,reset,0.0,8.0,2.213587762451172,1.2881093444824219,0.0,0.0
heavy_ball,resnet18,4,reset,40,0.01,0.5,,4.0,1.0,0.0012506239581853151,-0.0037061816547065973,2.213587762451172,0.198,1.2881093444824219,0.4616,momentum,additive,reset,0.0,8.0,2.213587762451172,1.2881093444824219,0.0,0.0
heavy_ball,resnet18,4,reset,40,0.01,0.5,,4.0,1.0,0.0012506239581853151,-0.0037061816547065973,2.213587762451172,0.198,1.2881093444824219,0.4616,momentum,additive,reset,0.0,8.0,2.213587762451172,1.2881093444824219,0.0,0.0
heavy_ball,resnet18,4,inherit,40,0.01,0.5,,4.0,1.0,0.0012506239581853151,-0.0037061816547065973,2.206216131591797,0.1964,1.2920408782958985,0.454,momentum,additive,reset,0.0,8.0,2.213587762451172,1.2881093444824219,-0.007371630859374978,-0.003931533813476662
heavy_ball,resnet18,4,inherit,40,0.01,0.5,,4.0,1.0,0.0012506239581853151,-0.0037061816547065973,2.206216131591797,0.1964,1.2920408782958985,0.454,momentum,additive,reset,0.0,8.0,2.213587762451172,1.2881093444824219,-0.007371630859374978,-0.003931533813476662
heavy_ball,resnet18,4,inherit,40,0.01,0.5,,4.0,1.0,0.0012506239581853151,-0.0037061816547065973,2.206216131591797,0.1964,1.2920408782958985,0.454,momentum,additive,reset,0.0,8.0,2.213587762451172,1.2881093444824219,-0.007371630859374978,-0.003931533813476662
heavy_ball,resnet18,4,inherit,40,0.01,0.5,,4.0,1.0,0.0012506239581853151,-0.0037061816547065973,2.206216131591797,0.1964,1.2920408782958985,0.454,momentum,additive,reset,0.0,8.0,2.213587762451172,1.2881093444824219,-0.007371630859374978,-0.003931533813476662
heavy_ball,resnet18,4,tangent_certificate,40,0.01,0.5,,4.0,1.0,0.0012506239581853151,-0.0037061816547065973,2.21505400390625,0.1972,1.2835816772460937,0.468,momentum,additive,reset,0.0,8.0,2.213587762451172,1.2881093444824219,0.001466241455077899,0.004527667236328137
heavy_ball,resnet18,4,tangent_certificate,40,0.01,0.5,,4.0,1.0,0.0012506239581853151,-0.0037061816547065973,2.21505400390625,0.1972,1.2835816772460937,0.468,momentum,additive,reset,0.0,8.0,2.213587762451172,1.2881093444824219,0.001466241455077899,0.004527667236328137
heavy_ball,resnet18,4,tangent_certificate,40,0.01,0.5,,4.0,1.0,0.0012506239581853151,-0.0037061816547065973,2.21505400390625,0.1972,1.2835816772460937,0.468,momentum,additive,reset,0.0,8.0,2.213587762451172,1.2881093444824219,0.001466241455077899,0.004527667236328137
heavy_ball,resnet18,4,tangent_certificate,40,0.01,0.5,,4.0,1.0,0.0012506239581853151,-0.0037061816547065973,2.21505400390625,0.1972,1.2835816772460937,0.468,momentum,additive,reset,0.0,8.0,2.213587762451172,1.2881093444824219,0.001466241455077899,0.004527667236328137
heavy_ball,resnet18,4,random_matched_norm,40,0.01,0.5,,4.0,1.0,0.0012506239581853151,-0.0037061816547065973,2.2072157775878907,0.198,1.2897793579101562,0.4568,momentum,additive,reset,0.0,8.0,2.213587762451172,1.2881093444824219,-0.006371984863281277,-0.0016700134277343182
heavy_ball,resnet18,4,random_matched_norm,40,0.01,0.5,,4.0,1.0,0.0012506239581853151,-0.0037061816547065973,2.2072157775878907,0.198,1.2897793579101562,0.4568,momentum,additive,reset,0.0,8.0,2.213587762451172,1.2881093444824219,-0.006371984863281277,-0.0016700134277343182
heavy_ball,resnet18,4,random_matched_norm,40,0.01,0.5,,4.0,1.0,0.0012506239581853151,-0.0037061816547065973,2.2072157775878907,0.198,1.2897793579101562,0.4568,momentum,additive,reset,0.0,8.0,2.213587762451172,1.2881093444824219,-0.006371984863281277,-0.0016700134277343182
heavy_ball,resnet18,4,random_matched_norm,40,0.01,0.5,,4.0,1.0,0.0012506239581853151,-0.0037061816547065973,2.2072157775878907,0.198,1.2897793579101562,0.4568,momentum,additive,reset,0.0,8.0,2.213587762451172,1.2881093444824219,-0.006371984863281277,-0.0016700134277343182
heavy_ball,resnet18,4,reset,40,0.01,0.5,,4.0,1.0,0.0012506239581853151,-0.0037061816547065973,2.213587762451172,0.198,1.2881093444824219,0.4616,momentum,additive,reset,0.0,8.0,2.213587762451172,1.2881093444824219,0.0,0.0
heavy_ball,resnet18,4,reset,40,0.01,0.5,,4.0,1.0,0.0012506239581853151,-0.0037061816547065973,2.213587762451172,0.198,1.2881093444824219,0.4616,momentum,additive,reset,0.0,8.0,2.213587762451172,1.2881093444824219,0.0,0.0
heavy_ball,resnet18,4,reset,40,0.01,0.5,,4.0,1.0,0.0012506239581853151,-0.0037061816547065973,2.213587762451172,0.198,1.2881093444824219,0.4616,momentum,additive,reset,0.0,8.0,2.213587762451172,1.2881093444824219,0.0,0.0
heavy_ball,resnet18,4,reset,40,0.01,0.5,,4.0,1.0,0.0012506239581853151,-0.0037061816547065973,2.213587762451172,0.198,1.2881093444824219,0.4616,momentum,additive,reset,0.0,8.0,2.213587762451172,1.2881093444824219,0.0,0.0
heavy_ball,resnet18,4,inherit,40,0.01,0.5,,4.0,1.0,0.0012506239581853151,-0.0037061816547065973,2.206216131591797,0.1964,1.2920408782958985,0.454,momentum,additive,reset,0.0,8.0,2.213587762451172,1.2881093444824219,-0.007371630859374978,-0.003931533813476662
heavy_ball,resnet18,4,inherit,40,0.01,0.5,,4.0,1.0,0.0012506239581853151,-0.0037061816547065973,2.206216131591797,0.1964,1.2920408782958985,0.454,momentum,additive,reset,0.0,8.0,2.213587762451172,1.2881093444824219,-0.007371630859374978,-0.003931533813476662
heavy_ball,resnet18,4,inherit,40,0.01,0.5,,4.0,1.0,0.0012506239581853151,-0.0037061816547065973,2.206216131591797,0.1964,1.2920408782958985,0.454,momentum,additive,reset,0.0,8.0,2.213587762451172,1.2881093444824219,-0.007371630859374978,-0.003931533813476662
heavy_ball,resnet18,4,inherit,40,0.01,0.5,,4.0,1.0,0.0012506239581853151,-0.0037061816547065973,2.206216131591797,0.1964,1.2920408782958985,0.454,momentum,additive,reset,0.0,8.0,2.213587762451172,1.2881093444824219,-0.007371630859374978,-0.003931533813476662
heavy_ball,resnet18,4,tangent_certificate,40,0.01,0.5,,4.0,1.0,0.0012506239581853151,-0.0037061816547065973,2.21505400390625,0.1972,1.2835816772460937,0.468,momentum,additive,reset,0.0,8.0,2.213587762451172,1.2881093444824219,0.001466241455077899,0.004527667236328137
heavy_ball,resnet18,4,tangent_certificate,40,0.01,0.5,,4.0,1.0,0.0012506239581853151,-0.0037061816547065973,2.21505400390625,0.1972,1.2835816772460937,0.468,momentum,additive,reset,0.0,8.0,2.213587762451172,1.2881093444824219,0.001466241455077899,0.004527667236328137
heavy_ball,resnet18,4,tangent_certificate,40,0.01,0.5,,4.0,1.0,0.0012506239581853151,-0.0037061816547065973,2.21505400390625,0.1972,1.2835816772460937,0.468,momentum,additive,reset,0.0,8.0,2.213587762451172,1.2881093444824219,0.001466241455077899,0.004527667236328137
heavy_ball,resnet18,4,tangent_certificate,40,0.01,0.5,,4.0,1.0,0.0012506239581853151,-0.0037061816547065973,2.21505400390625,0.1972,1.2835816772460937,0.468,momentum,additive,reset,0.0,8.0,2.213587762451172,1.2881093444824219,0.001466241455077899,0.004527667236328137
heavy_ball,resnet18,4,random_matched_norm,40,0.01,0.5,,4.0,1.0,0.0012506239581853151,-0.0037061816547065973,2.2072157775878907,0.198,1.2897793579101562,0.4568,momentum,additive,reset,0.0,8.0,2.213587762451172,1.2881093444824219,-0.006371984863281277,-0.0016700134277343182
heavy_ball,resnet18,4,random_matched_norm,40,0.01,0.5,,4.0,1.0,0.0012506239581853151,-0.0037061816547065973,2.2072157775878907,0.198,1.2897793579101562,0.4568,momentum,additive,reset,0.0,8.0,2.213587762451172,1.2881093444824219,-0.006371984863281277,-0.0016700134277343182
heavy_ball,resnet18,4,random_matched_norm,40,0.01,0.5,,4.0,1.0,0.0012506239581853151,-0.0037061816547065973,2.2072157775878907,0.198,1.2897793579101562,0.4568,momentum,additive,reset,0.0,8.0,2.213587762451172,1.2881093444824219,-0.006371984863281277,-0.0016700134277343182
heavy_ball,resnet18,4,random_matched_norm,40,0.01,0.5,,4.0,1.0,0.0012506239581853151,-0.0037061816547065973,2.2072157775878907,0.198,1.2897793579101562,0.4568,momentum,additive,reset,0.0,8.0,2.213587762451172,1.2881093444824219,-0.006371984863281277,-0.0016700134277343182
