dataset,architecture,optimizer,seed,step,theta_norm,memory_norm,v_norm
split_cifar10,smallcnn,heavy_ball,0,480,12.084922790527344,2.780273675918579,
split_cifar10,smallcnn,adam,0,480,13.931618690490723,0.566522479057312,0.08519028127193451
split_cifar10,smallcnn,heavy_ball,1,480,12.013640403747559,3.0929512977600098,
split_cifar10,smallcnn,adam,1,480,14.506012916564941,0.82260662317276,0.07875701040029526
split_cifar10,smallcnn,heavy_ball,2,480,11.957086563110352,2.5284903049468994,
split_cifar10,smallcnn,adam,2,480,14.337874412536621,0.5556897521018982,0.06387094408273697
split_cifar10,smallcnn,heavy_ball,3,480,11.904231071472168,2.580962657928467,
split_cifar10,smallcnn,adam,3,480,15.023040771484375,1.044835090637207,0.07974158972501755
split_cifar10,smallcnn,heavy_ball,4,480,11.951889991760254,5.187220573425293,
split_cifar10,smallcnn,adam,4,480,14.643170356750488,0.7056499719619751,0.06682569533586502
split_cifar10,resnet18,heavy_ball,0,800,112.52072143554688,5.736443996429443,
split_cifar10,resnet18,adam,0,800,122.64610290527344,1.0681722164154053,0.07887256890535355
split_cifar10,resnet18,heavy_ball,1,800,112.51164245605469,5.3332743644714355,
split_cifar10,resnet18,adam,1,800,122.24237060546875,0.7251989841461182,0.07079903781414032
split_cifar10,resnet18,heavy_ball,2,800,112.57918548583984,6.8373026847839355,
split_cifar10,resnet18,adam,2,800,122.6986312866211,0.3509064316749573,0.07415799051523209
split_cifar10,resnet18,heavy_ball,3,800,112.57083892822266,6.450189113616943,
split_cifar10,resnet18,adam,3,800,122.9336166381836,0.901463508605957,0.10151483863592148
split_cifar10,resnet18,heavy_ball,4,800,112.6867904663086,6.724846839904785,
split_cifar10,resnet18,adam,4,800,123.47926330566406,1.0176347494125366,0.06705055385828018
split_tinyimagenet,smallcnn,heavy_ball,0,3910,17.88188934326172,5.982344627380371,
split_tinyimagenet,smallcnn,adam,0,3910,18.724538803100586,1.3128300905227661,0.47001999616622925
split_tinyimagenet,smallcnn,heavy_ball,1,3910,17.778228759765625,5.700845241546631,
split_tinyimagenet,smallcnn,adam,1,3910,18.77268409729004,1.611889362335205,0.717131495475769
split_tinyimagenet,smallcnn,heavy_ball,2,3910,17.630970001220703,5.930995464324951,
split_tinyimagenet,smallcnn,adam,2,3910,18.709457397460938,1.4021055698394775,0.7910809516906738
split_tinyimagenet,smallcnn,heavy_ball,3,3910,16.580913543701172,5.224421501159668,
split_tinyimagenet,smallcnn,adam,3,3910,18.792577743530273,1.368720531463623,0.4806259274482727
split_tinyimagenet,smallcnn,heavy_ball,4,3910,17.559358596801758,6.582029342651367,
split_tinyimagenet,smallcnn,adam,4,3910,18.908435821533203,1.5447053909301758,0.7364675998687744
split_tinyimagenet,resnet18,heavy_ball,0,5865,116.04097747802734,9.666556358337402,
split_tinyimagenet,resnet18,adam,0,5865,138.24447631835938,0.9260378479957581,0.27424153685569763
split_tinyimagenet,resnet18,heavy_ball,1,5865,115.9811019897461,9.384695053100586,
split_tinyimagenet,resnet18,adam,1,5865,138.42247009277344,0.8053709864616394,0.19151607155799866
split_tinyimagenet,resnet18,heavy_ball,2,5865,116.00152587890625,9.1863374710083,
split_tinyimagenet,resnet18,adam,2,5865,138.22714233398438,0.7977922558784485,0.4537048041820526
split_tinyimagenet,resnet18,heavy_ball,3,5865,116.02788543701172,9.504960060119629,
split_tinyimagenet,resnet18,adam,3,5865,138.31370544433594,0.7888379693031311,0.5535069704055786
split_tinyimagenet,resnet18,heavy_ball,4,5865,115.96205139160156,10.043028831481934,
split_tinyimagenet,resnet18,adam,4,5865,138.33663940429688,0.8728973865509033,0.23796433210372925
