response_rank,frobenius_norm,spectral_norm,stable_rank,effective_rank,energy_top1,energy_top2,rank90,singular_value_1,singular_value_2,singular_value_3,singular_value_4,singular_value_5,singular_value_6,singular_value_7,singular_value_8,optimizer,architecture,seed,learning_rate,beta1,beta2,memory_component,state_parameterization,nominal_memory,step_offset,horizon,radius_base
8,183.44696314850765,69.9552279998301,6.876709851321105,6.999397188429692,0.14541837908253274,0.290362687515143,7,69.9552279998301,69.8411062719701,69.60729768825844,69.36410514242328,69.04689009004458,68.82087446777784,68.70904438695584,0.026282182404206877,adam,smallcnn,0,0.0003,0.9,0.999,m,additive,inherited,480,1,0.9001141786575317
8,752.7384115479421,287.0626751276636,6.875981524314851,6.999392494843431,0.1454337822845799,0.2903623176366982,7,287.0626751276636,286.5636035893151,285.6192580623169,284.64507842413406,283.3232728941471,282.4029192072881,281.8984995243346,0.08273272450560927,adam,smallcnn,0,0.0003,0.9,0.999,m,additive,inherited,480,5,0.9001141786575317
8,1199.2612555183002,457.4300494192835,6.873504553785701,6.999379001920559,0.14548619153081563,0.29040174909022054,7,457.4300494192835,456.5320893518339,455.0494203636679,453.55210093894004,451.3517652501926,449.87967964391163,449.08142108636673,0.11005585074232939,adam,smallcnn,0,0.0003,0.9,0.999,m,additive,inherited,480,10,0.9001141786575317
8,1617.006278211553,617.3199443576834,6.861242917279851,6.99933391609049,0.1457461879802459,0.290644922602186,7,617.3199443576834,615.5225987088495,613.576196241377,611.2966310032768,608.4833213976484,606.3110983951678,605.5847404789992,0.15008408023691036,adam,smallcnn,0,0.0003,0.9,0.999,m,additive,inherited,480,20,0.9001141786575317
8,1866.082858936139,808.3958653882954,5.328606866290872,6.9451184993108726,0.18766631224496366,0.33060493690365916,7,808.3958653882954,705.5141413111338,687.6820965958259,685.2539662019537,682.8751129593572,681.4858258890624,676.601872601056,0.22063601182158504,adam,smallcnn,0,0.0003,0.9,0.999,m,additive,inherited,480,40,0.9001141786575317
8,0.0001528876602956598,5.476552134167138e-05,7.793461896889611,7.998943196745756,0.12831268224960493,0.2556305663242298,8,5.476552134167138e-05,5.455281186084039e-05,5.4197167438353326e-05,5.41731582609864e-05,5.398287790607929e-05,5.380613657724441e-05,5.351895240330395e-05,5.342070122978652e-05,adam,smallcnn,0,0.0003,0.9,0.999,log_v,log,inherited,480,1,1.0
8,0.0011142562184635475,0.0004015503907243806,7.699987627005347,7.985983431204164,0.12987033855649407,0.25858195338526657,8,0.0004015503907243806,0.0003997550290374078,0.00039898438346286467,0.0003981588709208667,0.0003973833592292764,0.000396283230235784,0.00039510531839456606,0.0003629586074619786,adam,smallcnn,0,0.0003,0.9,0.999,log_v,log,inherited,480,5,1.0
8,0.0023683455333519316,0.0008619541296804379,7.549563110888747,7.935940379595469,0.13245799595445443,0.2640984968480833,7,0.0008619541296804379,0.0008592901386406793,0.0008570769772680479,0.0008561863905905447,0.000855078014374159,0.000852777720529664,0.0008505694192996441,0.000691537007374739,adam,smallcnn,0,0.0003,0.9,0.999,log_v,log,inherited,480,10,1.0
8,0.0038630238339478944,0.0014104911309150382,7.500911750284398,7.912818400105072,0.1333171264096108,0.26577860816177445,7,0.0014104911309150382,0.001405957497672315,0.0014017101167752431,0.0014009856480181413,0.001398544317594054,0.001396575397973522,0.0013941924036526394,0.0010858535258833882,adam,smallcnn,0,0.0003,0.9,0.999,log_v,log,inherited,480,20,1.0
8,0.005208682150463265,0.0021609999235375848,5.809599705103416,7.926111452589801,0.1721288988502176,0.29239535267612515,8,0.0021609999235375848,0.0018063425367751487,0.0017982748860864489,0.0017959876773863523,0.0017942065134741354,0.0017844517036122495,0.001781152233344408,0.001778275354871568,adam,smallcnn,0,0.0003,0.9,0.999,log_v,log,inherited,480,40,1.0
8,143.9154327809604,54.88385292893175,6.875836677206382,6.999371750109949,0.14543684600814208,0.2901626514408571,7,54.88385292893175,54.74952499808565,54.736761398936764,54.27938718638977,54.19721736048333,54.02899576555856,53.88012520882484,0.020623857713196785,adam,smallcnn,0,0.0003,0.9,0.999,joint,additive+log,inherited,480,1,1.0
8,590.5316430144343,225.21031801107134,6.87558697026116,6.999368562036055,0.14544212797035078,0.2901780012528059,7,225.21031801107134,224.6628514490869,224.60478413549106,222.71386558423103,222.38664027023214,221.69477970998503,221.09130450169047,0.06491397255786217,adam,smallcnn,0,0.0003,0.9,0.999,joint,additive+log,inherited,480,5,1.0
8,940.8456965072339,358.8093140629748,6.87558078852717,6.9993696899478035,0.14544225873523794,0.2901625593001719,7,358.8093140629748,357.91766267482507,357.8605872790057,354.80703479890144,354.32968389071067,353.2002125160656,352.2631022355455,0.08630568274803331,adam,smallcnn,0,0.0003,0.9,0.999,joint,additive+log,inherited,480,10,1.0
8,1268.7406642858264,483.88109769432566,6.874931967720082,6.999296255662331,0.1454559848294219,0.2904626748342533,7,483.88109769432566,483.1331964746396,482.67022004360314,478.3461150961302,477.82672814939,476.15694931401765,474.6734535190069,0.11762919526382566,adam,smallcnn,0,0.0003,0.9,0.999,joint,additive+log,inherited,480,20,1.0
8,1457.9489870731838,609.8823918156263,5.714687246797707,6.969435368957118,0.17498770393084273,0.3196805886342726,7,609.8823918156263,554.5821869967134,547.7240061221037,541.4487752943032,534.7897981803573,534.1537175792134,530.6680691295705,0.17303635669679207,adam,smallcnn,0,0.0003,0.9,0.999,joint,additive+log,inherited,480,40,1.0
8,611.4898812429689,233.18409179224523,6.876710033977216,6.999397191284572,0.1454183752199945,0.2903626706971,7,233.18409179224523,232.8036787227348,232.024330626474,231.21368518264774,230.1563053257438,229.4029176648145,229.03015513893217,0.08760726936535819,adam,smallcnn,0,0.001,0.9,0.999,m,additive,inherited,480,1,0.9001141786575317
8,2507.435878875246,956.4443773688598,6.872903321893436,6.999381316460557,0.14549891845772495,0.2904087304399798,7,956.4443773688598,954.5061531146815,951.3304712820891,948.3178718933445,943.703518250092,940.6117850096547,938.9906652716132,0.24833562659429637,adam,smallcnn,0,0.001,0.9,0.999,m,additive,inherited,480,5,0.9001141786575317
8,3953.562590842358,1507.619348417313,6.876917789274426,6.999352415359326,0.14541398205452571,0.2904875813005319,7,1507.619348417313,1505.8538085548732,1500.9297901625241,1494.6092682704104,1487.7149011683007,1482.8032270180229,1480.3705855416083,0.3996241689600467,adam,smallcnn,0,0.001,0.9,0.999,m,additive,inherited,480,10,0.9001141786575317
8,5272.649893964443,2017.8340672365607,6.827897139489815,6.99915094065552,0.14645797667577642,0.29114391416526775,7,2017.8340672365607,2005.5897263634104,2003.8051355788257,1990.92683647697,1980.6286036065371,1978.9233667658737,1971.9888387523715,0.6357922611281994,adam,smallcnn,0,0.001,0.9,0.999,m,additive,inherited,480,20,0.9001141786575317
8,5933.2093383947,2317.2012663424675,6.556194495939591,6.996878494423175,0.1525275067143484,0.2963553009182679,7,2317.2012663424675,2250.147987058584,2245.848592247506,2232.362247875682,2221.2304427578324,2219.540425737503,2209.724607771486,1.025798445741445,adam,smallcnn,0,0.001,0.9,0.999,m,additive,inherited,480,40,0.9001141786575317
8,0.0005096255373203652,0.0001825517416038856,7.793461664376893,7.998943194588564,0.12831268607772803,0.2556305742427447,8,0.0001825517416038856,0.0001818427101948513,0.0001806572261386995,0.00018057719918612106,0.0001799429224181511,0.00017935378433934945,0.0001783965079502678,0.00017806900662197377,adam,smallcnn,0,0.001,0.9,0.999,log_v,log,inherited,480,1,1.0
8,0.003128104910893209,0.0011355244571230377,7.5887393257982065,7.959187897609725,0.13177419292825912,0.26259644868318605,7,0.0011355244571230377,0.0011314155068269589,0.0011274149467001091,0.0011254666361885247,0.0011239783522039983,0.0011195131124035044,0.001118433323408731,0.0009540722386418741,adam,smallcnn,0,0.001,0.9,0.999,log_v,log,inherited,480,5,1.0
8,0.0057108504724416595,0.002071931148381047,7.597154166004511,7.956465539433723,0.1316282358037127,0.2626705861558716,7,0.002071931148381047,0.0020673148587009504,0.002058463160507085,0.002055652900166794,0.002052243637300623,0.002048551023617446,0.0020434975004554995,0.0017320499424808657,adam,smallcnn,0,0.001,0.9,0.999,log_v,log,inherited,480,10,1.0
8,0.00854698112700136,0.0030692683223659794,7.754535272399642,7.998773743210456,0.12895679300850607,0.255596149031366,8,0.0030692683223659794,0.00304156492758838,0.003029872724954295,0.0030241899349209224,0.0030168372316824133,0.003013964240621796,0.0030068557778512575,0.0029710332638652583,adam,smallcnn,0,0.001,0.9,0.999,log_v,log,inherited,480,20,1.0
8,0.010578374287791383,0.004810073624961947,4.83653584497063,7.7924565452847725,0.206759555196902,0.3218451025656244,8,0.004810073624961947,0.003588635286250823,0.0035832129658783037,0.0035686826949019182,0.0035639226726531382,0.003552092422774246,0.003539948143226963,0.0035301333527614255,adam,smallcnn,0,0.001,0.9,0.999,log_v,log,inherited,480,40,1.0
8,479.71810248419877,182.94616969279915,6.875836989091254,6.999371751553703,0.1454368394111922,0.2901626462854178,7,182.94616969279915,182.49841498769214,182.4558688928674,180.93128796148264,180.65738725040868,180.09665138850744,179.60041809629848,0.06874619087207022,adam,smallcnn,0,0.001,0.9,0.999,joint,additive+log,inherited,480,1,1.0
8,1967.218985760147,750.2339173916445,6.875622524780392,6.999370819376464,0.14544137587482525,0.2901616268171793,7,750.2339173916445,748.3717077659185,748.1828580691898,741.9938190070403,740.8612226097431,738.5439035108564,736.4675763926808,0.19476932944334208,adam,smallcnn,0,0.001,0.9,0.999,joint,additive+log,inherited,480,5,1.0
8,3101.9735610077414,1183.482759223884,6.869930010788081,6.999302996955814,0.1455618905039304,0.29048751364360115,7,1183.482759223884,1180.8933584850759,1179.5330352821973,1170.460942686789,1167.7537802793304,1164.2574524631125,1160.4645633790583,0.3133501504625599,adam,smallcnn,0,0.001,0.9,0.999,joint,additive+log,inherited,480,10,1.0
8,4140.763757899314,1585.2846289809415,6.822545011662985,6.999253969846238,0.14657286955095536,0.2913182991066171,7,1585.2846289809415,1575.3711330026244,1570.4981921891172,1559.972346467603,1557.3858821200286,1555.4384177967,1551.1882341055257,0.4987245854659091,adam,smallcnn,0,0.001,0.9,0.999,joint,additive+log,inherited,480,20,1.0
8,4671.206926396257,1814.8985372326204,6.624506204607281,6.997622427215164,0.15095464765426736,0.2949129693129596,7,1814.8985372326204,1772.3418543895516,1769.0315047946872,1762.897155362353,1752.3224426551155,1745.9358982199592,1740.3781784864568,0.8041913117793352,adam,smallcnn,0,0.001,0.9,0.999,joint,additive+log,inherited,480,40,1.0
