optimizer,architecture,seed,memory_component,learning_rate,radius_scale,centered_error,centered_cosine,tangent_norm,centered_fd_norm
adam,smallcnn,0,m,0.0003,1e-06,0.003090436104685068,0.9999951720237732,69.08872985839844,69.08878326416016
adam,smallcnn,0,m,0.0003,3e-06,0.001150445663370192,0.9999994039535522,69.08872985839844,69.08846282958984
adam,smallcnn,0,m,0.0003,1e-05,0.0003631443250924349,1.0,69.08872985839844,69.08877563476562
adam,smallcnn,0,m,0.0003,3e-05,0.00012342022091615945,1.0000001192092896,69.08872985839844,69.0887222290039
adam,smallcnn,0,m,0.0003,0.0001,3.748201561393216e-05,1.000000238418579,69.08872985839844,69.08872985839844
adam,smallcnn,0,m,0.0003,0.0003,1.258023166883504e-05,1.0,69.08872985839844,69.08873748779297
adam,smallcnn,0,m,0.0003,0.001,3.8026098536647623e-06,1.0000001192092896,69.08872985839844,69.08873748779297
adam,smallcnn,0,m,0.0003,0.003,1.2591106042236788e-06,1.0000001192092896,69.08872985839844,69.08872985839844
adam,smallcnn,0,m,0.0003,0.01,3.849652614462684e-07,1.0,69.08872985839844,69.08872985839844
adam,smallcnn,0,log_v,0.0003,1e-06,,,5.3987863793736324e-05,0.0
adam,smallcnn,0,log_v,0.0003,3e-06,,,5.3987863793736324e-05,0.0
adam,smallcnn,0,log_v,0.0003,1e-05,2.4787299633026123,0.02712065540254116,5.3987863793736324e-05,2.3520595277659595e-05
adam,smallcnn,0,log_v,0.0003,3e-05,0.99823397397995,0.07117113471031189,5.3987863793736324e-05,0.0004891608259640634
adam,smallcnn,0,log_v,0.0003,0.0001,0.9913590550422668,0.1313067227602005,5.3987863793736324e-05,0.0003936469729524106
adam,smallcnn,0,log_v,0.0003,0.0003,0.9721425175666809,0.2344237118959427,5.3987863793736324e-05,0.00023425271501764655
adam,smallcnn,0,log_v,0.0003,0.001,0.9037948250770569,0.427970826625824,5.3987863793736324e-05,0.0001267679181182757
adam,smallcnn,0,log_v,0.0003,0.003,0.7157635688781738,0.6983431577682495,5.3987863793736324e-05,7.722467853454873e-05
adam,smallcnn,0,log_v,0.0003,0.01,0.3541735112667084,0.935185432434082,5.3987863793736324e-05,5.7528937759343535e-05
adam,smallcnn,0,joint,0.0003,1e-06,0.0038325185887515545,0.9999926686286926,54.356746673583984,54.35590744018555
adam,smallcnn,0,joint,0.0003,3e-06,0.0014315927401185036,0.999998927116394,54.356746673583984,54.35651779174805
adam,smallcnn,0,joint,0.0003,1e-05,0.0004596429644152522,0.9999999403953552,54.356746673583984,54.35680389404297
adam,smallcnn,0,joint,0.0003,3e-05,0.00015622854698449373,0.9999999403953552,54.356746673583984,54.356746673583984
adam,smallcnn,0,joint,0.0003,0.0001,4.79376976727508e-05,1.0,54.356746673583984,54.35673522949219
adam,smallcnn,0,joint,0.0003,0.0003,1.6003958080546e-05,0.9999999403953552,54.356746673583984,54.35675048828125
adam,smallcnn,0,joint,0.0003,0.001,4.732567958853906e-06,1.0,54.356746673583984,54.35675048828125
adam,smallcnn,0,joint,0.0003,0.003,1.5375293287434033e-06,1.0,54.356746673583984,54.35675048828125
adam,smallcnn,0,joint,0.0003,0.01,4.648615004043677e-07,0.9999999403953552,54.356746673583984,54.356746673583984
