learning_rate,memory_component,tangent_model,horizon,radius_scale,endpoint_error,endpoint_error_lo,endpoint_error_hi,centered_error,centered_error_lo,centered_error_hi,endpoint_cosine,endpoint_cosine_lo,endpoint_cosine_hi,centered_cosine,centered_cosine_lo,centered_cosine_hi,tangent_norm,tangent_norm_lo,tangent_norm_hi,true_endpoint_norm,true_endpoint_norm_lo,true_endpoint_norm_hi,centered_fd_norm,centered_fd_norm_lo,centered_fd_norm_hi,n,selection
0.0003,joint,full_coupled,1,0.01,9.437109383725328e-06,9.349117633431358e-06,9.525101134019299e-06,4.6568857214879245e-07,4.632427880800392e-07,4.681343562175457e-07,0.9999999850988388,0.9999997895723244,1.0000001806253531,1.0,0.9999998658699176,1.0000001341300824,54.34373664855957,54.23382088193126,54.45365241518788,0.5434373915195465,0.5423381901223552,0.5445365929167378,54.34373664855957,54.23382088193126,54.45365241518788,4,min_centered_error_scale
0.0003,joint,full_coupled,5,0.003,0.006864761118777096,0.000528255993274193,0.013201266244279999,0.005028230254538357,0.0021158142889858575,0.007940646220090858,0.9999704957008362,0.9999247038793151,1.0000162875223573,0.9999861419200897,0.9999704308457108,1.0000018529944685,222.99573516845703,222.5439613132149,223.44750902369915,0.6689893156290054,0.6675843097682772,0.6703943214897337,222.99745559692383,222.5323792100392,223.46253198380845,4,min_centered_error_scale
0.0003,joint,full_coupled,10,0.003,0.02412795787677169,0.011269887331050256,0.03698602842249312,0.016833648085594177,0.011074159696600586,0.022593136474587768,0.9996843934059143,0.9993683707204393,1.0000004160913893,0.9998534619808197,0.9997497852257683,0.9999571387358711,355.2742004394531,354.5456114871973,356.002789391709,1.0658996999263763,1.0636821829053047,1.068117216947448,355.2434387207031,354.4846289943271,356.0022484470791,4,min_centered_error_scale
0.0003,joint,full_coupled,20,0.003,0.10866235010325909,0.09584034001725719,0.12148436018926098,0.07459753938019276,0.06722569519456986,0.08196938356581565,0.9940549731254578,0.992662551967706,0.9954473942832095,0.9972075819969177,0.9966570158477089,0.9977581481461265,479.0763397216797,477.7243631037384,480.42831633962095,1.4438578486442566,1.43828583197952,1.4494298653089932,479.47286224365234,478.17263632650565,480.77308816079903,4,min_centered_error_scale
0.0003,joint,full_coupled,40,0.003,0.42396217584609985,0.32416033339460437,0.5237640182975953,0.3171099126338959,0.17864294538263795,0.45557687988515383,0.9064442813396454,0.8660722522522131,0.9468163104270777,0.9489157199859619,0.9070271609762665,0.9908042789956574,557.6355438232422,510.33097403445987,604.9401136120246,1.744785338640213,1.6579386768529236,1.8316320004275024,553.9503784179688,541.2109058347656,566.6898510011719,4,min_centered_error_scale
0.0003,log_v,full_coupled,1,0.01,0.5650295168161392,0.5592477260184493,0.5708113076138291,0.35480550676584244,0.35115482639629636,0.3584561871353885,0.825066015124321,0.8211116483139158,0.8290203819347262,0.934938833117485,0.9335519966261291,0.936325669608841,5.4044831813371275e-05,5.35178773230408e-05,5.457178630370175e-05,6.544391339957656e-07,6.509524537176855e-07,6.579258142738457e-07,5.779015373263974e-05,5.718396515461334e-05,5.8396342310666135e-05,4,min_centered_error_scale
0.0003,log_v,full_coupled,5,3e-05,0.9954629391431808,0.9885851081863687,1.002340770099993,0.989731103181839,0.9754533529473481,1.0040088534163298,0.08054493137751706,-0.021091837116943513,0.18218169987197763,0.12359669170109555,-0.023135189435033593,0.27032857283722467,0.0003986254378105514,0.00039620743886136786,0.0004010434367597349,3.0693581685170557e-06,-6.34819146504893e-06,1.2486907802083041e-05,0.051398717623669654,-0.10528657472014394,0.20808400996748325,4,min_centered_error_scale
0.0003,log_v,full_coupled,10,0.01,0.9991969615221024,0.9989086159788152,0.9994853070653895,0.9973606169223785,0.9949133809325404,0.9998078529122166,0.04014585819095373,0.03306722992906174,0.04722448645284572,0.07054546102881432,0.03864985586367242,0.10244106619395621,0.0008572794904466718,0.0008522933760031123,0.0008622656048902314,0.0002158687166229356,0.00018344481372389667,0.0002482926195219746,0.012688372749835253,0.008049583015710772,0.017327162483959734,4,min_centered_error_scale
0.0003,log_v,full_coupled,20,0.01,1.0000019073486328,0.9999938056992024,1.0000100089980632,0.9999499768018723,0.9998093446167308,1.0000906089870136,-6.601226050406694e-05,-0.005033267289147521,0.004901242768139387,0.007455840124748647,-0.005181715925034551,0.020093396174531847,0.0014027548604644835,0.001394790479844812,0.001410719241084155,0.010005701915360987,0.006528270752772389,0.013483133077949586,0.3792302627116442,0.057355962004885186,0.7011045634184032,4,min_centered_error_scale
0.0003,log_v,full_coupled,40,0.01,1.0000015646219254,0.9999870747700764,1.0000160544737742,0.9999762326478958,0.999901544575493,1.0000509207202988,-0.0016272332286462188,-0.033102016526487595,0.029847550069195157,0.016821867204271257,-0.032233403454147505,0.06587713786269002,0.0017936918593477458,0.0017824923149894238,0.0018048914037060678,0.046234567649662495,0.035343867112566665,0.057125268186758324,2.1422364115715027,0.9503770617293934,3.3340957614136117,4,min_centered_error_scale
0.0003,m,full_coupled,1,0.01,7.022994736871624e-07,6.949106485480514e-07,7.096882988262734e-07,3.8300012050740406e-07,3.805358249099648e-07,3.8546441610484335e-07,0.9999999403953552,0.9999998308786016,1.000000049912109,0.9999999701976776,0.9999998753533869,1.0000000650419685,69.22379875183105,68.97041031597784,69.47718718768427,0.6922379732131958,0.6897040684586786,0.694771877967713,69.22379875183105,68.97041031597784,69.47718718768427,4,min_centered_error_scale
0.0003,m,full_coupled,5,0.003,0.00808045663870871,0.002903998122371628,0.013256915155045793,0.006484620040282607,0.004502201922722238,0.008467038157842976,0.9999633729457855,0.9999181202242998,1.0000086256672713,0.9999784082174301,0.9999655188410931,0.9999912975937671,284.0539779663086,283.0134445188797,285.0945114137375,0.8521851599216461,0.8490874597199972,0.855282860123295,284.05418395996094,283.0285442366183,285.0798236833036,4,min_centered_error_scale
0.0003,m,full_coupled,10,0.003,0.024718320928514004,0.011923525614663,0.03751311624236501,0.017759343376383185,0.013618355705431927,0.021900331047334444,0.9996704608201981,0.9993449405091771,0.999995981131219,0.9998399317264557,0.9997687705453457,0.9999110929075656,452.58548736572266,450.92362664492754,454.2473480865178,1.3571664988994598,1.3520658146786533,1.3622671831202664,452.36822509765625,450.7065170784181,454.0299331168944,4,min_centered_error_scale
0.0003,m,full_coupled,20,0.003,0.09992482513189316,0.07004547280370757,0.12980417746007875,0.07526354119181633,0.060297164440753594,0.09022991794287907,0.9948699176311493,0.9917957245663354,0.9979441106959632,0.9971385449171066,0.9960142984774977,0.9982627913567156,610.4585266113281,607.8225574407018,613.0944957819545,1.8337991833686829,1.8276311830809864,1.8399671836563793,609.7990875244141,608.2115889361131,611.386586112715,4,min_centered_error_scale
0.0003,m,full_coupled,40,0.01,0.39630281925201416,0.14944271243677962,0.6431629260672487,0.3369656056165695,0.05391291948472082,0.6200182917484183,0.9263117164373398,0.8486766322389114,1.0039468006357681,0.947079136967659,0.868130427062543,1.026027846872775,714.875732421875,636.0122463693998,793.7392184743502,6.645480394363403,6.503368713601995,6.787592075124811,649.5624847412109,645.945269946507,653.1796995359149,4,min_centered_error_scale
0.0003,m,restricted_no_dv,1,0.01,7.022994736871624e-07,6.949106485480514e-07,7.096882988262734e-07,3.8300012050740406e-07,3.805358249099648e-07,3.8546441610484335e-07,0.9999999403953552,0.9999998308786016,1.000000049912109,0.9999999701976776,0.9999998753533869,1.0000000650419685,69.22379875183105,68.97041031597784,69.47718718768427,0.6922379732131958,0.6897040684586786,0.694771877967713,69.22379875183105,68.97041031597784,69.47718718768427,4,min_centered_error_scale
0.0003,m,restricted_no_dv,5,0.003,0.008083215565420687,0.00290487053781093,0.013261560593030445,0.006486733444035053,0.004500239303587738,0.008473227584482369,0.9999633729457855,0.999918093793974,1.000008652097597,0.9999783933162689,0.9999655232337391,0.9999912633987987,284.05394744873047,283.01345696711326,285.0944379303477,0.8521851599216461,0.8490874597199972,0.855282860123295,284.05418395996094,283.0285442366183,285.0798236833036,4,min_centered_error_scale
0.0003,m,restricted_no_dv,10,0.003,0.024749677628278732,0.011945771148006587,0.03755358410855088,0.01777824806049466,0.013616463480625977,0.021940032640363344,0.9996696710586548,0.9993432406253033,0.9999961014920062,0.9998395591974258,0.9997681145023857,0.999911003892466,452.58837890625,450.926645034844,454.250112777656,1.3571664988994598,1.3520658146786533,1.3622671831202664,452.36822509765625,450.7065170784181,454.0299331168944,4,min_centered_error_scale
0.0003,m,restricted_no_dv,20,0.003,0.1014961525797844,0.07427924487444917,0.1287130602851196,0.07693196274340153,0.06519721917342408,0.08866670631337897,0.9947397410869598,0.991915323124145,0.9975641590497747,0.9970304667949677,0.9961510627415019,0.9979098708484334,611.1768188476562,608.429964148826,613.9236735464865,1.8337991833686829,1.8276311830809864,1.8399671836563793,609.7990875244141,608.2115889361131,611.386586112715,4,min_centered_error_scale
0.0003,m,restricted_no_dv,40,0.003,0.612134538590908,0.22915894171403217,0.9951101354677839,0.5863199308514595,0.12836586467269995,1.044273997030219,0.841311976313591,0.701833918031656,0.980790034595526,0.862278014421463,0.7115697720339659,1.01298625680896,830.7405090332031,621.5243874882676,1039.9566305781386,2.201241672039032,2.1299655465407663,2.2725177975372977,706.4606018066406,703.2330907709573,709.6881128423239,4,min_centered_error_scale
0.001,joint,full_coupled,1,0.01,9.397774419994676e-06,9.309632632852737e-06,9.485916207136614e-06,1.5958032051344162e-07,1.5875759856107443e-07,1.604030424658088e-07,1.0000000149011612,0.9999998955580458,1.0000001342442766,1.0,0.9999998451199217,1.0000001548800783,181.1457862854004,180.77941127482774,181.51216129597304,1.8114579319953918,1.8077940623003637,1.81512180169042,181.1457862854004,180.77941127482774,181.51216129597304,4,min_centered_error_scale
0.001,joint,full_coupled,5,0.003,0.025542727671563625,0.019848342605264222,0.03123711273786303,0.0186938657425344,0.016677988187090168,0.02070974329797863,0.9996697902679443,0.9995277289487042,0.9998118515871844,0.9998255372047424,0.9997875441239588,0.9998635302855261,742.8453826904297,741.3253836793465,744.3653817015129,2.2263662815093994,2.221191668929582,2.2315408940892167,742.0026702880859,740.3237229118762,743.6816176642957,4,min_centered_error_scale
0.001,joint,full_coupled,10,0.003,0.13440940156579018,0.10496395974859866,0.1638548433829817,0.08696449548006058,0.0654516839145059,0.10847730704561526,0.9908965229988098,0.9869531808405033,0.9948398651571163,0.9962378293275833,0.9944446032790681,0.9980310553760985,1171.3197326660156,1168.3068143090147,1174.3326510230165,3.496341824531555,3.4795675281582534,3.513116120904857,1160.0032653808594,1155.8652627304066,1164.1412680313122,4,min_centered_error_scale
0.001,joint,full_coupled,20,0.003,0.3808860778808594,0.30276679366924386,0.4590053620924749,0.25433896481990814,0.21134555219033163,0.29733237744948465,0.9253549724817276,0.8952327460046258,0.9554771989588294,0.9682874381542206,0.9575292067399077,0.9790456695685334,1565.4970703125,1559.9223936236679,1571.0717470013321,4.780492305755615,4.693609992378763,4.867374619132468,1533.2091674804688,1523.4091779811263,1543.0091569798112,4,min_centered_error_scale
0.001,joint,full_coupled,40,0.003,0.5497598871588707,0.477147413889857,0.6223723604278844,0.38518238067626953,0.3540199019071658,0.41634485944537325,0.8389569371938705,0.7968435691341562,0.8810703052535849,0.9267977476119995,0.9148115175492151,0.9387839776747839,1768.810302734375,1751.3344759869015,1786.2861294818485,5.727387189865112,5.587214278756156,5.867560100974068,1745.7841491699219,1724.4362053279983,1767.1320930118454,4,min_centered_error_scale
0.001,log_v,full_coupled,1,0.01,0.23072358965873718,0.22753534736546516,0.2339118319520092,0.12100930139422417,0.12003387605397675,0.12198472673447158,0.9730179756879807,0.9722622207086967,0.9737737306672646,0.9926513433456421,0.9925321390253289,0.9927705476659553,0.00018014943270827644,0.00017839291739277845,0.00018190594802377442,1.8511698840484314e-06,1.8337062628225505e-06,1.8686335052743123e-06,0.00018142524641007185,0.00017966447348985418,0.00018318601933028952,4,min_centered_error_scale
0.001,log_v,full_coupled,5,3e-05,0.9925349801778793,0.9821566175490847,1.0029133428066739,0.9980705082416534,0.9942771920484007,1.0018638244349063,0.11407664138823748,0.016691479313074617,0.21146180346340032,0.044579713827261,-0.03880981405077688,0.1279692417052989,0.0011269770620856434,0.0011190833716744567,0.00113487075249683,3.0668567418956627e-07,1.9406194970176024e-08,5.939651534089565e-07,8.661803951486945,-7.241050609218481,24.564658512192374,4,min_centered_error_scale
0.001,log_v,full_coupled,10,0.01,0.9999894350767136,0.9999779120158042,1.000000958137623,0.9999576508998871,0.9999242902828912,0.999991011516883,0.0045536289107985795,0.0018536502213505365,0.007253607600246622,0.009160782909020782,0.005171401285589284,0.013150164532452279,0.00205839000409469,0.0020443142996558216,0.0020724657085335585,0.0050490316352806985,0.002795785990065056,0.007302277280496341,0.273688368499279,0.19634661096775935,0.3510301260307987,4,min_centered_error_scale
0.001,log_v,full_coupled,20,0.003,0.9999995976686478,0.9999977677636364,1.0000014275736593,0.9999993294477463,0.9999973651937092,1.0000012937017833,0.0011502390552777797,-0.004890073879224961,0.0071905519897805205,0.000969580578384921,-0.003746059801242774,0.005685220958012616,0.0030218817992135882,0.0030044165539059157,0.0030393470445212608,0.03227536100894213,0.019068952674895036,0.04548176934298922,6.347633183002472,1.8193401270706717,10.875926238934273,4,min_centered_error_scale
0.001,log_v,full_coupled,40,0.003,0.9999999701976776,0.9999996856648053,1.00000025473055,0.9999999403953552,0.9999977364132033,1.0000021443775071,0.0007882150239311159,-0.007522016772775773,0.009098446820638005,0.0008154672977980226,-0.019648844720726893,0.02127977931632294,0.003560525830835104,0.0035361725764739287,0.0035848790851962793,0.3615206927061081,0.28782350092141396,0.43521788449080223,36.593464374542236,13.902540693952922,59.28438805513155,4,min_centered_error_scale
0.001,m,full_coupled,1,0.01,2.245795620581248e-07,2.2351681998419986e-07,2.2564230413204973e-07,1.3757545502812718e-07,1.3684574238544464e-07,1.3830516767080972e-07,1.0000000894069672,0.9999999945626764,1.000000184251258,0.9999999403953552,0.9999998629553161,1.0000000178353943,230.74600219726562,229.9013727521913,231.59063164233996,2.3074598908424377,2.299013476958498,2.3159063047263775,230.74600219726562,229.9013727521913,231.59063164233996,4,min_centered_error_scale
0.001,m,full_coupled,5,0.001,0.023559069726616144,0.018604202266446466,0.028513937186785823,0.018250178080052137,0.01610517943505583,0.020395176725048446,0.9997188895940781,0.9995975949719191,0.999840184216237,0.999832883477211,0.999793794404479,0.999871972549943,946.2375793457031,942.8465249739128,949.6286337174935,0.946181058883667,0.942576076934051,0.949786040833283,946.0611877441406,942.604010928817,949.5183645594642,4,min_centered_error_scale
0.001,m,full_coupled,10,0.001,0.12563391588628292,0.08808520250995736,0.1631826292626085,0.0936249140650034,0.07872058548137824,0.10852924264862855,0.9918663501739502,0.9866952617740338,0.9970374385738666,0.9955755323171616,0.9941922464926477,0.9969588181416754,1492.1021728515625,1485.8895136342135,1498.3148320689115,1.5045391619205475,1.4845849829564968,1.5244933408845982,1497.3123779296875,1489.902907639978,1504.721848219397,4,min_centered_error_scale
0.001,m,full_coupled,20,0.003,0.35109376907348633,0.30852216665770416,0.3936653714892685,0.2523917593061924,0.22672674684433902,0.2780567717680458,0.9390553086996078,0.9244458383131989,0.9536647790860168,0.9704490900039673,0.9646355429497561,0.9762626370581785,1989.3898010253906,1980.5907261905918,1998.1888758601895,5.890582323074341,5.770742241892748,6.010422404255934,1902.9425354003906,1883.0208039819433,1922.864266818838,4,min_centered_error_scale
0.001,m,full_coupled,40,0.003,0.5027626752853394,0.4616988377252173,0.5438265128454614,0.3742665871977806,0.3422805993836493,0.4062525750119119,0.8704700320959091,0.8469011569435859,0.8940389072482323,0.9339222460985184,0.9231942107308496,0.9446502814661871,2240.8621215820312,2229.727282894521,2251.9969602695414,6.892318248748779,6.683394904336865,7.101241593160694,2143.0237426757812,2115.267229696562,2170.7802556550005,4,min_centered_error_scale
0.001,m,restricted_no_dv,1,0.01,2.245795620581248e-07,2.2351681998419986e-07,2.2564230413204973e-07,1.3757545502812718e-07,1.3684574238544464e-07,1.3830516767080972e-07,1.0000000894069672,0.9999999945626764,1.000000184251258,0.9999999403953552,0.9999998629553161,1.0000000178353943,230.74600219726562,229.9013727521913,231.59063164233996,2.3074598908424377,2.299013476958498,2.3159063047263775,230.74600219726562,229.9013727521913,231.59063164233996,4,min_centered_error_scale
0.001,m,restricted_no_dv,5,0.001,0.02358558215200901,0.01873277883942925,0.02843838546458877,0.018255331553518772,0.016071614658285986,0.020439048448751558,0.9997183978557587,0.9995994306854269,0.9998373650260904,0.9998327642679214,0.9997929957069515,0.9998725328288914,946.2403564453125,942.8471029401226,949.6336099505024,0.946181058883667,0.942576076934051,0.949786040833283,946.0611877441406,942.604010928817,949.5183645594642,4,min_centered_error_scale
0.001,m,restricted_no_dv,10,0.001,0.13021234050393105,0.10117582943993132,0.15924885156793078,0.09892370365560055,0.08895180217108727,0.10889560514011383,0.9913706928491592,0.9875560249386298,0.9951853607596887,0.9950913190841675,0.9941288593874114,0.9960537787809236,1496.87939453125,1489.9277970125595,1503.8309920499405,1.5045391619205475,1.4845849829564968,1.5244933408845982,1497.3123779296875,1489.902907639978,1504.721848219397,4,min_centered_error_scale
0.001,m,restricted_no_dv,20,0.003,0.3965548574924469,0.327707876846143,0.4654018381387508,0.3168534189462662,0.26392491354913195,0.3697819243434004,0.9242482632398605,0.8992178253309088,0.9492787011488123,0.9549987018108368,0.9406076340634073,0.9693897695582663,2034.6535339355469,2007.6863629445725,2061.6207049265213,5.890582323074341,5.770742241892748,6.010422404255934,1902.9425354003906,1883.0208039819433,1922.864266818838,4,min_centered_error_scale
0.001,m,restricted_no_dv,40,0.003,0.6321067214012146,0.5167516371945728,0.7474618056078564,0.5497997924685478,0.45057190907324823,0.6490276758638474,0.8107907176017761,0.7478017816606211,0.8737796535429312,0.8729798793792725,0.8323879454598664,0.9135718132986785,2421.490966796875,2327.5166160087115,2515.4653175850385,6.892318248748779,6.683394904336865,7.101241593160694,2143.0237426757812,2115.267229696562,2170.7802556550005,4,min_centered_error_scale
