optimizer,architecture,seed,direction,learning_rate,memory_component,tangent_model,step,dv_norm
adam,smallcnn,0,0,0.0003,m,full_coupled,0,0.0
adam,smallcnn,0,0,0.0003,m,full_coupled,1,0.0
adam,smallcnn,0,0,0.0003,m,full_coupled,2,8.376016921829432e-06
adam,smallcnn,0,0,0.0003,m,full_coupled,3,2.3018146748654544e-05
adam,smallcnn,0,0,0.0003,m,full_coupled,4,3.716460196301341e-05
adam,smallcnn,0,0,0.0003,m,full_coupled,5,4.130403613089584e-05
adam,smallcnn,0,0,0.0003,m,full_coupled,6,4.461074058781378e-05
adam,smallcnn,0,0,0.0003,m,full_coupled,7,4.5719869376625866e-05
adam,smallcnn,0,0,0.0003,m,full_coupled,8,4.673777584685013e-05
adam,smallcnn,0,0,0.0003,m,full_coupled,9,4.747110870084725e-05
adam,smallcnn,0,0,0.0003,m,full_coupled,10,4.8079782573040575e-05
adam,smallcnn,0,0,0.0003,m,full_coupled,11,4.866077870246954e-05
adam,smallcnn,0,0,0.0003,m,full_coupled,12,4.9538059101905674e-05
adam,smallcnn,0,0,0.0003,m,full_coupled,13,5.048567254561931e-05
adam,smallcnn,0,0,0.0003,m,full_coupled,14,5.243537816568278e-05
adam,smallcnn,0,0,0.0003,m,full_coupled,15,5.424371556728147e-05
adam,smallcnn,0,0,0.0003,m,full_coupled,16,5.735663580708206e-05
adam,smallcnn,0,0,0.0003,m,full_coupled,17,6.515636050608009e-05
adam,smallcnn,0,0,0.0003,m,full_coupled,18,9.18725854717195e-05
adam,smallcnn,0,0,0.0003,m,full_coupled,19,0.00010717807163018733
adam,smallcnn,0,0,0.0003,m,full_coupled,20,0.00014721510524395853
adam,smallcnn,0,0,0.0003,m,full_coupled,21,0.00020727625815197825
adam,smallcnn,0,0,0.0003,m,full_coupled,22,0.00023592024808749557
adam,smallcnn,0,0,0.0003,m,full_coupled,23,0.00032112948247231543
adam,smallcnn,0,0,0.0003,m,full_coupled,24,0.0004168524465057999
adam,smallcnn,0,0,0.0003,m,full_coupled,25,0.0004890228738076985
adam,smallcnn,0,0,0.0003,m,full_coupled,26,0.000546529539860785
adam,smallcnn,0,0,0.0003,m,full_coupled,27,0.0006712805479764938
adam,smallcnn,0,0,0.0003,m,full_coupled,28,0.0008142289007082582
adam,smallcnn,0,0,0.0003,m,full_coupled,29,0.0009191470453515649
adam,smallcnn,0,0,0.0003,m,full_coupled,30,0.001012493739835918
adam,smallcnn,0,0,0.0003,m,full_coupled,31,0.0012096889549866319
adam,smallcnn,0,0,0.0003,m,full_coupled,32,0.0012882266892120242
adam,smallcnn,0,0,0.0003,m,full_coupled,33,0.0013762717135250568
adam,smallcnn,0,0,0.0003,m,full_coupled,34,0.001448737340979278
adam,smallcnn,0,0,0.0003,m,full_coupled,35,0.0015851882053539157
adam,smallcnn,0,0,0.0003,m,full_coupled,36,0.001938422443345189
adam,smallcnn,0,0,0.0003,m,full_coupled,37,0.002199082402512431
adam,smallcnn,0,0,0.0003,m,full_coupled,38,0.002268486423417926
adam,smallcnn,0,0,0.0003,m,full_coupled,39,0.0023596440441906452
adam,smallcnn,0,0,0.0003,m,full_coupled,40,0.0112132104113698
adam,smallcnn,0,0,0.0003,m,restricted_no_dv,0,0.0
adam,smallcnn,0,0,0.0003,m,restricted_no_dv,1,0.0
adam,smallcnn,0,0,0.0003,m,restricted_no_dv,2,0.0
adam,smallcnn,0,0,0.0003,m,restricted_no_dv,3,0.0
adam,smallcnn,0,0,0.0003,m,restricted_no_dv,4,0.0
adam,smallcnn,0,0,0.0003,m,restricted_no_dv,5,0.0
adam,smallcnn,0,0,0.0003,m,restricted_no_dv,6,0.0
adam,smallcnn,0,0,0.0003,m,restricted_no_dv,7,0.0
adam,smallcnn,0,0,0.0003,m,restricted_no_dv,8,0.0
adam,smallcnn,0,0,0.0003,m,restricted_no_dv,9,0.0
adam,smallcnn,0,0,0.0003,m,restricted_no_dv,10,0.0
adam,smallcnn,0,0,0.0003,m,restricted_no_dv,11,0.0
adam,smallcnn,0,0,0.0003,m,restricted_no_dv,12,0.0
adam,smallcnn,0,0,0.0003,m,restricted_no_dv,13,0.0
adam,smallcnn,0,0,0.0003,m,restricted_no_dv,14,0.0
adam,smallcnn,0,0,0.0003,m,restricted_no_dv,15,0.0
adam,smallcnn,0,0,0.0003,m,restricted_no_dv,16,0.0
adam,smallcnn,0,0,0.0003,m,restricted_no_dv,17,0.0
adam,smallcnn,0,0,0.0003,m,restricted_no_dv,18,0.0
adam,smallcnn,0,0,0.0003,m,restricted_no_dv,19,0.0
adam,smallcnn,0,0,0.0003,m,restricted_no_dv,20,0.0
adam,smallcnn,0,0,0.0003,m,restricted_no_dv,21,0.0
adam,smallcnn,0,0,0.0003,m,restricted_no_dv,22,0.0
adam,smallcnn,0,0,0.0003,m,restricted_no_dv,23,0.0
adam,smallcnn,0,0,0.0003,m,restricted_no_dv,24,0.0
adam,smallcnn,0,0,0.0003,m,restricted_no_dv,25,0.0
adam,smallcnn,0,0,0.0003,m,restricted_no_dv,26,0.0
adam,smallcnn,0,0,0.0003,m,restricted_no_dv,27,0.0
adam,smallcnn,0,0,0.0003,m,restricted_no_dv,28,0.0
adam,smallcnn,0,0,0.0003,m,restricted_no_dv,29,0.0
adam,smallcnn,0,0,0.0003,m,restricted_no_dv,30,0.0
adam,smallcnn,0,0,0.0003,m,restricted_no_dv,31,0.0
adam,smallcnn,0,0,0.0003,m,restricted_no_dv,32,0.0
adam,smallcnn,0,0,0.0003,m,restricted_no_dv,33,0.0
adam,smallcnn,0,0,0.0003,m,restricted_no_dv,34,0.0
adam,smallcnn,0,0,0.0003,m,restricted_no_dv,35,0.0
adam,smallcnn,0,0,0.0003,m,restricted_no_dv,36,0.0
adam,smallcnn,0,0,0.0003,m,restricted_no_dv,37,0.0
adam,smallcnn,0,0,0.0003,m,restricted_no_dv,38,0.0
adam,smallcnn,0,0,0.0003,m,restricted_no_dv,39,0.0
adam,smallcnn,0,0,0.0003,m,restricted_no_dv,40,0.0
adam,smallcnn,0,1,0.0003,m,full_coupled,0,0.0
adam,smallcnn,0,1,0.0003,m,full_coupled,1,0.0
adam,smallcnn,0,1,0.0003,m,full_coupled,2,6.629576091654599e-06
adam,smallcnn,0,1,0.0003,m,full_coupled,3,1.6439807950519025e-05
adam,smallcnn,0,1,0.0003,m,full_coupled,4,2.4081622541416436e-05
adam,smallcnn,0,1,0.0003,m,full_coupled,5,3.503606785670854e-05
adam,smallcnn,0,1,0.0003,m,full_coupled,6,4.3809217459056526e-05
adam,smallcnn,0,1,0.0003,m,full_coupled,7,4.814211933990009e-05
adam,smallcnn,0,1,0.0003,m,full_coupled,8,5.022976256441325e-05
adam,smallcnn,0,1,0.0003,m,full_coupled,9,5.1978226110804826e-05
adam,smallcnn,0,1,0.0003,m,full_coupled,10,5.345660974853672e-05
adam,smallcnn,0,1,0.0003,m,full_coupled,11,5.5355958465952426e-05
adam,smallcnn,0,1,0.0003,m,full_coupled,12,5.6948883866425604e-05
adam,smallcnn,0,1,0.0003,m,full_coupled,13,5.817787678097375e-05
adam,smallcnn,0,1,0.0003,m,full_coupled,14,5.927208621869795e-05
adam,smallcnn,0,1,0.0003,m,full_coupled,15,6.082018808228895e-05
adam,smallcnn,0,1,0.0003,m,full_coupled,16,6.300079985521734e-05
adam,smallcnn,0,1,0.0003,m,full_coupled,17,6.814656080678105e-05
adam,smallcnn,0,1,0.0003,m,full_coupled,18,8.782342774793506e-05
adam,smallcnn,0,1,0.0003,m,full_coupled,19,0.00010015701991505921
adam,smallcnn,0,1,0.0003,m,full_coupled,20,0.0001287950435653329
adam,smallcnn,0,1,0.0003,m,full_coupled,21,0.00018089691002387553
adam,smallcnn,0,1,0.0003,m,full_coupled,22,0.0002067003515549004
adam,smallcnn,0,1,0.0003,m,full_coupled,23,0.00028108656988479197
adam,smallcnn,0,1,0.0003,m,full_coupled,24,0.0003611108986660838
adam,smallcnn,0,1,0.0003,m,full_coupled,25,0.00043203297536820173
adam,smallcnn,0,1,0.0003,m,full_coupled,26,0.0005180701264180243
adam,smallcnn,0,1,0.0003,m,full_coupled,27,0.0007655207300558686
adam,smallcnn,0,1,0.0003,m,full_coupled,28,0.0009594109724275768
adam,smallcnn,0,1,0.0003,m,full_coupled,29,0.0011287389788776636
adam,smallcnn,0,1,0.0003,m,full_coupled,30,0.0013002572814002633
adam,smallcnn,0,1,0.0003,m,full_coupled,31,0.0014970205957069993
adam,smallcnn,0,1,0.0003,m,full_coupled,32,0.0017734714783728123
adam,smallcnn,0,1,0.0003,m,full_coupled,33,0.0019640959799289703
adam,smallcnn,0,1,0.0003,m,full_coupled,34,0.002106904750689864
adam,smallcnn,0,1,0.0003,m,full_coupled,35,0.002410066779702902
adam,smallcnn,0,1,0.0003,m,full_coupled,36,0.0026945574209094048
adam,smallcnn,0,1,0.0003,m,full_coupled,37,0.0028776531107723713
adam,smallcnn,0,1,0.0003,m,full_coupled,38,0.0029883382376283407
adam,smallcnn,0,1,0.0003,m,full_coupled,39,0.003144728485494852
adam,smallcnn,0,1,0.0003,m,full_coupled,40,0.01033609639853239
adam,smallcnn,0,1,0.0003,m,restricted_no_dv,0,0.0
adam,smallcnn,0,1,0.0003,m,restricted_no_dv,1,0.0
adam,smallcnn,0,1,0.0003,m,restricted_no_dv,2,0.0
adam,smallcnn,0,1,0.0003,m,restricted_no_dv,3,0.0
adam,smallcnn,0,1,0.0003,m,restricted_no_dv,4,0.0
adam,smallcnn,0,1,0.0003,m,restricted_no_dv,5,0.0
adam,smallcnn,0,1,0.0003,m,restricted_no_dv,6,0.0
adam,smallcnn,0,1,0.0003,m,restricted_no_dv,7,0.0
adam,smallcnn,0,1,0.0003,m,restricted_no_dv,8,0.0
adam,smallcnn,0,1,0.0003,m,restricted_no_dv,9,0.0
adam,smallcnn,0,1,0.0003,m,restricted_no_dv,10,0.0
adam,smallcnn,0,1,0.0003,m,restricted_no_dv,11,0.0
adam,smallcnn,0,1,0.0003,m,restricted_no_dv,12,0.0
adam,smallcnn,0,1,0.0003,m,restricted_no_dv,13,0.0
adam,smallcnn,0,1,0.0003,m,restricted_no_dv,14,0.0
adam,smallcnn,0,1,0.0003,m,restricted_no_dv,15,0.0
adam,smallcnn,0,1,0.0003,m,restricted_no_dv,16,0.0
adam,smallcnn,0,1,0.0003,m,restricted_no_dv,17,0.0
adam,smallcnn,0,1,0.0003,m,restricted_no_dv,18,0.0
adam,smallcnn,0,1,0.0003,m,restricted_no_dv,19,0.0
adam,smallcnn,0,1,0.0003,m,restricted_no_dv,20,0.0
adam,smallcnn,0,1,0.0003,m,restricted_no_dv,21,0.0
adam,smallcnn,0,1,0.0003,m,restricted_no_dv,22,0.0
adam,smallcnn,0,1,0.0003,m,restricted_no_dv,23,0.0
adam,smallcnn,0,1,0.0003,m,restricted_no_dv,24,0.0
adam,smallcnn,0,1,0.0003,m,restricted_no_dv,25,0.0
adam,smallcnn,0,1,0.0003,m,restricted_no_dv,26,0.0
adam,smallcnn,0,1,0.0003,m,restricted_no_dv,27,0.0
adam,smallcnn,0,1,0.0003,m,restricted_no_dv,28,0.0
adam,smallcnn,0,1,0.0003,m,restricted_no_dv,29,0.0
adam,smallcnn,0,1,0.0003,m,restricted_no_dv,30,0.0
adam,smallcnn,0,1,0.0003,m,restricted_no_dv,31,0.0
adam,smallcnn,0,1,0.0003,m,restricted_no_dv,32,0.0
adam,smallcnn,0,1,0.0003,m,restricted_no_dv,33,0.0
adam,smallcnn,0,1,0.0003,m,restricted_no_dv,34,0.0
adam,smallcnn,0,1,0.0003,m,restricted_no_dv,35,0.0
adam,smallcnn,0,1,0.0003,m,restricted_no_dv,36,0.0
adam,smallcnn,0,1,0.0003,m,restricted_no_dv,37,0.0
adam,smallcnn,0,1,0.0003,m,restricted_no_dv,38,0.0
adam,smallcnn,0,1,0.0003,m,restricted_no_dv,39,0.0
adam,smallcnn,0,1,0.0003,m,restricted_no_dv,40,0.0
adam,smallcnn,0,2,0.0003,m,full_coupled,0,0.0
adam,smallcnn,0,2,0.0003,m,full_coupled,1,0.0
adam,smallcnn,0,2,0.0003,m,full_coupled,2,4.576449555315776e-06
adam,smallcnn,0,2,0.0003,m,full_coupled,3,1.5041077858768404e-05
adam,smallcnn,0,2,0.0003,m,full_coupled,4,2.551683246565517e-05
adam,smallcnn,0,2,0.0003,m,full_coupled,5,3.365398879395798e-05
adam,smallcnn,0,2,0.0003,m,full_coupled,6,4.075081233168021e-05
adam,smallcnn,0,2,0.0003,m,full_coupled,7,4.3954711145488545e-05
adam,smallcnn,0,2,0.0003,m,full_coupled,8,4.464492667466402e-05
adam,smallcnn,0,2,0.0003,m,full_coupled,9,4.612963311956264e-05
adam,smallcnn,0,2,0.0003,m,full_coupled,10,4.6633867896161973e-05
adam,smallcnn,0,2,0.0003,m,full_coupled,11,4.7583336709067225e-05
adam,smallcnn,0,2,0.0003,m,full_coupled,12,4.864980292040855e-05
adam,smallcnn,0,2,0.0003,m,full_coupled,13,5.0629292672965676e-05
adam,smallcnn,0,2,0.0003,m,full_coupled,14,5.431131285149604e-05
adam,smallcnn,0,2,0.0003,m,full_coupled,15,5.884276470169425e-05
adam,smallcnn,0,2,0.0003,m,full_coupled,16,6.732926703989506e-05
adam,smallcnn,0,2,0.0003,m,full_coupled,17,8.334404992638156e-05
adam,smallcnn,0,2,0.0003,m,full_coupled,18,0.0001247879845323041
adam,smallcnn,0,2,0.0003,m,full_coupled,19,0.00014534105139318854
adam,smallcnn,0,2,0.0003,m,full_coupled,20,0.00018433666264172643
adam,smallcnn,0,2,0.0003,m,full_coupled,21,0.00022523780353367329
adam,smallcnn,0,2,0.0003,m,full_coupled,22,0.00023698607401456684
adam,smallcnn,0,2,0.0003,m,full_coupled,23,0.00026809447444975376
adam,smallcnn,0,2,0.0003,m,full_coupled,24,0.00030124897602945566
adam,smallcnn,0,2,0.0003,m,full_coupled,25,0.0003258149663452059
adam,smallcnn,0,2,0.0003,m,full_coupled,26,0.0003337504167575389
adam,smallcnn,0,2,0.0003,m,full_coupled,27,0.00036774223553948104
adam,smallcnn,0,2,0.0003,m,full_coupled,28,0.00040586586692370474
adam,smallcnn,0,2,0.0003,m,full_coupled,29,0.0004337330174166709
adam,smallcnn,0,2,0.0003,m,full_coupled,30,0.0004532045859377831
adam,smallcnn,0,2,0.0003,m,full_coupled,31,0.000523340015206486
adam,smallcnn,0,2,0.0003,m,full_coupled,32,0.0005941601702943444
adam,smallcnn,0,2,0.0003,m,full_coupled,33,0.0006625581299886107
adam,smallcnn,0,2,0.0003,m,full_coupled,34,0.0007243740255944431
adam,smallcnn,0,2,0.0003,m,full_coupled,35,0.0008963353466242552
adam,smallcnn,0,2,0.0003,m,full_coupled,36,0.0011598804267123342
adam,smallcnn,0,2,0.0003,m,full_coupled,37,0.0012497436255216599
adam,smallcnn,0,2,0.0003,m,full_coupled,38,0.0013547256821766496
adam,smallcnn,0,2,0.0003,m,full_coupled,39,0.0015304957050830126
adam,smallcnn,0,2,0.0003,m,full_coupled,40,0.007228447124361992
adam,smallcnn,0,2,0.0003,m,restricted_no_dv,0,0.0
adam,smallcnn,0,2,0.0003,m,restricted_no_dv,1,0.0
adam,smallcnn,0,2,0.0003,m,restricted_no_dv,2,0.0
adam,smallcnn,0,2,0.0003,m,restricted_no_dv,3,0.0
adam,smallcnn,0,2,0.0003,m,restricted_no_dv,4,0.0
adam,smallcnn,0,2,0.0003,m,restricted_no_dv,5,0.0
adam,smallcnn,0,2,0.0003,m,restricted_no_dv,6,0.0
adam,smallcnn,0,2,0.0003,m,restricted_no_dv,7,0.0
adam,smallcnn,0,2,0.0003,m,restricted_no_dv,8,0.0
adam,smallcnn,0,2,0.0003,m,restricted_no_dv,9,0.0
adam,smallcnn,0,2,0.0003,m,restricted_no_dv,10,0.0
adam,smallcnn,0,2,0.0003,m,restricted_no_dv,11,0.0
adam,smallcnn,0,2,0.0003,m,restricted_no_dv,12,0.0
adam,smallcnn,0,2,0.0003,m,restricted_no_dv,13,0.0
adam,smallcnn,0,2,0.0003,m,restricted_no_dv,14,0.0
adam,smallcnn,0,2,0.0003,m,restricted_no_dv,15,0.0
adam,smallcnn,0,2,0.0003,m,restricted_no_dv,16,0.0
adam,smallcnn,0,2,0.0003,m,restricted_no_dv,17,0.0
adam,smallcnn,0,2,0.0003,m,restricted_no_dv,18,0.0
adam,smallcnn,0,2,0.0003,m,restricted_no_dv,19,0.0
adam,smallcnn,0,2,0.0003,m,restricted_no_dv,20,0.0
adam,smallcnn,0,2,0.0003,m,restricted_no_dv,21,0.0
adam,smallcnn,0,2,0.0003,m,restricted_no_dv,22,0.0
adam,smallcnn,0,2,0.0003,m,restricted_no_dv,23,0.0
adam,smallcnn,0,2,0.0003,m,restricted_no_dv,24,0.0
adam,smallcnn,0,2,0.0003,m,restricted_no_dv,25,0.0
adam,smallcnn,0,2,0.0003,m,restricted_no_dv,26,0.0
adam,smallcnn,0,2,0.0003,m,restricted_no_dv,27,0.0
adam,smallcnn,0,2,0.0003,m,restricted_no_dv,28,0.0
adam,smallcnn,0,2,0.0003,m,restricted_no_dv,29,0.0
adam,smallcnn,0,2,0.0003,m,restricted_no_dv,30,0.0
adam,smallcnn,0,2,0.0003,m,restricted_no_dv,31,0.0
adam,smallcnn,0,2,0.0003,m,restricted_no_dv,32,0.0
adam,smallcnn,0,2,0.0003,m,restricted_no_dv,33,0.0
adam,smallcnn,0,2,0.0003,m,restricted_no_dv,34,0.0
adam,smallcnn,0,2,0.0003,m,restricted_no_dv,35,0.0
adam,smallcnn,0,2,0.0003,m,restricted_no_dv,36,0.0
adam,smallcnn,0,2,0.0003,m,restricted_no_dv,37,0.0
adam,smallcnn,0,2,0.0003,m,restricted_no_dv,38,0.0
adam,smallcnn,0,2,0.0003,m,restricted_no_dv,39,0.0
adam,smallcnn,0,2,0.0003,m,restricted_no_dv,40,0.0
adam,smallcnn,0,3,0.0003,m,full_coupled,0,0.0
adam,smallcnn,0,3,0.0003,m,full_coupled,1,0.0
adam,smallcnn,0,3,0.0003,m,full_coupled,2,3.52629172084562e-06
adam,smallcnn,0,3,0.0003,m,full_coupled,3,1.0484629456186667e-05
adam,smallcnn,0,3,0.0003,m,full_coupled,4,1.735164005367551e-05
adam,smallcnn,0,3,0.0003,m,full_coupled,5,2.1653208023053594e-05
adam,smallcnn,0,3,0.0003,m,full_coupled,6,2.5184821424772963e-05
adam,smallcnn,0,3,0.0003,m,full_coupled,7,2.7073181627201848e-05
adam,smallcnn,0,3,0.0003,m,full_coupled,8,2.8001339160255156e-05
adam,smallcnn,0,3,0.0003,m,full_coupled,9,2.9308459488674998e-05
adam,smallcnn,0,3,0.0003,m,full_coupled,10,3.0064045859035105e-05
adam,smallcnn,0,3,0.0003,m,full_coupled,11,3.067580109927803e-05
adam,smallcnn,0,3,0.0003,m,full_coupled,12,3.1430441595148295e-05
adam,smallcnn,0,3,0.0003,m,full_coupled,13,3.1996733014239e-05
adam,smallcnn,0,3,0.0003,m,full_coupled,14,3.339425165904686e-05
adam,smallcnn,0,3,0.0003,m,full_coupled,15,3.4760865673888475e-05
adam,smallcnn,0,3,0.0003,m,full_coupled,16,3.814235969912261e-05
adam,smallcnn,0,3,0.0003,m,full_coupled,17,4.484054079512134e-05
adam,smallcnn,0,3,0.0003,m,full_coupled,18,6.463124736910686e-05
adam,smallcnn,0,3,0.0003,m,full_coupled,19,7.854968134779483e-05
adam,smallcnn,0,3,0.0003,m,full_coupled,20,0.00010577141802059487
adam,smallcnn,0,3,0.0003,m,full_coupled,21,0.00016834955022204667
adam,smallcnn,0,3,0.0003,m,full_coupled,22,0.00021053732780274004
adam,smallcnn,0,3,0.0003,m,full_coupled,23,0.00031534131267108023
adam,smallcnn,0,3,0.0003,m,full_coupled,24,0.000433916604379192
adam,smallcnn,0,3,0.0003,m,full_coupled,25,0.000538618303835392
adam,smallcnn,0,3,0.0003,m,full_coupled,26,0.0006717101205140352
adam,smallcnn,0,3,0.0003,m,full_coupled,27,0.001068198005668819
adam,smallcnn,0,3,0.0003,m,full_coupled,28,0.0014181241858750582
adam,smallcnn,0,3,0.0003,m,full_coupled,29,0.0017237792490050197
adam,smallcnn,0,3,0.0003,m,full_coupled,30,0.0020415422040969133
adam,smallcnn,0,3,0.0003,m,full_coupled,31,0.002548952354118228
adam,smallcnn,0,3,0.0003,m,full_coupled,32,0.003010448766872287
adam,smallcnn,0,3,0.0003,m,full_coupled,33,0.0034996378235518932
adam,smallcnn,0,3,0.0003,m,full_coupled,34,0.003769798669964075
adam,smallcnn,0,3,0.0003,m,full_coupled,35,0.004246421158313751
adam,smallcnn,0,3,0.0003,m,full_coupled,36,0.005006889812648296
adam,smallcnn,0,3,0.0003,m,full_coupled,37,0.005367504898458719
adam,smallcnn,0,3,0.0003,m,full_coupled,38,0.00564365042373538
adam,smallcnn,0,3,0.0003,m,full_coupled,39,0.006017434410750866
adam,smallcnn,0,3,0.0003,m,full_coupled,40,0.019156314432621002
adam,smallcnn,0,3,0.0003,m,restricted_no_dv,0,0.0
adam,smallcnn,0,3,0.0003,m,restricted_no_dv,1,0.0
adam,smallcnn,0,3,0.0003,m,restricted_no_dv,2,0.0
adam,smallcnn,0,3,0.0003,m,restricted_no_dv,3,0.0
adam,smallcnn,0,3,0.0003,m,restricted_no_dv,4,0.0
adam,smallcnn,0,3,0.0003,m,restricted_no_dv,5,0.0
adam,smallcnn,0,3,0.0003,m,restricted_no_dv,6,0.0
adam,smallcnn,0,3,0.0003,m,restricted_no_dv,7,0.0
adam,smallcnn,0,3,0.0003,m,restricted_no_dv,8,0.0
adam,smallcnn,0,3,0.0003,m,restricted_no_dv,9,0.0
adam,smallcnn,0,3,0.0003,m,restricted_no_dv,10,0.0
adam,smallcnn,0,3,0.0003,m,restricted_no_dv,11,0.0
adam,smallcnn,0,3,0.0003,m,restricted_no_dv,12,0.0
adam,smallcnn,0,3,0.0003,m,restricted_no_dv,13,0.0
adam,smallcnn,0,3,0.0003,m,restricted_no_dv,14,0.0
adam,smallcnn,0,3,0.0003,m,restricted_no_dv,15,0.0
adam,smallcnn,0,3,0.0003,m,restricted_no_dv,16,0.0
adam,smallcnn,0,3,0.0003,m,restricted_no_dv,17,0.0
adam,smallcnn,0,3,0.0003,m,restricted_no_dv,18,0.0
adam,smallcnn,0,3,0.0003,m,restricted_no_dv,19,0.0
adam,smallcnn,0,3,0.0003,m,restricted_no_dv,20,0.0
adam,smallcnn,0,3,0.0003,m,restricted_no_dv,21,0.0
adam,smallcnn,0,3,0.0003,m,restricted_no_dv,22,0.0
adam,smallcnn,0,3,0.0003,m,restricted_no_dv,23,0.0
adam,smallcnn,0,3,0.0003,m,restricted_no_dv,24,0.0
adam,smallcnn,0,3,0.0003,m,restricted_no_dv,25,0.0
adam,smallcnn,0,3,0.0003,m,restricted_no_dv,26,0.0
adam,smallcnn,0,3,0.0003,m,restricted_no_dv,27,0.0
adam,smallcnn,0,3,0.0003,m,restricted_no_dv,28,0.0
adam,smallcnn,0,3,0.0003,m,restricted_no_dv,29,0.0
adam,smallcnn,0,3,0.0003,m,restricted_no_dv,30,0.0
adam,smallcnn,0,3,0.0003,m,restricted_no_dv,31,0.0
adam,smallcnn,0,3,0.0003,m,restricted_no_dv,32,0.0
adam,smallcnn,0,3,0.0003,m,restricted_no_dv,33,0.0
adam,smallcnn,0,3,0.0003,m,restricted_no_dv,34,0.0
adam,smallcnn,0,3,0.0003,m,restricted_no_dv,35,0.0
adam,smallcnn,0,3,0.0003,m,restricted_no_dv,36,0.0
adam,smallcnn,0,3,0.0003,m,restricted_no_dv,37,0.0
adam,smallcnn,0,3,0.0003,m,restricted_no_dv,38,0.0
adam,smallcnn,0,3,0.0003,m,restricted_no_dv,39,0.0
adam,smallcnn,0,3,0.0003,m,restricted_no_dv,40,0.0
adam,smallcnn,0,0,0.0003,log_v,full_coupled,0,0.00018740387167781591
adam,smallcnn,0,0,0.0003,log_v,full_coupled,1,0.00018721648666542023
adam,smallcnn,0,0,0.0003,log_v,full_coupled,2,0.00018702949455473572
adam,smallcnn,0,0,0.0003,log_v,full_coupled,3,0.00018684349197428674
adam,smallcnn,0,0,0.0003,log_v,full_coupled,4,0.00018665780953597277
adam,smallcnn,0,0,0.0003,log_v,full_coupled,5,0.0001864716032287106
adam,smallcnn,0,0,0.0003,log_v,full_coupled,6,0.0001862843637354672
adam,smallcnn,0,0,0.0003,log_v,full_coupled,7,0.000186098157428205
adam,smallcnn,0,0,0.0003,log_v,full_coupled,8,0.00018591192201711237
adam,smallcnn,0,0,0.0003,log_v,full_coupled,9,0.00018572575936559588
adam,smallcnn,0,0,0.0003,log_v,full_coupled,10,0.00018553984409663826
adam,smallcnn,0,0,0.0003,log_v,full_coupled,11,0.00018535424896981567
adam,smallcnn,0,0,0.0003,log_v,full_coupled,12,0.0001851688721217215
adam,smallcnn,0,0,0.0003,log_v,full_coupled,13,0.0001849836262408644
adam,smallcnn,0,0,0.0003,log_v,full_coupled,14,0.00018479856953490525
adam,smallcnn,0,0,0.0003,log_v,full_coupled,15,0.00018461378931533545
adam,smallcnn,0,0,0.0003,log_v,full_coupled,16,0.00018442919827066362
adam,smallcnn,0,0,0.0003,log_v,full_coupled,17,0.0001842447672970593
adam,smallcnn,0,0,0.0003,log_v,full_coupled,18,0.0001840605546021834
adam,smallcnn,0,0,0.0003,log_v,full_coupled,19,0.00018387653108220547
adam,smallcnn,0,0,0.0003,log_v,full_coupled,20,0.00018369266763329506
adam,smallcnn,0,0,0.0003,log_v,full_coupled,21,0.00018350897880736738
adam,smallcnn,0,0,0.0003,log_v,full_coupled,22,0.0001833254937082529
adam,smallcnn,0,0,0.0003,log_v,full_coupled,23,0.0001831421977840364
adam,smallcnn,0,0,0.0003,log_v,full_coupled,24,0.00018295907648280263
adam,smallcnn,0,0,0.0003,log_v,full_coupled,25,0.00018277605704497546
adam,smallcnn,0,0,0.0003,log_v,full_coupled,26,0.00018259325588587672
adam,smallcnn,0,0,0.0003,log_v,full_coupled,27,0.00018241058569401503
adam,smallcnn,0,0,0.0003,log_v,full_coupled,28,0.0001822282065404579
adam,smallcnn,0,0,0.0003,log_v,full_coupled,29,0.00018204595835413784
adam,smallcnn,0,0,0.0003,log_v,full_coupled,30,0.00018186395755037665
adam,smallcnn,0,0,0.0003,log_v,full_coupled,31,0.0001816820295061916
adam,smallcnn,0,0,0.0003,log_v,full_coupled,32,0.00018150040705222636
adam,smallcnn,0,0,0.0003,log_v,full_coupled,33,0.00018131894466932863
adam,smallcnn,0,0,0.0003,log_v,full_coupled,34,0.000181137744220905
adam,smallcnn,0,0,0.0003,log_v,full_coupled,35,0.0001809567038435489
adam,smallcnn,0,0,0.0003,log_v,full_coupled,36,0.00018077566346619278
adam,smallcnn,0,0,0.0003,log_v,full_coupled,37,0.00018059498688671738
adam,smallcnn,0,0,0.0003,log_v,full_coupled,38,0.00018041448493022472
adam,smallcnn,0,0,0.0003,log_v,full_coupled,39,0.00018023423035629094
adam,smallcnn,0,0,0.0003,log_v,full_coupled,40,0.0001800533354980871
adam,smallcnn,0,1,0.0003,log_v,full_coupled,0,0.00018125206406693906
adam,smallcnn,0,1,0.0003,log_v,full_coupled,1,0.00018107083451468498
adam,smallcnn,0,1,0.0003,log_v,full_coupled,2,0.00018088948854710907
adam,smallcnn,0,1,0.0003,log_v,full_coupled,3,0.00018070833175443113
adam,smallcnn,0,1,0.0003,log_v,full_coupled,4,0.00018052711675409228
adam,smallcnn,0,1,0.0003,log_v,full_coupled,5,0.00018034644017461687
adam,smallcnn,0,1,0.0003,log_v,full_coupled,6,0.00018016505055129528
adam,smallcnn,0,1,0.0003,log_v,full_coupled,7,0.000179984635906294
adam,smallcnn,0,1,0.0003,log_v,full_coupled,8,0.00017980449774768203
adam,smallcnn,0,1,0.0003,log_v,full_coupled,9,0.00017962466517928988
adam,smallcnn,0,1,0.0003,log_v,full_coupled,10,0.0001794450217857957
adam,smallcnn,0,1,0.0003,log_v,full_coupled,11,0.00017926556756719947
adam,smallcnn,0,1,0.0003,log_v,full_coupled,12,0.00017908637528307736
adam,smallcnn,0,1,0.0003,log_v,full_coupled,13,0.0001789073139661923
adam,smallcnn,0,1,0.0003,log_v,full_coupled,14,0.00017872842727229
adam,smallcnn,0,1,0.0003,log_v,full_coupled,15,0.0001785497588571161
adam,smallcnn,0,1,0.0003,log_v,full_coupled,16,0.00017837122140917927
adam,smallcnn,0,1,0.0003,log_v,full_coupled,17,0.00017819284403230995
adam,smallcnn,0,1,0.0003,log_v,full_coupled,18,0.00017801468493416905
adam,smallcnn,0,1,0.0003,log_v,full_coupled,19,0.00017783667135518044
adam,smallcnn,0,1,0.0003,log_v,full_coupled,20,0.00017765883239917457
adam,smallcnn,0,1,0.0003,log_v,full_coupled,21,0.0001774811535142362
adam,smallcnn,0,1,0.0003,log_v,full_coupled,22,0.00017730373656377196
adam,smallcnn,0,1,0.0003,log_v,full_coupled,23,0.00017712643602862954
adam,smallcnn,0,1,0.0003,log_v,full_coupled,24,0.00017694931011646986
adam,smallcnn,0,1,0.0003,log_v,full_coupled,25,0.00017677235882729292
adam,smallcnn,0,1,0.0003,log_v,full_coupled,26,0.00017659558216109872
adam,smallcnn,0,1,0.0003,log_v,full_coupled,27,0.00017641906742937863
adam,smallcnn,0,1,0.0003,log_v,full_coupled,28,0.00017624261090531945
adam,smallcnn,0,1,0.0003,log_v,full_coupled,29,0.00017606629990041256
adam,smallcnn,0,1,0.0003,log_v,full_coupled,30,0.00017589019262231886
adam,smallcnn,0,1,0.0003,log_v,full_coupled,31,0.000175714201759547
adam,smallcnn,0,1,0.0003,log_v,full_coupled,32,0.00017553857469465584
adam,smallcnn,0,1,0.0003,log_v,full_coupled,33,0.0001753630640450865
adam,smallcnn,0,1,0.0003,log_v,full_coupled,34,0.00017518765525892377
adam,smallcnn,0,1,0.0003,log_v,full_coupled,35,0.0001750122755765915
adam,smallcnn,0,1,0.0003,log_v,full_coupled,36,0.00017483691044617444
adam,smallcnn,0,1,0.0003,log_v,full_coupled,37,0.0001746619091136381
adam,smallcnn,0,1,0.0003,log_v,full_coupled,38,0.00017448714061174542
adam,smallcnn,0,1,0.0003,log_v,full_coupled,39,0.0001743126631481573
adam,smallcnn,0,1,0.0003,log_v,full_coupled,40,0.0001741363521432504
adam,smallcnn,0,2,0.0003,log_v,full_coupled,0,0.00019148655701428652
adam,smallcnn,0,2,0.0003,log_v,full_coupled,1,0.00019129506836179644
adam,smallcnn,0,2,0.0003,log_v,full_coupled,2,0.0001911040599225089
adam,smallcnn,0,2,0.0003,log_v,full_coupled,3,0.00019091453577857465
adam,smallcnn,0,2,0.0003,log_v,full_coupled,4,0.00019072394934482872
adam,smallcnn,0,2,0.0003,log_v,full_coupled,5,0.00019053152936976403
adam,smallcnn,0,2,0.0003,log_v,full_coupled,6,0.0001903395022964105
adam,smallcnn,0,2,0.0003,log_v,full_coupled,7,0.00019014833378605545
adam,smallcnn,0,2,0.0003,log_v,full_coupled,8,0.00018995755817741156
adam,smallcnn,0,2,0.0003,log_v,full_coupled,9,0.00018976708815898746
adam,smallcnn,0,2,0.0003,log_v,full_coupled,10,0.00018957708380185068
adam,smallcnn,0,2,0.0003,log_v,full_coupled,11,0.00018938729772344232
adam,smallcnn,0,2,0.0003,log_v,full_coupled,12,0.0001891978463390842
adam,smallcnn,0,2,0.0003,log_v,full_coupled,13,0.00018900862778536975
adam,smallcnn,0,2,0.0003,log_v,full_coupled,14,0.00018881962751038373
adam,smallcnn,0,2,0.0003,log_v,full_coupled,15,0.00018863075820263475
adam,smallcnn,0,2,0.0003,log_v,full_coupled,16,0.0001884421508293599
adam,smallcnn,0,2,0.0003,log_v,full_coupled,17,0.00018825370352715254
adam,smallcnn,0,2,0.0003,log_v,full_coupled,18,0.00018806540174409747
adam,smallcnn,0,2,0.0003,log_v,full_coupled,19,0.00018787733279168606
adam,smallcnn,0,2,0.0003,log_v,full_coupled,20,0.00018768943846225739
adam,smallcnn,0,2,0.0003,log_v,full_coupled,21,0.00018750176241155714
adam,smallcnn,0,2,0.0003,log_v,full_coupled,22,0.00018731423188000917
adam,smallcnn,0,2,0.0003,log_v,full_coupled,23,0.00018712687597144395
adam,smallcnn,0,2,0.0003,log_v,full_coupled,24,0.00018693973834160715
adam,smallcnn,0,2,0.0003,log_v,full_coupled,25,0.00018675278988666832
adam,smallcnn,0,2,0.0003,log_v,full_coupled,26,0.00018656605971045792
adam,smallcnn,0,2,0.0003,log_v,full_coupled,27,0.00018637951870914549
adam,smallcnn,0,2,0.0003,log_v,full_coupled,28,0.0001861931086750701
adam,smallcnn,0,2,0.0003,log_v,full_coupled,29,0.0001860069460235536
adam,smallcnn,0,2,0.0003,log_v,full_coupled,30,0.0001858209288911894
adam,smallcnn,0,2,0.0003,log_v,full_coupled,31,0.00018563511548563838
adam,smallcnn,0,2,0.0003,log_v,full_coupled,32,0.00018544949125498533
adam,smallcnn,0,2,0.0003,log_v,full_coupled,33,0.00018526399799156934
adam,smallcnn,0,2,0.0003,log_v,full_coupled,34,0.000185078737558797
adam,smallcnn,0,2,0.0003,log_v,full_coupled,35,0.00018489362264517695
adam,smallcnn,0,2,0.0003,log_v,full_coupled,36,0.00018470874056220055
adam,smallcnn,0,2,0.0003,log_v,full_coupled,37,0.00018452413496561348
adam,smallcnn,0,2,0.0003,log_v,full_coupled,38,0.00018433966033626348
adam,smallcnn,0,2,0.0003,log_v,full_coupled,39,0.00018415528757032007
adam,smallcnn,0,2,0.0003,log_v,full_coupled,40,0.00018397335952613503
adam,smallcnn,0,3,0.0003,log_v,full_coupled,0,0.00021151798136997968
adam,smallcnn,0,3,0.0003,log_v,full_coupled,1,0.0002113064838340506
adam,smallcnn,0,3,0.0003,log_v,full_coupled,2,0.00021109460794832557
adam,smallcnn,0,3,0.0003,log_v,full_coupled,3,0.0002108830667566508
adam,smallcnn,0,3,0.0003,log_v,full_coupled,4,0.00021067296620458364
adam,smallcnn,0,3,0.0003,log_v,full_coupled,5,0.00021046327310614288
adam,smallcnn,0,3,0.0003,log_v,full_coupled,6,0.0002102549042319879
adam,smallcnn,0,3,0.0003,log_v,full_coupled,7,0.00021004538575652987
adam,smallcnn,0,3,0.0003,log_v,full_coupled,8,0.00020983591093681753
adam,smallcnn,0,3,0.0003,log_v,full_coupled,9,0.0002096264943247661
adam,smallcnn,0,3,0.0003,log_v,full_coupled,10,0.00020941716502420604
adam,smallcnn,0,3,0.0003,log_v,full_coupled,11,0.00020920771930832416
adam,smallcnn,0,3,0.0003,log_v,full_coupled,12,0.0002089985500788316
adam,smallcnn,0,3,0.0003,log_v,full_coupled,13,0.0002087895554723218
adam,smallcnn,0,3,0.0003,log_v,full_coupled,14,0.00020858077914454043
adam,smallcnn,0,3,0.0003,log_v,full_coupled,15,0.0002083721774397418
adam,smallcnn,0,3,0.0003,log_v,full_coupled,16,0.00020816377946175635
adam,smallcnn,0,3,0.0003,log_v,full_coupled,17,0.00020795561431441456
adam,smallcnn,0,3,0.0003,log_v,full_coupled,18,0.00020774765289388597
adam,smallcnn,0,3,0.0003,log_v,full_coupled,19,0.00020753989520017058
adam,smallcnn,0,3,0.0003,log_v,full_coupled,20,0.00020733232668135315
adam,smallcnn,0,3,0.0003,log_v,full_coupled,21,0.00020712491823360324
adam,smallcnn,0,3,0.0003,log_v,full_coupled,22,0.00020691778627224267
adam,smallcnn,0,3,0.0003,log_v,full_coupled,23,0.00020671082893386483
adam,smallcnn,0,3,0.0003,log_v,full_coupled,24,0.00020650404621846974
adam,smallcnn,0,3,0.0003,log_v,full_coupled,25,0.00020629751088563353
adam,smallcnn,0,3,0.0003,log_v,full_coupled,26,0.00020609117927961051
adam,smallcnn,0,3,0.0003,log_v,full_coupled,27,0.00020588509505614638
adam,smallcnn,0,3,0.0003,log_v,full_coupled,28,0.0002056788798654452
adam,smallcnn,0,3,0.0003,log_v,full_coupled,29,0.00020547294116113335
adam,smallcnn,0,3,0.0003,log_v,full_coupled,30,0.000205267162527889
adam,smallcnn,0,3,0.0003,log_v,full_coupled,31,0.00020506152941379696
adam,smallcnn,0,3,0.0003,log_v,full_coupled,32,0.00020485652203205973
adam,smallcnn,0,3,0.0003,log_v,full_coupled,33,0.00020465167472139
adam,smallcnn,0,3,0.0003,log_v,full_coupled,34,0.00020444690017029643
adam,smallcnn,0,3,0.0003,log_v,full_coupled,35,0.0002042419509962201
adam,smallcnn,0,3,0.0003,log_v,full_coupled,36,0.00020403707458171993
adam,smallcnn,0,3,0.0003,log_v,full_coupled,37,0.00020383264927659184
adam,smallcnn,0,3,0.0003,log_v,full_coupled,38,0.0002036289661191404
adam,smallcnn,0,3,0.0003,log_v,full_coupled,39,0.0002034255739999935
adam,smallcnn,0,3,0.0003,log_v,full_coupled,40,0.0002032087795669213
adam,smallcnn,0,0,0.0003,joint,full_coupled,0,0.00014249800005927682
adam,smallcnn,0,0,0.0003,joint,full_coupled,1,0.00014235550770536065
adam,smallcnn,0,0,0.0003,joint,full_coupled,2,0.00014218145224731416
adam,smallcnn,0,0,0.0003,joint,full_coupled,3,0.000141936368891038
adam,smallcnn,0,0,0.0003,joint,full_coupled,4,0.00014248072693590075
adam,smallcnn,0,0,0.0003,joint,full_coupled,5,0.00014255524729378521
adam,smallcnn,0,0,0.0003,joint,full_coupled,6,0.00014335589366964996
adam,smallcnn,0,0,0.0003,joint,full_coupled,7,0.00014348572585731745
adam,smallcnn,0,0,0.0003,joint,full_coupled,8,0.00014317476598080248
adam,smallcnn,0,0,0.0003,joint,full_coupled,9,0.00014300869952421635
adam,smallcnn,0,0,0.0003,joint,full_coupled,10,0.0001429501862730831
adam,smallcnn,0,0,0.0003,joint,full_coupled,11,0.00014302755880635232
adam,smallcnn,0,0,0.0003,joint,full_coupled,12,0.00014309358084574342
adam,smallcnn,0,0,0.0003,joint,full_coupled,13,0.00014325907977763563
adam,smallcnn,0,0,0.0003,joint,full_coupled,14,0.00014381628716364503
adam,smallcnn,0,0,0.0003,joint,full_coupled,15,0.0001443717337679118
adam,smallcnn,0,0,0.0003,joint,full_coupled,16,0.0001460988278267905
adam,smallcnn,0,0,0.0003,joint,full_coupled,17,0.00015079793229233474
adam,smallcnn,0,0,0.0003,joint,full_coupled,18,0.0001728473580442369
adam,smallcnn,0,0,0.0003,joint,full_coupled,19,0.0001854079164331779
adam,smallcnn,0,0,0.0003,joint,full_coupled,20,0.0002233769919257611
adam,smallcnn,0,0,0.0003,joint,full_coupled,21,0.0002772204461507499
adam,smallcnn,0,0,0.0003,joint,full_coupled,22,0.0002964514715131372
adam,smallcnn,0,0,0.0003,joint,full_coupled,23,0.0003614666638895869
adam,smallcnn,0,0,0.0003,joint,full_coupled,24,0.00043360693962313235
adam,smallcnn,0,0,0.0003,joint,full_coupled,25,0.0004971764283254743
adam,smallcnn,0,0,0.0003,joint,full_coupled,26,0.0005335651221685112
adam,smallcnn,0,0,0.0003,joint,full_coupled,27,0.0006509778322651982
adam,smallcnn,0,0,0.0003,joint,full_coupled,28,0.0007513416348956525
adam,smallcnn,0,0,0.0003,joint,full_coupled,29,0.0008192865061573684
adam,smallcnn,0,0,0.0003,joint,full_coupled,30,0.0008710407419130206
adam,smallcnn,0,0,0.0003,joint,full_coupled,31,0.001009383355267346
adam,smallcnn,0,0,0.0003,joint,full_coupled,32,0.0011396916816011071
adam,smallcnn,0,0,0.0003,joint,full_coupled,33,0.0012593086576089263
adam,smallcnn,0,0,0.0003,joint,full_coupled,34,0.0012940760934725404
adam,smallcnn,0,0,0.0003,joint,full_coupled,35,0.0014465386047959328
adam,smallcnn,0,0,0.0003,joint,full_coupled,36,0.0017155755776911974
adam,smallcnn,0,0,0.0003,joint,full_coupled,37,0.001872788299806416
adam,smallcnn,0,0,0.0003,joint,full_coupled,38,0.0022189656738191843
adam,smallcnn,0,0,0.0003,joint,full_coupled,39,0.0024725734256207943
adam,smallcnn,0,0,0.0003,joint,full_coupled,40,0.007686293683946133
adam,smallcnn,0,1,0.0003,joint,full_coupled,0,0.00012608572433236986
adam,smallcnn,0,1,0.0003,joint,full_coupled,1,0.0001259596465388313
adam,smallcnn,0,1,0.0003,joint,full_coupled,2,0.0001259327691514045
adam,smallcnn,0,1,0.0003,joint,full_coupled,3,0.0001266474719159305
adam,smallcnn,0,1,0.0003,joint,full_coupled,4,0.00012732457253150642
adam,smallcnn,0,1,0.0003,joint,full_coupled,5,0.0001280948636122048
adam,smallcnn,0,1,0.0003,joint,full_coupled,6,0.00012848644109908491
adam,smallcnn,0,1,0.0003,joint,full_coupled,7,0.0001287548802793026
adam,smallcnn,0,1,0.0003,joint,full_coupled,8,0.00012877215340267867
adam,smallcnn,0,1,0.0003,joint,full_coupled,9,0.00012884032912552357
adam,smallcnn,0,1,0.0003,joint,full_coupled,10,0.00012880234862677753
adam,smallcnn,0,1,0.0003,joint,full_coupled,11,0.00012871352373622358
adam,smallcnn,0,1,0.0003,joint,full_coupled,12,0.00012868610792793334
adam,smallcnn,0,1,0.0003,joint,full_coupled,13,0.00012859808339271694
adam,smallcnn,0,1,0.0003,joint,full_coupled,14,0.00012854946544393897
adam,smallcnn,0,1,0.0003,joint,full_coupled,15,0.00012838836119044572
adam,smallcnn,0,1,0.0003,joint,full_coupled,16,0.000128311658045277
adam,smallcnn,0,1,0.0003,joint,full_coupled,17,0.0001283611636608839
adam,smallcnn,0,1,0.0003,joint,full_coupled,18,0.00012940076703671366
adam,smallcnn,0,1,0.0003,joint,full_coupled,19,0.0001303803874179721
adam,smallcnn,0,1,0.0003,joint,full_coupled,20,0.00013202968693803996
adam,smallcnn,0,1,0.0003,joint,full_coupled,21,0.0001355222921120003
adam,smallcnn,0,1,0.0003,joint,full_coupled,22,0.00013748211495112628
adam,smallcnn,0,1,0.0003,joint,full_coupled,23,0.00014608544006478041
adam,smallcnn,0,1,0.0003,joint,full_coupled,24,0.000160063078510575
adam,smallcnn,0,1,0.0003,joint,full_coupled,25,0.00018896946858149022
adam,smallcnn,0,1,0.0003,joint,full_coupled,26,0.0001994333288166672
adam,smallcnn,0,1,0.0003,joint,full_coupled,27,0.0002493421488907188
adam,smallcnn,0,1,0.0003,joint,full_coupled,28,0.0002984008169732988
adam,smallcnn,0,1,0.0003,joint,full_coupled,29,0.00035545232822187245
adam,smallcnn,0,1,0.0003,joint,full_coupled,30,0.00040145759703591466
adam,smallcnn,0,1,0.0003,joint,full_coupled,31,0.0004907679394818842
adam,smallcnn,0,1,0.0003,joint,full_coupled,32,0.0006034279358573258
adam,smallcnn,0,1,0.0003,joint,full_coupled,33,0.0007290335488505661
adam,smallcnn,0,1,0.0003,joint,full_coupled,34,0.0008074487559497356
adam,smallcnn,0,1,0.0003,joint,full_coupled,35,0.0011081782868131995
adam,smallcnn,0,1,0.0003,joint,full_coupled,36,0.0015530764358118176
adam,smallcnn,0,1,0.0003,joint,full_coupled,37,0.002021488966420293
adam,smallcnn,0,1,0.0003,joint,full_coupled,38,0.0026112396735697985
adam,smallcnn,0,1,0.0003,joint,full_coupled,39,0.0030870684422552586
adam,smallcnn,0,1,0.0003,joint,full_coupled,40,0.008930109441280365
adam,smallcnn,0,2,0.0003,joint,full_coupled,0,0.00014640796871390194
adam,smallcnn,0,2,0.0003,joint,full_coupled,1,0.00014626156189478934
adam,smallcnn,0,2,0.0003,joint,full_coupled,2,0.00014602395822294056
adam,smallcnn,0,2,0.0003,joint,full_coupled,3,0.00014581916911993176
adam,smallcnn,0,2,0.0003,joint,full_coupled,4,0.00014599086716771126
adam,smallcnn,0,2,0.0003,joint,full_coupled,5,0.00014635124534834176
adam,smallcnn,0,2,0.0003,joint,full_coupled,6,0.00014691385149490088
adam,smallcnn,0,2,0.0003,joint,full_coupled,7,0.00014726394147146493
adam,smallcnn,0,2,0.0003,joint,full_coupled,8,0.0001474110467825085
adam,smallcnn,0,2,0.0003,joint,full_coupled,9,0.00014777135220356286
adam,smallcnn,0,2,0.0003,joint,full_coupled,10,0.00014795566676184535
adam,smallcnn,0,2,0.0003,joint,full_coupled,11,0.0001481929502915591
adam,smallcnn,0,2,0.0003,joint,full_coupled,12,0.00014833163004368544
adam,smallcnn,0,2,0.0003,joint,full_coupled,13,0.00014829027350060642
adam,smallcnn,0,2,0.0003,joint,full_coupled,14,0.00014823643141426146
adam,smallcnn,0,2,0.0003,joint,full_coupled,15,0.00014818609633948654
adam,smallcnn,0,2,0.0003,joint,full_coupled,16,0.00014835147885605693
adam,smallcnn,0,2,0.0003,joint,full_coupled,17,0.0001493049057899043
adam,smallcnn,0,2,0.0003,joint,full_coupled,18,0.000154249049955979
adam,smallcnn,0,2,0.0003,joint,full_coupled,19,0.0001582213881192729
adam,smallcnn,0,2,0.0003,joint,full_coupled,20,0.00017104684957303107
adam,smallcnn,0,2,0.0003,joint,full_coupled,21,0.00019319329294376075
adam,smallcnn,0,2,0.0003,joint,full_coupled,22,0.00020159644191153347
adam,smallcnn,0,2,0.0003,joint,full_coupled,23,0.0002404938859399408
adam,smallcnn,0,2,0.0003,joint,full_coupled,24,0.0002861941757146269
adam,smallcnn,0,2,0.0003,joint,full_coupled,25,0.00033370935125276446
adam,smallcnn,0,2,0.0003,joint,full_coupled,26,0.00037032339605502784
adam,smallcnn,0,2,0.0003,joint,full_coupled,27,0.0005004600971005857
adam,smallcnn,0,2,0.0003,joint,full_coupled,28,0.0006030362565070391
adam,smallcnn,0,2,0.0003,joint,full_coupled,29,0.0006727230502292514
adam,smallcnn,0,2,0.0003,joint,full_coupled,30,0.0007270663045346737
adam,smallcnn,0,2,0.0003,joint,full_coupled,31,0.0008541927672922611
adam,smallcnn,0,2,0.0003,joint,full_coupled,32,0.0010564877884462476
adam,smallcnn,0,2,0.0003,joint,full_coupled,33,0.0012180721387267113
adam,smallcnn,0,2,0.0003,joint,full_coupled,34,0.0012980380561202765
adam,smallcnn,0,2,0.0003,joint,full_coupled,35,0.0016100978245958686
adam,smallcnn,0,2,0.0003,joint,full_coupled,36,0.002023090375587344
adam,smallcnn,0,2,0.0003,joint,full_coupled,37,0.0022413150873035192
adam,smallcnn,0,2,0.0003,joint,full_coupled,38,0.002403106540441513
adam,smallcnn,0,2,0.0003,joint,full_coupled,39,0.0025574760511517525
adam,smallcnn,0,2,0.0003,joint,full_coupled,40,0.0085994778200984
adam,smallcnn,0,3,0.0003,joint,full_coupled,0,0.00012965264613740146
adam,smallcnn,0,3,0.0003,joint,full_coupled,1,0.0001295229885727167
adam,smallcnn,0,3,0.0003,joint,full_coupled,2,0.00012931287346873432
adam,smallcnn,0,3,0.0003,joint,full_coupled,3,0.00012923430767841637
adam,smallcnn,0,3,0.0003,joint,full_coupled,4,0.00012953332043252885
adam,smallcnn,0,3,0.0003,joint,full_coupled,5,0.00012995603901799768
adam,smallcnn,0,3,0.0003,joint,full_coupled,6,0.00013038745964877307
adam,smallcnn,0,3,0.0003,joint,full_coupled,7,0.00013056129682809114
adam,smallcnn,0,3,0.0003,joint,full_coupled,8,0.00013062193465884775
adam,smallcnn,0,3,0.0003,joint,full_coupled,9,0.0001306534104514867
adam,smallcnn,0,3,0.0003,joint,full_coupled,10,0.00013076438335701823
adam,smallcnn,0,3,0.0003,joint,full_coupled,11,0.0001311536179855466
adam,smallcnn,0,3,0.0003,joint,full_coupled,12,0.0001318667345913127
adam,smallcnn,0,3,0.0003,joint,full_coupled,13,0.00013303168816491961
adam,smallcnn,0,3,0.0003,joint,full_coupled,14,0.00013494589074980468
adam,smallcnn,0,3,0.0003,joint,full_coupled,15,0.0001370806130580604
adam,smallcnn,0,3,0.0003,joint,full_coupled,16,0.00014080657274462283
adam,smallcnn,0,3,0.0003,joint,full_coupled,17,0.00014945369912311435
adam,smallcnn,0,3,0.0003,joint,full_coupled,18,0.00017918228695634753
adam,smallcnn,0,3,0.0003,joint,full_coupled,19,0.00019441271433606744
adam,smallcnn,0,3,0.0003,joint,full_coupled,20,0.00023687629436608404
adam,smallcnn,0,3,0.0003,joint,full_coupled,21,0.0002914994256570935
adam,smallcnn,0,3,0.0003,joint,full_coupled,22,0.0003120388719253242
adam,smallcnn,0,3,0.0003,joint,full_coupled,23,0.0003724506823346019
adam,smallcnn,0,3,0.0003,joint,full_coupled,24,0.000443795055616647
adam,smallcnn,0,3,0.0003,joint,full_coupled,25,0.0004983749822713435
adam,smallcnn,0,3,0.0003,joint,full_coupled,26,0.0005336431786417961
adam,smallcnn,0,3,0.0003,joint,full_coupled,27,0.0006445663748309016
adam,smallcnn,0,3,0.0003,joint,full_coupled,28,0.0007632134947925806
adam,smallcnn,0,3,0.0003,joint,full_coupled,29,0.0008787037222646177
adam,smallcnn,0,3,0.0003,joint,full_coupled,30,0.0009696779889054596
adam,smallcnn,0,3,0.0003,joint,full_coupled,31,0.0011414820328354836
adam,smallcnn,0,3,0.0003,joint,full_coupled,32,0.0012844075681641698
adam,smallcnn,0,3,0.0003,joint,full_coupled,33,0.001457204925827682
adam,smallcnn,0,3,0.0003,joint,full_coupled,34,0.0015908380737528205
adam,smallcnn,0,3,0.0003,joint,full_coupled,35,0.0018678437918424606
adam,smallcnn,0,3,0.0003,joint,full_coupled,36,0.0022774660028517246
adam,smallcnn,0,3,0.0003,joint,full_coupled,37,0.0024873593356460333
adam,smallcnn,0,3,0.0003,joint,full_coupled,38,0.002676242496818304
adam,smallcnn,0,3,0.0003,joint,full_coupled,39,0.0027977211866527796
adam,smallcnn,0,3,0.0003,joint,full_coupled,40,0.0077146319672465324
adam,smallcnn,0,0,0.001,m,full_coupled,0,0.0
adam,smallcnn,0,0,0.001,m,full_coupled,1,0.0
adam,smallcnn,0,0,0.001,m,full_coupled,2,2.177213173126802e-05
adam,smallcnn,0,0,0.001,m,full_coupled,3,4.071417060913518e-05
adam,smallcnn,0,0,0.001,m,full_coupled,4,4.688443004852161e-05
adam,smallcnn,0,0,0.001,m,full_coupled,5,5.4546151659451425e-05
adam,smallcnn,0,0,0.001,m,full_coupled,6,6.02286854700651e-05
adam,smallcnn,0,0,0.001,m,full_coupled,7,6.140962068457156e-05
adam,smallcnn,0,0,0.001,m,full_coupled,8,6.654675235040486e-05
adam,smallcnn,0,0,0.001,m,full_coupled,9,0.00022676566732116044
adam,smallcnn,0,0,0.001,m,full_coupled,10,0.0005161541048437357
adam,smallcnn,0,0,0.001,m,full_coupled,11,0.0007164611015468836
adam,smallcnn,0,0,0.001,m,full_coupled,12,0.0012084782356396317
adam,smallcnn,0,0,0.001,m,full_coupled,13,0.0013621372636407614
adam,smallcnn,0,0,0.001,m,full_coupled,14,0.0012394284131005406
adam,smallcnn,0,0,0.001,m,full_coupled,15,0.0011769226985052228
adam,smallcnn,0,0,0.001,m,full_coupled,16,0.0035114227794110775
adam,smallcnn,0,0,0.001,m,full_coupled,17,0.004720535594969988
adam,smallcnn,0,0,0.001,m,full_coupled,18,0.0050448947586119175
adam,smallcnn,0,0,0.001,m,full_coupled,19,0.006408090237528086
adam,smallcnn,0,0,0.001,m,full_coupled,20,0.011873103678226471
adam,smallcnn,0,0,0.001,m,full_coupled,21,0.017286352813243866
adam,smallcnn,0,0,0.001,m,full_coupled,22,0.02768869698047638
adam,smallcnn,0,0,0.001,m,full_coupled,23,0.027910742908716202
adam,smallcnn,0,0,0.001,m,full_coupled,24,0.05936579406261444
adam,smallcnn,0,0,0.001,m,full_coupled,25,0.07075471431016922
adam,smallcnn,0,0,0.001,m,full_coupled,26,0.07959624379873276
adam,smallcnn,0,0,0.001,m,full_coupled,27,0.11844848841428757
adam,smallcnn,0,0,0.001,m,full_coupled,28,0.14546635746955872
adam,smallcnn,0,0,0.001,m,full_coupled,29,0.14517585933208466
adam,smallcnn,0,0,0.001,m,full_coupled,30,0.22320961952209473
adam,smallcnn,0,0,0.001,m,full_coupled,31,0.22283904254436493
adam,smallcnn,0,0,0.001,m,full_coupled,32,0.23084627091884613
adam,smallcnn,0,0,0.001,m,full_coupled,33,0.20595340430736542
adam,smallcnn,0,0,0.001,m,full_coupled,34,0.20465010404586792
adam,smallcnn,0,0,0.001,m,full_coupled,35,0.2044799029827118
adam,smallcnn,0,0,0.001,m,full_coupled,36,0.20732158422470093
adam,smallcnn,0,0,0.001,m,full_coupled,37,0.20864173769950867
adam,smallcnn,0,0,0.001,m,full_coupled,38,0.21138575673103333
adam,smallcnn,0,0,0.001,m,full_coupled,39,0.2124457061290741
adam,smallcnn,0,0,0.001,m,full_coupled,40,0.2644853889942169
adam,smallcnn,0,0,0.001,m,restricted_no_dv,0,0.0
adam,smallcnn,0,0,0.001,m,restricted_no_dv,1,0.0
adam,smallcnn,0,0,0.001,m,restricted_no_dv,2,0.0
adam,smallcnn,0,0,0.001,m,restricted_no_dv,3,0.0
adam,smallcnn,0,0,0.001,m,restricted_no_dv,4,0.0
adam,smallcnn,0,0,0.001,m,restricted_no_dv,5,0.0
adam,smallcnn,0,0,0.001,m,restricted_no_dv,6,0.0
adam,smallcnn,0,0,0.001,m,restricted_no_dv,7,0.0
adam,smallcnn,0,0,0.001,m,restricted_no_dv,8,0.0
adam,smallcnn,0,0,0.001,m,restricted_no_dv,9,0.0
adam,smallcnn,0,0,0.001,m,restricted_no_dv,10,0.0
adam,smallcnn,0,0,0.001,m,restricted_no_dv,11,0.0
adam,smallcnn,0,0,0.001,m,restricted_no_dv,12,0.0
adam,smallcnn,0,0,0.001,m,restricted_no_dv,13,0.0
adam,smallcnn,0,0,0.001,m,restricted_no_dv,14,0.0
adam,smallcnn,0,0,0.001,m,restricted_no_dv,15,0.0
adam,smallcnn,0,0,0.001,m,restricted_no_dv,16,0.0
adam,smallcnn,0,0,0.001,m,restricted_no_dv,17,0.0
adam,smallcnn,0,0,0.001,m,restricted_no_dv,18,0.0
adam,smallcnn,0,0,0.001,m,restricted_no_dv,19,0.0
adam,smallcnn,0,0,0.001,m,restricted_no_dv,20,0.0
adam,smallcnn,0,0,0.001,m,restricted_no_dv,21,0.0
adam,smallcnn,0,0,0.001,m,restricted_no_dv,22,0.0
adam,smallcnn,0,0,0.001,m,restricted_no_dv,23,0.0
adam,smallcnn,0,0,0.001,m,restricted_no_dv,24,0.0
adam,smallcnn,0,0,0.001,m,restricted_no_dv,25,0.0
adam,smallcnn,0,0,0.001,m,restricted_no_dv,26,0.0
adam,smallcnn,0,0,0.001,m,restricted_no_dv,27,0.0
adam,smallcnn,0,0,0.001,m,restricted_no_dv,28,0.0
adam,smallcnn,0,0,0.001,m,restricted_no_dv,29,0.0
adam,smallcnn,0,0,0.001,m,restricted_no_dv,30,0.0
adam,smallcnn,0,0,0.001,m,restricted_no_dv,31,0.0
adam,smallcnn,0,0,0.001,m,restricted_no_dv,32,0.0
adam,smallcnn,0,0,0.001,m,restricted_no_dv,33,0.0
adam,smallcnn,0,0,0.001,m,restricted_no_dv,34,0.0
adam,smallcnn,0,0,0.001,m,restricted_no_dv,35,0.0
adam,smallcnn,0,0,0.001,m,restricted_no_dv,36,0.0
adam,smallcnn,0,0,0.001,m,restricted_no_dv,37,0.0
adam,smallcnn,0,0,0.001,m,restricted_no_dv,38,0.0
adam,smallcnn,0,0,0.001,m,restricted_no_dv,39,0.0
adam,smallcnn,0,0,0.001,m,restricted_no_dv,40,0.0
adam,smallcnn,0,1,0.001,m,full_coupled,0,0.0
adam,smallcnn,0,1,0.001,m,full_coupled,1,0.0
adam,smallcnn,0,1,0.001,m,full_coupled,2,1.238285858562449e-05
adam,smallcnn,0,1,0.001,m,full_coupled,3,2.4901135475374758e-05
adam,smallcnn,0,1,0.001,m,full_coupled,4,3.430037759244442e-05
adam,smallcnn,0,1,0.001,m,full_coupled,5,4.0337305108550936e-05
adam,smallcnn,0,1,0.001,m,full_coupled,6,4.618429011316039e-05
adam,smallcnn,0,1,0.001,m,full_coupled,7,4.8388941650046036e-05
adam,smallcnn,0,1,0.001,m,full_coupled,8,5.575854447670281e-05
adam,smallcnn,0,1,0.001,m,full_coupled,9,0.00013520874199457467
adam,smallcnn,0,1,0.001,m,full_coupled,10,0.0002854061604011804
adam,smallcnn,0,1,0.001,m,full_coupled,11,0.0004246088210493326
adam,smallcnn,0,1,0.001,m,full_coupled,12,0.0008066081791184843
adam,smallcnn,0,1,0.001,m,full_coupled,13,0.0010673872893676162
adam,smallcnn,0,1,0.001,m,full_coupled,14,0.0012457632692530751
adam,smallcnn,0,1,0.001,m,full_coupled,15,0.0013447790406644344
adam,smallcnn,0,1,0.001,m,full_coupled,16,0.0016588311409577727
adam,smallcnn,0,1,0.001,m,full_coupled,17,0.001955908490344882
adam,smallcnn,0,1,0.001,m,full_coupled,18,0.002839921973645687
adam,smallcnn,0,1,0.001,m,full_coupled,19,0.003805505344644189
adam,smallcnn,0,1,0.001,m,full_coupled,20,0.009657454676926136
adam,smallcnn,0,1,0.001,m,full_coupled,21,0.007073884829878807
adam,smallcnn,0,1,0.001,m,full_coupled,22,0.015922006219625473
adam,smallcnn,0,1,0.001,m,full_coupled,23,0.01799929141998291
adam,smallcnn,0,1,0.001,m,full_coupled,24,0.04459461569786072
adam,smallcnn,0,1,0.001,m,full_coupled,25,0.05190609395503998
adam,smallcnn,0,1,0.001,m,full_coupled,26,0.06950638443231583
adam,smallcnn,0,1,0.001,m,full_coupled,27,0.09410786628723145
adam,smallcnn,0,1,0.001,m,full_coupled,28,0.110477015376091
adam,smallcnn,0,1,0.001,m,full_coupled,29,0.10349319875240326
adam,smallcnn,0,1,0.001,m,full_coupled,30,0.16608558595180511
adam,smallcnn,0,1,0.001,m,full_coupled,31,0.1416836380958557
adam,smallcnn,0,1,0.001,m,full_coupled,32,0.14252883195877075
adam,smallcnn,0,1,0.001,m,full_coupled,33,0.14405030012130737
adam,smallcnn,0,1,0.001,m,full_coupled,34,0.14403365552425385
adam,smallcnn,0,1,0.001,m,full_coupled,35,0.13866235315799713
adam,smallcnn,0,1,0.001,m,full_coupled,36,0.13931795954704285
adam,smallcnn,0,1,0.001,m,full_coupled,37,0.14110155403614044
adam,smallcnn,0,1,0.001,m,full_coupled,38,0.14466507732868195
adam,smallcnn,0,1,0.001,m,full_coupled,39,0.14639590680599213
adam,smallcnn,0,1,0.001,m,full_coupled,40,0.17651042342185974
adam,smallcnn,0,1,0.001,m,restricted_no_dv,0,0.0
adam,smallcnn,0,1,0.001,m,restricted_no_dv,1,0.0
adam,smallcnn,0,1,0.001,m,restricted_no_dv,2,0.0
adam,smallcnn,0,1,0.001,m,restricted_no_dv,3,0.0
adam,smallcnn,0,1,0.001,m,restricted_no_dv,4,0.0
adam,smallcnn,0,1,0.001,m,restricted_no_dv,5,0.0
adam,smallcnn,0,1,0.001,m,restricted_no_dv,6,0.0
adam,smallcnn,0,1,0.001,m,restricted_no_dv,7,0.0
adam,smallcnn,0,1,0.001,m,restricted_no_dv,8,0.0
adam,smallcnn,0,1,0.001,m,restricted_no_dv,9,0.0
adam,smallcnn,0,1,0.001,m,restricted_no_dv,10,0.0
adam,smallcnn,0,1,0.001,m,restricted_no_dv,11,0.0
adam,smallcnn,0,1,0.001,m,restricted_no_dv,12,0.0
adam,smallcnn,0,1,0.001,m,restricted_no_dv,13,0.0
adam,smallcnn,0,1,0.001,m,restricted_no_dv,14,0.0
adam,smallcnn,0,1,0.001,m,restricted_no_dv,15,0.0
adam,smallcnn,0,1,0.001,m,restricted_no_dv,16,0.0
adam,smallcnn,0,1,0.001,m,restricted_no_dv,17,0.0
adam,smallcnn,0,1,0.001,m,restricted_no_dv,18,0.0
adam,smallcnn,0,1,0.001,m,restricted_no_dv,19,0.0
adam,smallcnn,0,1,0.001,m,restricted_no_dv,20,0.0
adam,smallcnn,0,1,0.001,m,restricted_no_dv,21,0.0
adam,smallcnn,0,1,0.001,m,restricted_no_dv,22,0.0
adam,smallcnn,0,1,0.001,m,restricted_no_dv,23,0.0
adam,smallcnn,0,1,0.001,m,restricted_no_dv,24,0.0
adam,smallcnn,0,1,0.001,m,restricted_no_dv,25,0.0
adam,smallcnn,0,1,0.001,m,restricted_no_dv,26,0.0
adam,smallcnn,0,1,0.001,m,restricted_no_dv,27,0.0
adam,smallcnn,0,1,0.001,m,restricted_no_dv,28,0.0
adam,smallcnn,0,1,0.001,m,restricted_no_dv,29,0.0
adam,smallcnn,0,1,0.001,m,restricted_no_dv,30,0.0
adam,smallcnn,0,1,0.001,m,restricted_no_dv,31,0.0
adam,smallcnn,0,1,0.001,m,restricted_no_dv,32,0.0
adam,smallcnn,0,1,0.001,m,restricted_no_dv,33,0.0
adam,smallcnn,0,1,0.001,m,restricted_no_dv,34,0.0
adam,smallcnn,0,1,0.001,m,restricted_no_dv,35,0.0
adam,smallcnn,0,1,0.001,m,restricted_no_dv,36,0.0
adam,smallcnn,0,1,0.001,m,restricted_no_dv,37,0.0
adam,smallcnn,0,1,0.001,m,restricted_no_dv,38,0.0
adam,smallcnn,0,1,0.001,m,restricted_no_dv,39,0.0
adam,smallcnn,0,1,0.001,m,restricted_no_dv,40,0.0
adam,smallcnn,0,2,0.001,m,full_coupled,0,0.0
adam,smallcnn,0,2,0.001,m,full_coupled,1,0.0
adam,smallcnn,0,2,0.001,m,full_coupled,2,1.2760420759150293e-05
adam,smallcnn,0,2,0.001,m,full_coupled,3,3.0260793209890835e-05
adam,smallcnn,0,2,0.001,m,full_coupled,4,3.825591556960717e-05
adam,smallcnn,0,2,0.001,m,full_coupled,5,4.387717126519419e-05
adam,smallcnn,0,2,0.001,m,full_coupled,6,5.0732691306620836e-05
adam,smallcnn,0,2,0.001,m,full_coupled,7,5.361667717806995e-05
adam,smallcnn,0,2,0.001,m,full_coupled,8,6.629207928199321e-05
adam,smallcnn,0,2,0.001,m,full_coupled,9,0.0001506548869656399
adam,smallcnn,0,2,0.001,m,full_coupled,10,0.0002775680914055556
adam,smallcnn,0,2,0.001,m,full_coupled,11,0.0003502186737023294
adam,smallcnn,0,2,0.001,m,full_coupled,12,0.0005774956662207842
adam,smallcnn,0,2,0.001,m,full_coupled,13,0.0006402297294698656
adam,smallcnn,0,2,0.001,m,full_coupled,14,0.0006152901914902031
adam,smallcnn,0,2,0.001,m,full_coupled,15,0.0006245081895031035
adam,smallcnn,0,2,0.001,m,full_coupled,16,0.0010648020543158054
adam,smallcnn,0,2,0.001,m,full_coupled,17,0.0013711362844333053
adam,smallcnn,0,2,0.001,m,full_coupled,18,0.0015669382410123944
adam,smallcnn,0,2,0.001,m,full_coupled,19,0.002397197764366865
adam,smallcnn,0,2,0.001,m,full_coupled,20,0.004955603275448084
adam,smallcnn,0,2,0.001,m,full_coupled,21,0.004633498843759298
adam,smallcnn,0,2,0.001,m,full_coupled,22,0.009658381342887878
adam,smallcnn,0,2,0.001,m,full_coupled,23,0.011171549558639526
adam,smallcnn,0,2,0.001,m,full_coupled,24,0.02253003790974617
adam,smallcnn,0,2,0.001,m,full_coupled,25,0.03035951405763626
adam,smallcnn,0,2,0.001,m,full_coupled,26,0.032424770295619965
adam,smallcnn,0,2,0.001,m,full_coupled,27,0.04801766201853752
adam,smallcnn,0,2,0.001,m,full_coupled,28,0.06235615164041519
adam,smallcnn,0,2,0.001,m,full_coupled,29,0.06064554303884506
adam,smallcnn,0,2,0.001,m,full_coupled,30,0.08454273641109467
adam,smallcnn,0,2,0.001,m,full_coupled,31,0.11119960993528366
adam,smallcnn,0,2,0.001,m,full_coupled,32,0.12154430896043777
adam,smallcnn,0,2,0.001,m,full_coupled,33,0.09973696619272232
adam,smallcnn,0,2,0.001,m,full_coupled,34,0.09811589121818542
adam,smallcnn,0,2,0.001,m,full_coupled,35,0.10594756156206131
adam,smallcnn,0,2,0.001,m,full_coupled,36,0.11172733455896378
adam,smallcnn,0,2,0.001,m,full_coupled,37,0.11219331622123718
adam,smallcnn,0,2,0.001,m,full_coupled,38,0.1120092123746872
adam,smallcnn,0,2,0.001,m,full_coupled,39,0.11111520230770111
adam,smallcnn,0,2,0.001,m,full_coupled,40,0.14558641612529755
adam,smallcnn,0,2,0.001,m,restricted_no_dv,0,0.0
adam,smallcnn,0,2,0.001,m,restricted_no_dv,1,0.0
adam,smallcnn,0,2,0.001,m,restricted_no_dv,2,0.0
adam,smallcnn,0,2,0.001,m,restricted_no_dv,3,0.0
adam,smallcnn,0,2,0.001,m,restricted_no_dv,4,0.0
adam,smallcnn,0,2,0.001,m,restricted_no_dv,5,0.0
adam,smallcnn,0,2,0.001,m,restricted_no_dv,6,0.0
adam,smallcnn,0,2,0.001,m,restricted_no_dv,7,0.0
adam,smallcnn,0,2,0.001,m,restricted_no_dv,8,0.0
adam,smallcnn,0,2,0.001,m,restricted_no_dv,9,0.0
adam,smallcnn,0,2,0.001,m,restricted_no_dv,10,0.0
adam,smallcnn,0,2,0.001,m,restricted_no_dv,11,0.0
adam,smallcnn,0,2,0.001,m,restricted_no_dv,12,0.0
adam,smallcnn,0,2,0.001,m,restricted_no_dv,13,0.0
adam,smallcnn,0,2,0.001,m,restricted_no_dv,14,0.0
adam,smallcnn,0,2,0.001,m,restricted_no_dv,15,0.0
adam,smallcnn,0,2,0.001,m,restricted_no_dv,16,0.0
adam,smallcnn,0,2,0.001,m,restricted_no_dv,17,0.0
adam,smallcnn,0,2,0.001,m,restricted_no_dv,18,0.0
adam,smallcnn,0,2,0.001,m,restricted_no_dv,19,0.0
adam,smallcnn,0,2,0.001,m,restricted_no_dv,20,0.0
adam,smallcnn,0,2,0.001,m,restricted_no_dv,21,0.0
adam,smallcnn,0,2,0.001,m,restricted_no_dv,22,0.0
adam,smallcnn,0,2,0.001,m,restricted_no_dv,23,0.0
adam,smallcnn,0,2,0.001,m,restricted_no_dv,24,0.0
adam,smallcnn,0,2,0.001,m,restricted_no_dv,25,0.0
adam,smallcnn,0,2,0.001,m,restricted_no_dv,26,0.0
adam,smallcnn,0,2,0.001,m,restricted_no_dv,27,0.0
adam,smallcnn,0,2,0.001,m,restricted_no_dv,28,0.0
adam,smallcnn,0,2,0.001,m,restricted_no_dv,29,0.0
adam,smallcnn,0,2,0.001,m,restricted_no_dv,30,0.0
adam,smallcnn,0,2,0.001,m,restricted_no_dv,31,0.0
adam,smallcnn,0,2,0.001,m,restricted_no_dv,32,0.0
adam,smallcnn,0,2,0.001,m,restricted_no_dv,33,0.0
adam,smallcnn,0,2,0.001,m,restricted_no_dv,34,0.0
adam,smallcnn,0,2,0.001,m,restricted_no_dv,35,0.0
adam,smallcnn,0,2,0.001,m,restricted_no_dv,36,0.0
adam,smallcnn,0,2,0.001,m,restricted_no_dv,37,0.0
adam,smallcnn,0,2,0.001,m,restricted_no_dv,38,0.0
adam,smallcnn,0,2,0.001,m,restricted_no_dv,39,0.0
adam,smallcnn,0,2,0.001,m,restricted_no_dv,40,0.0
adam,smallcnn,0,3,0.001,m,full_coupled,0,0.0
adam,smallcnn,0,3,0.001,m,full_coupled,1,0.0
adam,smallcnn,0,3,0.001,m,full_coupled,2,8.934870493249036e-06
adam,smallcnn,0,3,0.001,m,full_coupled,3,2.254711762361694e-05
adam,smallcnn,0,3,0.001,m,full_coupled,4,2.9937564249848947e-05
adam,smallcnn,0,3,0.001,m,full_coupled,5,3.527538137859665e-05
adam,smallcnn,0,3,0.001,m,full_coupled,6,3.874766480294056e-05
adam,smallcnn,0,3,0.001,m,full_coupled,7,4.08128289564047e-05
adam,smallcnn,0,3,0.001,m,full_coupled,8,6.314141501206905e-05
adam,smallcnn,0,3,0.001,m,full_coupled,9,0.00025688757887110114
adam,smallcnn,0,3,0.001,m,full_coupled,10,0.0005937942187301815
adam,smallcnn,0,3,0.001,m,full_coupled,11,0.0008295286097563803
adam,smallcnn,0,3,0.001,m,full_coupled,12,0.0016451338306069374
adam,smallcnn,0,3,0.001,m,full_coupled,13,0.0021394824143499136
adam,smallcnn,0,3,0.001,m,full_coupled,14,0.002386974636465311
adam,smallcnn,0,3,0.001,m,full_coupled,15,0.002584122121334076
adam,smallcnn,0,3,0.001,m,full_coupled,16,0.002698166761547327
adam,smallcnn,0,3,0.001,m,full_coupled,17,0.003069703234359622
adam,smallcnn,0,3,0.001,m,full_coupled,18,0.005692260339856148
adam,smallcnn,0,3,0.001,m,full_coupled,19,0.0069582597352564335
adam,smallcnn,0,3,0.001,m,full_coupled,20,0.010624492540955544
adam,smallcnn,0,3,0.001,m,full_coupled,21,0.01584186591207981
adam,smallcnn,0,3,0.001,m,full_coupled,22,0.017823975533246994
adam,smallcnn,0,3,0.001,m,full_coupled,23,0.020583178848028183
adam,smallcnn,0,3,0.001,m,full_coupled,24,0.04386678710579872
adam,smallcnn,0,3,0.001,m,full_coupled,25,0.061669327318668365
adam,smallcnn,0,3,0.001,m,full_coupled,26,0.07624995708465576
adam,smallcnn,0,3,0.001,m,full_coupled,27,0.11122720688581467
adam,smallcnn,0,3,0.001,m,full_coupled,28,0.13517308235168457
adam,smallcnn,0,3,0.001,m,full_coupled,29,0.11842196434736252
adam,smallcnn,0,3,0.001,m,full_coupled,30,0.19607840478420258
adam,smallcnn,0,3,0.001,m,full_coupled,31,0.18202880024909973
adam,smallcnn,0,3,0.001,m,full_coupled,32,0.18838095664978027
adam,smallcnn,0,3,0.001,m,full_coupled,33,0.1689850091934204
adam,smallcnn,0,3,0.001,m,full_coupled,34,0.16393014788627625
adam,smallcnn,0,3,0.001,m,full_coupled,35,0.15946082770824432
adam,smallcnn,0,3,0.001,m,full_coupled,36,0.16184362769126892
adam,smallcnn,0,3,0.001,m,full_coupled,37,0.16328591108322144
adam,smallcnn,0,3,0.001,m,full_coupled,38,0.16728675365447998
adam,smallcnn,0,3,0.001,m,full_coupled,39,0.16852587461471558
adam,smallcnn,0,3,0.001,m,full_coupled,40,0.19340260326862335
adam,smallcnn,0,3,0.001,m,restricted_no_dv,0,0.0
adam,smallcnn,0,3,0.001,m,restricted_no_dv,1,0.0
adam,smallcnn,0,3,0.001,m,restricted_no_dv,2,0.0
adam,smallcnn,0,3,0.001,m,restricted_no_dv,3,0.0
adam,smallcnn,0,3,0.001,m,restricted_no_dv,4,0.0
adam,smallcnn,0,3,0.001,m,restricted_no_dv,5,0.0
adam,smallcnn,0,3,0.001,m,restricted_no_dv,6,0.0
adam,smallcnn,0,3,0.001,m,restricted_no_dv,7,0.0
adam,smallcnn,0,3,0.001,m,restricted_no_dv,8,0.0
adam,smallcnn,0,3,0.001,m,restricted_no_dv,9,0.0
adam,smallcnn,0,3,0.001,m,restricted_no_dv,10,0.0
adam,smallcnn,0,3,0.001,m,restricted_no_dv,11,0.0
adam,smallcnn,0,3,0.001,m,restricted_no_dv,12,0.0
adam,smallcnn,0,3,0.001,m,restricted_no_dv,13,0.0
adam,smallcnn,0,3,0.001,m,restricted_no_dv,14,0.0
adam,smallcnn,0,3,0.001,m,restricted_no_dv,15,0.0
adam,smallcnn,0,3,0.001,m,restricted_no_dv,16,0.0
adam,smallcnn,0,3,0.001,m,restricted_no_dv,17,0.0
adam,smallcnn,0,3,0.001,m,restricted_no_dv,18,0.0
adam,smallcnn,0,3,0.001,m,restricted_no_dv,19,0.0
adam,smallcnn,0,3,0.001,m,restricted_no_dv,20,0.0
adam,smallcnn,0,3,0.001,m,restricted_no_dv,21,0.0
adam,smallcnn,0,3,0.001,m,restricted_no_dv,22,0.0
adam,smallcnn,0,3,0.001,m,restricted_no_dv,23,0.0
adam,smallcnn,0,3,0.001,m,restricted_no_dv,24,0.0
adam,smallcnn,0,3,0.001,m,restricted_no_dv,25,0.0
adam,smallcnn,0,3,0.001,m,restricted_no_dv,26,0.0
adam,smallcnn,0,3,0.001,m,restricted_no_dv,27,0.0
adam,smallcnn,0,3,0.001,m,restricted_no_dv,28,0.0
adam,smallcnn,0,3,0.001,m,restricted_no_dv,29,0.0
adam,smallcnn,0,3,0.001,m,restricted_no_dv,30,0.0
adam,smallcnn,0,3,0.001,m,restricted_no_dv,31,0.0
adam,smallcnn,0,3,0.001,m,restricted_no_dv,32,0.0
adam,smallcnn,0,3,0.001,m,restricted_no_dv,33,0.0
adam,smallcnn,0,3,0.001,m,restricted_no_dv,34,0.0
adam,smallcnn,0,3,0.001,m,restricted_no_dv,35,0.0
adam,smallcnn,0,3,0.001,m,restricted_no_dv,36,0.0
adam,smallcnn,0,3,0.001,m,restricted_no_dv,37,0.0
adam,smallcnn,0,3,0.001,m,restricted_no_dv,38,0.0
adam,smallcnn,0,3,0.001,m,restricted_no_dv,39,0.0
adam,smallcnn,0,3,0.001,m,restricted_no_dv,40,0.0
adam,smallcnn,0,0,0.001,log_v,full_coupled,0,0.00018740387167781591
adam,smallcnn,0,0,0.001,log_v,full_coupled,1,0.00018721648666542023
adam,smallcnn,0,0,0.001,log_v,full_coupled,2,0.00018702977104112506
adam,smallcnn,0,0,0.001,log_v,full_coupled,3,0.00018684376846067607
adam,smallcnn,0,0,0.001,log_v,full_coupled,4,0.00018665639800019562
adam,smallcnn,0,0,0.001,log_v,full_coupled,5,0.0001864693040261045
adam,smallcnn,0,0,0.001,log_v,full_coupled,6,0.00018628203542903066
adam,smallcnn,0,0,0.001,log_v,full_coupled,7,0.00018609565449878573
adam,smallcnn,0,0,0.001,log_v,full_coupled,8,0.00018590956460684538
adam,smallcnn,0,0,0.001,log_v,full_coupled,9,0.00018572367844171822
adam,smallcnn,0,0,0.001,log_v,full_coupled,10,0.0001855379668995738
adam,smallcnn,0,0,0.001,log_v,full_coupled,11,0.00018535238632466644
adam,smallcnn,0,0,0.001,log_v,full_coupled,12,0.00018516695126891136
adam,smallcnn,0,0,0.001,log_v,full_coupled,13,0.00018498176359571517
adam,smallcnn,0,0,0.001,log_v,full_coupled,14,0.0001847967942012474
adam,smallcnn,0,0,0.001,log_v,full_coupled,15,0.00018461202853359282
adam,smallcnn,0,0,0.001,log_v,full_coupled,16,0.00018442758300807327
adam,smallcnn,0,0,0.001,log_v,full_coupled,17,0.000184243283001706
adam,smallcnn,0,0,0.001,log_v,full_coupled,18,0.0001840592740336433
adam,smallcnn,0,0,0.001,log_v,full_coupled,19,0.00018387511954642832
adam,smallcnn,0,0,0.001,log_v,full_coupled,20,0.0001836909505072981
adam,smallcnn,0,0,0.001,log_v,full_coupled,21,0.00018350737809669226
adam,smallcnn,0,0,0.001,log_v,full_coupled,22,0.00018332371837459505
adam,smallcnn,0,0,0.001,log_v,full_coupled,23,0.00018314062617719173
adam,smallcnn,0,0,0.001,log_v,full_coupled,24,0.0001829563407227397
adam,smallcnn,0,0,0.001,log_v,full_coupled,25,0.0001827725354814902
adam,smallcnn,0,0,0.001,log_v,full_coupled,26,0.0001825887884479016
adam,smallcnn,0,0,0.001,log_v,full_coupled,27,0.00018240265490021557
adam,smallcnn,0,0,0.001,log_v,full_coupled,28,0.00018221915524918586
adam,smallcnn,0,0,0.001,log_v,full_coupled,29,0.00018203438958153129
adam,smallcnn,0,0,0.001,log_v,full_coupled,30,0.00018184585496783257
adam,smallcnn,0,0,0.001,log_v,full_coupled,31,0.0001816831500036642
adam,smallcnn,0,0,0.001,log_v,full_coupled,32,0.0001814996503526345
adam,smallcnn,0,0,0.001,log_v,full_coupled,33,0.0001813142589526251
adam,smallcnn,0,0,0.001,log_v,full_coupled,34,0.00018113222904503345
adam,smallcnn,0,0,0.001,log_v,full_coupled,35,0.00018095466657541692
adam,smallcnn,0,0,0.001,log_v,full_coupled,36,0.00018077431013807654
adam,smallcnn,0,0,0.001,log_v,full_coupled,37,0.00018059389549307525
adam,smallcnn,0,0,0.001,log_v,full_coupled,38,0.0001804123166948557
adam,smallcnn,0,0,0.001,log_v,full_coupled,39,0.00018023363372776657
adam,smallcnn,0,0,0.001,log_v,full_coupled,40,0.00018005217134486884
adam,smallcnn,0,1,0.001,log_v,full_coupled,0,0.00018125206406693906
adam,smallcnn,0,1,0.001,log_v,full_coupled,1,0.00018107083451468498
adam,smallcnn,0,1,0.001,log_v,full_coupled,2,0.0001808889355743304
adam,smallcnn,0,1,0.001,log_v,full_coupled,3,0.0001807066728360951
adam,smallcnn,0,1,0.001,log_v,full_coupled,4,0.00018052544328384101
adam,smallcnn,0,1,0.001,log_v,full_coupled,5,0.0001803452178137377
adam,smallcnn,0,1,0.001,log_v,full_coupled,6,0.0001801650068955496
adam,smallcnn,0,1,0.001,log_v,full_coupled,7,0.00017998482508119196
adam,smallcnn,0,1,0.001,log_v,full_coupled,8,0.0001798048324417323
adam,smallcnn,0,1,0.001,log_v,full_coupled,9,0.0001796250289771706
adam,smallcnn,0,1,0.001,log_v,full_coupled,10,0.00017944542923942208
adam,smallcnn,0,1,0.001,log_v,full_coupled,11,0.0001792659895727411
adam,smallcnn,0,1,0.001,log_v,full_coupled,12,0.00017908672452904284
adam,smallcnn,0,1,0.001,log_v,full_coupled,13,0.00017890764866024256
adam,smallcnn,0,1,0.001,log_v,full_coupled,14,0.00017872874741442502
adam,smallcnn,0,1,0.001,log_v,full_coupled,15,0.00017855009355116636
adam,smallcnn,0,1,0.001,log_v,full_coupled,16,0.00017837161431089044
adam,smallcnn,0,1,0.001,log_v,full_coupled,17,0.00017819326603785157
adam,smallcnn,0,1,0.001,log_v,full_coupled,18,0.00017801509238779545
adam,smallcnn,0,1,0.001,log_v,full_coupled,19,0.00017783702060114592
adam,smallcnn,0,1,0.001,log_v,full_coupled,20,0.00017765903612598777
adam,smallcnn,0,1,0.001,log_v,full_coupled,21,0.00017748298705555499
adam,smallcnn,0,1,0.001,log_v,full_coupled,22,0.00017730612307786942
adam,smallcnn,0,1,0.001,log_v,full_coupled,23,0.0001771289826137945
adam,smallcnn,0,1,0.001,log_v,full_coupled,24,0.00017695293354336172
adam,smallcnn,0,1,0.001,log_v,full_coupled,25,0.00017677551659289747
adam,smallcnn,0,1,0.001,log_v,full_coupled,26,0.0001766014174791053
adam,smallcnn,0,1,0.001,log_v,full_coupled,27,0.000176422850927338
adam,smallcnn,0,1,0.001,log_v,full_coupled,28,0.00017624841711949557
adam,smallcnn,0,1,0.001,log_v,full_coupled,29,0.00017608841881155968
adam,smallcnn,0,1,0.001,log_v,full_coupled,30,0.00017591987852938473
adam,smallcnn,0,1,0.001,log_v,full_coupled,31,0.00017575506353750825
adam,smallcnn,0,1,0.001,log_v,full_coupled,32,0.0001755853445501998
adam,smallcnn,0,1,0.001,log_v,full_coupled,33,0.0001754258555592969
adam,smallcnn,0,1,0.001,log_v,full_coupled,34,0.00017525139264762402
adam,smallcnn,0,1,0.001,log_v,full_coupled,35,0.00017507807933725417
adam,smallcnn,0,1,0.001,log_v,full_coupled,36,0.0001749056827975437
adam,smallcnn,0,1,0.001,log_v,full_coupled,37,0.00017473139450885355
adam,smallcnn,0,1,0.001,log_v,full_coupled,38,0.00017455742636229843
adam,smallcnn,0,1,0.001,log_v,full_coupled,39,0.00017438293434679508
adam,smallcnn,0,1,0.001,log_v,full_coupled,40,0.00017420701624359936
adam,smallcnn,0,2,0.001,log_v,full_coupled,0,0.00019148655701428652
adam,smallcnn,0,2,0.001,log_v,full_coupled,1,0.00019129506836179644
adam,smallcnn,0,2,0.001,log_v,full_coupled,2,0.00019110443827230483
adam,smallcnn,0,2,0.001,log_v,full_coupled,3,0.0001909138518385589
adam,smallcnn,0,2,0.001,log_v,full_coupled,4,0.00019072220311500132
adam,smallcnn,0,2,0.001,log_v,full_coupled,5,0.00019053088908549398
adam,smallcnn,0,2,0.001,log_v,full_coupled,6,0.00019034030265174806
adam,smallcnn,0,2,0.001,log_v,full_coupled,7,0.00019015002180822194
adam,smallcnn,0,2,0.001,log_v,full_coupled,8,0.00018995990103576332
adam,smallcnn,0,2,0.001,log_v,full_coupled,9,0.00018976994033437222
adam,smallcnn,0,2,0.001,log_v,full_coupled,10,0.00018958015425596386
adam,smallcnn,0,2,0.001,log_v,full_coupled,11,0.00018939060100819916
adam,smallcnn,0,2,0.001,log_v,full_coupled,12,0.0001892012223834172
adam,smallcnn,0,2,0.001,log_v,full_coupled,13,0.00018901204748544842
adam,smallcnn,0,2,0.001,log_v,full_coupled,14,0.00018882306176237762
adam,smallcnn,0,2,0.001,log_v,full_coupled,15,0.00018863429431803524
adam,smallcnn,0,2,0.001,log_v,full_coupled,16,0.0001884457451524213
adam,smallcnn,0,2,0.001,log_v,full_coupled,17,0.00018825729785021394
adam,smallcnn,0,2,0.001,log_v,full_coupled,18,0.00018806898151524365
adam,smallcnn,0,2,0.001,log_v,full_coupled,19,0.00018788091256283224
adam,smallcnn,0,2,0.001,log_v,full_coupled,20,0.00018769291636999696
adam,smallcnn,0,2,0.001,log_v,full_coupled,21,0.00018750535673461854
adam,smallcnn,0,2,0.001,log_v,full_coupled,22,0.0001873178407549858
adam,smallcnn,0,2,0.001,log_v,full_coupled,23,0.00018713061581365764
adam,smallcnn,0,2,0.001,log_v,full_coupled,24,0.0001869440748123452
adam,smallcnn,0,2,0.001,log_v,full_coupled,25,0.0001867568789748475
adam,smallcnn,0,2,0.001,log_v,full_coupled,26,0.0001865709200501442
adam,smallcnn,0,2,0.001,log_v,full_coupled,27,0.00018638792971614748
adam,smallcnn,0,2,0.001,log_v,full_coupled,28,0.00018620384798850864
adam,smallcnn,0,2,0.001,log_v,full_coupled,29,0.0001860236079664901
adam,smallcnn,0,2,0.001,log_v,full_coupled,30,0.00018584048666525632
adam,smallcnn,0,2,0.001,log_v,full_coupled,31,0.00018564162019174546
adam,smallcnn,0,2,0.001,log_v,full_coupled,32,0.0001854556321632117
adam,smallcnn,0,2,0.001,log_v,full_coupled,33,0.00018527677457313985
adam,smallcnn,0,2,0.001,log_v,full_coupled,34,0.00018509267829358578
adam,smallcnn,0,2,0.001,log_v,full_coupled,35,0.00018490548245608807
adam,smallcnn,0,2,0.001,log_v,full_coupled,36,0.00018472014926373959
adam,smallcnn,0,2,0.001,log_v,full_coupled,37,0.000184535383596085
adam,smallcnn,0,2,0.001,log_v,full_coupled,38,0.00018435022502671927
adam,smallcnn,0,2,0.001,log_v,full_coupled,39,0.00018416548846289515
adam,smallcnn,0,2,0.001,log_v,full_coupled,40,0.00018397736130282283
adam,smallcnn,0,3,0.001,log_v,full_coupled,0,0.00021151798136997968
adam,smallcnn,0,3,0.001,log_v,full_coupled,1,0.0002113064838340506
adam,smallcnn,0,3,0.001,log_v,full_coupled,2,0.00021109337103553116
adam,smallcnn,0,3,0.001,log_v,full_coupled,3,0.00021088257199153304
adam,smallcnn,0,3,0.001,log_v,full_coupled,4,0.00021067260240670294
adam,smallcnn,0,3,0.001,log_v,full_coupled,5,0.00021046197798568755
adam,smallcnn,0,3,0.001,log_v,full_coupled,6,0.000210251469979994
adam,smallcnn,0,3,0.001,log_v,full_coupled,7,0.00021004107838962227
adam,smallcnn,0,3,0.001,log_v,full_coupled,8,0.00020983100694138557
adam,smallcnn,0,3,0.001,log_v,full_coupled,9,0.00020962118287570775
adam,smallcnn,0,3,0.001,log_v,full_coupled,10,0.00020941153343301266
adam,smallcnn,0,3,0.001,log_v,full_coupled,11,0.00020920208771713078
adam,smallcnn,0,3,0.001,log_v,full_coupled,12,0.00020899288938380778
adam,smallcnn,0,3,0.001,log_v,full_coupled,13,0.00020878388022538275
adam,smallcnn,0,3,0.001,log_v,full_coupled,14,0.00020857500203419477
adam,smallcnn,0,3,0.001,log_v,full_coupled,15,0.00020836647308897227
adam,smallcnn,0,3,0.001,log_v,full_coupled,16,0.00020815781317651272
adam,smallcnn,0,3,0.001,log_v,full_coupled,17,0.0002079497353406623
adam,smallcnn,0,3,0.001,log_v,full_coupled,18,0.0002077418175758794
adam,smallcnn,0,3,0.001,log_v,full_coupled,19,0.0002075332886306569
adam,smallcnn,0,3,0.001,log_v,full_coupled,20,0.00020732544362545013
adam,smallcnn,0,3,0.001,log_v,full_coupled,21,0.0002071147464448586
adam,smallcnn,0,3,0.001,log_v,full_coupled,22,0.00020690860401373357
adam,smallcnn,0,3,0.001,log_v,full_coupled,23,0.00020670222875196487
adam,smallcnn,0,3,0.001,log_v,full_coupled,24,0.0002064962318399921
adam,smallcnn,0,3,0.001,log_v,full_coupled,25,0.0002062890271190554
adam,smallcnn,0,3,0.001,log_v,full_coupled,26,0.00020606988982763141
adam,smallcnn,0,3,0.001,log_v,full_coupled,27,0.0002058669924736023
adam,smallcnn,0,3,0.001,log_v,full_coupled,28,0.00020566649618558586
adam,smallcnn,0,3,0.001,log_v,full_coupled,29,0.0002054310025414452
adam,smallcnn,0,3,0.001,log_v,full_coupled,30,0.00020523351849988103
adam,smallcnn,0,3,0.001,log_v,full_coupled,31,0.00020500221580732614
adam,smallcnn,0,3,0.001,log_v,full_coupled,32,0.00020479291561059654
adam,smallcnn,0,3,0.001,log_v,full_coupled,33,0.00020459212828427553
adam,smallcnn,0,3,0.001,log_v,full_coupled,34,0.00020438703359104693
adam,smallcnn,0,3,0.001,log_v,full_coupled,35,0.00020418062922544777
adam,smallcnn,0,3,0.001,log_v,full_coupled,36,0.00020397597108967602
adam,smallcnn,0,3,0.001,log_v,full_coupled,37,0.00020377272448968142
adam,smallcnn,0,3,0.001,log_v,full_coupled,38,0.00020357058383524418
adam,smallcnn,0,3,0.001,log_v,full_coupled,39,0.00020336746820248663
adam,smallcnn,0,3,0.001,log_v,full_coupled,40,0.00020314997527748346
adam,smallcnn,0,0,0.001,joint,full_coupled,0,0.00014249800005927682
adam,smallcnn,0,0,0.001,joint,full_coupled,1,0.00014235550770536065
adam,smallcnn,0,0,0.001,joint,full_coupled,2,0.00014265048957895488
adam,smallcnn,0,0,0.001,joint,full_coupled,3,0.00014323827053885907
adam,smallcnn,0,0,0.001,joint,full_coupled,4,0.00014351928257383406
adam,smallcnn,0,0,0.001,joint,full_coupled,5,0.00014387659030035138
adam,smallcnn,0,0,0.001,joint,full_coupled,6,0.00014490615285467356
adam,smallcnn,0,0,0.001,joint,full_coupled,7,0.0001448033144697547
adam,smallcnn,0,0,0.001,joint,full_coupled,8,0.0001494648604420945
adam,smallcnn,0,0,0.001,joint,full_coupled,9,0.0002457110967952758
adam,smallcnn,0,0,0.001,joint,full_coupled,10,0.0004848857061006129
adam,smallcnn,0,0,0.001,joint,full_coupled,11,0.000562152243219316
adam,smallcnn,0,0,0.001,joint,full_coupled,12,0.0009143505594693124
adam,smallcnn,0,0,0.001,joint,full_coupled,13,0.00099706940818578
adam,smallcnn,0,0,0.001,joint,full_coupled,14,0.0009107239893637598
adam,smallcnn,0,0,0.001,joint,full_coupled,15,0.0008005502168089151
adam,smallcnn,0,0,0.001,joint,full_coupled,16,0.0014422973617911339
adam,smallcnn,0,0,0.001,joint,full_coupled,17,0.002312280936166644
adam,smallcnn,0,0,0.001,joint,full_coupled,18,0.0028026869986206293
adam,smallcnn,0,0,0.001,joint,full_coupled,19,0.0032032972667366266
adam,smallcnn,0,0,0.001,joint,full_coupled,20,0.0065724216401577
adam,smallcnn,0,0,0.001,joint,full_coupled,21,0.0064042857848107815
adam,smallcnn,0,0,0.001,joint,full_coupled,22,0.01171859260648489
adam,smallcnn,0,0,0.001,joint,full_coupled,23,0.01324997004121542
adam,smallcnn,0,0,0.001,joint,full_coupled,24,0.02600771002471447
adam,smallcnn,0,0,0.001,joint,full_coupled,25,0.03140386939048767
adam,smallcnn,0,0,0.001,joint,full_coupled,26,0.04002758860588074
adam,smallcnn,0,0,0.001,joint,full_coupled,27,0.05265706777572632
adam,smallcnn,0,0,0.001,joint,full_coupled,28,0.06326767057180405
adam,smallcnn,0,0,0.001,joint,full_coupled,29,0.09812558442354202
adam,smallcnn,0,0,0.001,joint,full_coupled,30,0.11010747402906418
adam,smallcnn,0,0,0.001,joint,full_coupled,31,0.1461535096168518
adam,smallcnn,0,0,0.001,joint,full_coupled,32,0.1589300036430359
adam,smallcnn,0,0,0.001,joint,full_coupled,33,0.15614518523216248
adam,smallcnn,0,0,0.001,joint,full_coupled,34,0.15636801719665527
adam,smallcnn,0,0,0.001,joint,full_coupled,35,0.1599499136209488
adam,smallcnn,0,0,0.001,joint,full_coupled,36,0.16505345702171326
adam,smallcnn,0,0,0.001,joint,full_coupled,37,0.16634824872016907
adam,smallcnn,0,0,0.001,joint,full_coupled,38,0.16822519898414612
adam,smallcnn,0,0,0.001,joint,full_coupled,39,0.16843809187412262
adam,smallcnn,0,0,0.001,joint,full_coupled,40,0.20589469373226166
adam,smallcnn,0,1,0.001,joint,full_coupled,0,0.00012608572433236986
adam,smallcnn,0,1,0.001,joint,full_coupled,1,0.0001259596465388313
adam,smallcnn,0,1,0.001,joint,full_coupled,2,0.00012644143134821206
adam,smallcnn,0,1,0.001,joint,full_coupled,3,0.00012900376168545336
adam,smallcnn,0,1,0.001,joint,full_coupled,4,0.00013005468645133078
adam,smallcnn,0,1,0.001,joint,full_coupled,5,0.00013091074652038515
adam,smallcnn,0,1,0.001,joint,full_coupled,6,0.00013128557475283742
adam,smallcnn,0,1,0.001,joint,full_coupled,7,0.0001315189292654395
adam,smallcnn,0,1,0.001,joint,full_coupled,8,0.00013222072448115796
adam,smallcnn,0,1,0.001,joint,full_coupled,9,0.00014419540821108967
adam,smallcnn,0,1,0.001,joint,full_coupled,10,0.0001921706716530025
adam,smallcnn,0,1,0.001,joint,full_coupled,11,0.0002002351393457502
adam,smallcnn,0,1,0.001,joint,full_coupled,12,0.0002513538347557187
adam,smallcnn,0,1,0.001,joint,full_coupled,13,0.0003165160305798054
adam,smallcnn,0,1,0.001,joint,full_coupled,14,0.00040982896462082863
adam,smallcnn,0,1,0.001,joint,full_coupled,15,0.0005556476535275578
adam,smallcnn,0,1,0.001,joint,full_coupled,16,0.0010067305993288755
adam,smallcnn,0,1,0.001,joint,full_coupled,17,0.0012645970564335585
adam,smallcnn,0,1,0.001,joint,full_coupled,18,0.0015053603565320373
adam,smallcnn,0,1,0.001,joint,full_coupled,19,0.00210711732506752
adam,smallcnn,0,1,0.001,joint,full_coupled,20,0.0028482123743742704
adam,smallcnn,0,1,0.001,joint,full_coupled,21,0.004747961647808552
adam,smallcnn,0,1,0.001,joint,full_coupled,22,0.00850960984826088
adam,smallcnn,0,1,0.001,joint,full_coupled,23,0.009939020499587059
adam,smallcnn,0,1,0.001,joint,full_coupled,24,0.014441676437854767
adam,smallcnn,0,1,0.001,joint,full_coupled,25,0.015603524632751942
adam,smallcnn,0,1,0.001,joint,full_coupled,26,0.01859370246529579
adam,smallcnn,0,1,0.001,joint,full_coupled,27,0.026949528604745865
adam,smallcnn,0,1,0.001,joint,full_coupled,28,0.030532900243997574
adam,smallcnn,0,1,0.001,joint,full_coupled,29,0.05653233826160431
adam,smallcnn,0,1,0.001,joint,full_coupled,30,0.07111760973930359
adam,smallcnn,0,1,0.001,joint,full_coupled,31,0.07643581181764603
adam,smallcnn,0,1,0.001,joint,full_coupled,32,0.07864725589752197
adam,smallcnn,0,1,0.001,joint,full_coupled,33,0.08207740634679794
adam,smallcnn,0,1,0.001,joint,full_coupled,34,0.08245772868394852
adam,smallcnn,0,1,0.001,joint,full_coupled,35,0.08252910524606705
adam,smallcnn,0,1,0.001,joint,full_coupled,36,0.08405543863773346
adam,smallcnn,0,1,0.001,joint,full_coupled,37,0.08575662225484848
adam,smallcnn,0,1,0.001,joint,full_coupled,38,0.08842547982931137
adam,smallcnn,0,1,0.001,joint,full_coupled,39,0.08947698026895523
adam,smallcnn,0,1,0.001,joint,full_coupled,40,0.11472906172275543
adam,smallcnn,0,2,0.001,joint,full_coupled,0,0.00014640796871390194
adam,smallcnn,0,2,0.001,joint,full_coupled,1,0.00014626156189478934
adam,smallcnn,0,2,0.001,joint,full_coupled,2,0.00014591652143280953
adam,smallcnn,0,2,0.001,joint,full_coupled,3,0.00014660318265669048
adam,smallcnn,0,2,0.001,joint,full_coupled,4,0.00014725072833243757
adam,smallcnn,0,2,0.001,joint,full_coupled,5,0.00014766126696486026
adam,smallcnn,0,2,0.001,joint,full_coupled,6,0.00014853176253382117
adam,smallcnn,0,2,0.001,joint,full_coupled,7,0.00014794521848671138
adam,smallcnn,0,2,0.001,joint,full_coupled,8,0.0001499489153502509
adam,smallcnn,0,2,0.001,joint,full_coupled,9,0.000214933737879619
adam,smallcnn,0,2,0.001,joint,full_coupled,10,0.00040660271770320833
adam,smallcnn,0,2,0.001,joint,full_coupled,11,0.0005415410851128399
adam,smallcnn,0,2,0.001,joint,full_coupled,12,0.001011897693388164
adam,smallcnn,0,2,0.001,joint,full_coupled,13,0.0012524110497906804
adam,smallcnn,0,2,0.001,joint,full_coupled,14,0.0013189074816182256
adam,smallcnn,0,2,0.001,joint,full_coupled,15,0.001296304282732308
adam,smallcnn,0,2,0.001,joint,full_coupled,16,0.001412949408404529
adam,smallcnn,0,2,0.001,joint,full_coupled,17,0.001732317148707807
adam,smallcnn,0,2,0.001,joint,full_coupled,18,0.0027755815535783768
adam,smallcnn,0,2,0.001,joint,full_coupled,19,0.0032880352810025215
adam,smallcnn,0,2,0.001,joint,full_coupled,20,0.005666401702910662
adam,smallcnn,0,2,0.001,joint,full_coupled,21,0.006029835436493158
adam,smallcnn,0,2,0.001,joint,full_coupled,22,0.009538551792502403
adam,smallcnn,0,2,0.001,joint,full_coupled,23,0.011348128318786621
adam,smallcnn,0,2,0.001,joint,full_coupled,24,0.02906644530594349
adam,smallcnn,0,2,0.001,joint,full_coupled,25,0.033772122114896774
adam,smallcnn,0,2,0.001,joint,full_coupled,26,0.04711778089404106
adam,smallcnn,0,2,0.001,joint,full_coupled,27,0.06503424048423767
adam,smallcnn,0,2,0.001,joint,full_coupled,28,0.07561350613832474
adam,smallcnn,0,2,0.001,joint,full_coupled,29,0.09653879702091217
adam,smallcnn,0,2,0.001,joint,full_coupled,30,0.13389073312282562
adam,smallcnn,0,2,0.001,joint,full_coupled,31,0.12305447459220886
adam,smallcnn,0,2,0.001,joint,full_coupled,32,0.125339075922966
adam,smallcnn,0,2,0.001,joint,full_coupled,33,0.13224558532238007
adam,smallcnn,0,2,0.001,joint,full_coupled,34,0.1335110068321228
adam,smallcnn,0,2,0.001,joint,full_coupled,35,0.12912043929100037
adam,smallcnn,0,2,0.001,joint,full_coupled,36,0.1317281872034073
adam,smallcnn,0,2,0.001,joint,full_coupled,37,0.13291707634925842
adam,smallcnn,0,2,0.001,joint,full_coupled,38,0.13461360335350037
adam,smallcnn,0,2,0.001,joint,full_coupled,39,0.13584107160568237
adam,smallcnn,0,2,0.001,joint,full_coupled,40,0.16130360960960388
adam,smallcnn,0,3,0.001,joint,full_coupled,0,0.00012965264613740146
adam,smallcnn,0,3,0.001,joint,full_coupled,1,0.0001295229885727167
adam,smallcnn,0,3,0.001,joint,full_coupled,2,0.00012941502791363746
adam,smallcnn,0,3,0.001,joint,full_coupled,3,0.00013030583795625716
adam,smallcnn,0,3,0.001,joint,full_coupled,4,0.0001312199019594118
adam,smallcnn,0,3,0.001,joint,full_coupled,5,0.00013147504068911076
adam,smallcnn,0,3,0.001,joint,full_coupled,6,0.00013271605712361634
adam,smallcnn,0,3,0.001,joint,full_coupled,7,0.00013343959290068597
adam,smallcnn,0,3,0.001,joint,full_coupled,8,0.00013808654330205172
adam,smallcnn,0,3,0.001,joint,full_coupled,9,0.0002593834069557488
adam,smallcnn,0,3,0.001,joint,full_coupled,10,0.0005429968587122858
adam,smallcnn,0,3,0.001,joint,full_coupled,11,0.0007161347893998027
adam,smallcnn,0,3,0.001,joint,full_coupled,12,0.0012574311112985015
adam,smallcnn,0,3,0.001,joint,full_coupled,13,0.0014192573726177216
adam,smallcnn,0,3,0.001,joint,full_coupled,14,0.0012885716278105974
adam,smallcnn,0,3,0.001,joint,full_coupled,15,0.0009287389693781734
adam,smallcnn,0,3,0.001,joint,full_coupled,16,0.0020281625911593437
adam,smallcnn,0,3,0.001,joint,full_coupled,17,0.0033812071196734905
adam,smallcnn,0,3,0.001,joint,full_coupled,18,0.004087679088115692
adam,smallcnn,0,3,0.001,joint,full_coupled,19,0.004741169046610594
adam,smallcnn,0,3,0.001,joint,full_coupled,20,0.00833452120423317
adam,smallcnn,0,3,0.001,joint,full_coupled,21,0.00924726389348507
adam,smallcnn,0,3,0.001,joint,full_coupled,22,0.016969939693808556
adam,smallcnn,0,3,0.001,joint,full_coupled,23,0.018036605790257454
adam,smallcnn,0,3,0.001,joint,full_coupled,24,0.03420114144682884
adam,smallcnn,0,3,0.001,joint,full_coupled,25,0.052228111773729324
adam,smallcnn,0,3,0.001,joint,full_coupled,26,0.046278517693281174
adam,smallcnn,0,3,0.001,joint,full_coupled,27,0.08130363374948502
adam,smallcnn,0,3,0.001,joint,full_coupled,28,0.10844144970178604
adam,smallcnn,0,3,0.001,joint,full_coupled,29,0.07661447674036026
adam,smallcnn,0,3,0.001,joint,full_coupled,30,0.16435526311397552
adam,smallcnn,0,3,0.001,joint,full_coupled,31,0.18647532165050507
adam,smallcnn,0,3,0.001,joint,full_coupled,32,0.19625823199748993
adam,smallcnn,0,3,0.001,joint,full_coupled,33,0.1472047120332718
adam,smallcnn,0,3,0.001,joint,full_coupled,34,0.13803842663764954
adam,smallcnn,0,3,0.001,joint,full_coupled,35,0.14598651230335236
adam,smallcnn,0,3,0.001,joint,full_coupled,36,0.14959220588207245
adam,smallcnn,0,3,0.001,joint,full_coupled,37,0.1491532325744629
adam,smallcnn,0,3,0.001,joint,full_coupled,38,0.1505071371793747
adam,smallcnn,0,3,0.001,joint,full_coupled,39,0.15143123269081116
adam,smallcnn,0,3,0.001,joint,full_coupled,40,0.19877472519874573
