learning_rate,horizon,radius_scale_full,centered_error_full,radius_scale_restricted,centered_error_restricted,restricted_minus_full_centered,restricted_over_full_centered,centered_cosine_full,centered_cosine_restricted
0.0003,1,0.01,3.830001205074041e-07,0.01,3.830001205074041e-07,0.0,1.0,0.9999999701976776,0.9999999701976776
0.0003,5,0.003,0.0064846200402826,0.003,0.006486733444035,2.1134037524002044e-06,1.0003259101904618,0.99997840821743,0.9999783933162688
0.0003,10,0.003,0.0177593433763831,0.003,0.0177782480604946,1.890468411150023e-05,1.0010644922906689,0.9998399317264556,0.9998395591974258
0.0003,20,0.003,0.0752635411918163,0.003,0.0769319627434015,0.0016684215515851974,1.0221677259024136,0.9971385449171066,0.9970304667949677
0.0003,40,0.01,0.3369656056165695,0.003,0.5863199308514595,0.24935432523488998,1.7399993384447323,0.947079136967659,0.862278014421463
0.001,1,0.01,1.3757545502812718e-07,0.01,1.3757545502812718e-07,0.0,1.0,0.9999999403953552,0.9999999403953552
0.001,5,0.001,0.0182501780800521,0.001,0.0182553315535187,5.153473466600056e-06,1.0002823793523545,0.999832883477211,0.9998327642679214
0.001,10,0.001,0.0936249140650034,0.001,0.0989237036556005,0.005298789590597111,1.056595935425032,0.9955755323171616,0.9950913190841676
0.001,20,0.003,0.2523917593061924,0.003,0.3168534189462662,0.06446165964007378,1.2554031867651878,0.9704490900039672,0.9549987018108368
0.001,40,0.003,0.3742665871977806,0.003,0.5497997924685478,0.1755332052707672,1.4690058137036073,0.9339222460985184,0.8729798793792725
