learning_rate,memory_component,horizon,radius_scale,centered_error,centered_cosine,endpoint_error,endpoint_cosine,tangent_norm,centered_fd_norm,true_endpoint_norm
0.0003,joint,1,0.01,4.656885721487925e-07,1.0,9.437109383725328e-06,0.9999999850988388,54.34373664855957,54.34373664855957,0.5434373915195465
0.0003,joint,5,0.003,0.0050282302545383,0.9999861419200896,0.006864761118777,0.9999704957008362,222.99573516845703,222.99745559692383,0.6689893156290054
0.0003,joint,10,0.003,0.0168336480855941,0.9998534619808196,0.0241279578767716,0.9996843934059144,355.2742004394531,355.2434387207031,1.0658996999263763
0.0003,joint,20,0.003,0.0745975393801927,0.9972075819969176,0.108662350103259,0.9940549731254578,479.0763397216797,479.47286224365234,1.4438578486442566
0.0003,joint,40,0.003,0.3171099126338959,0.948915719985962,0.4239621758460998,0.9064442813396454,557.6355438232422,553.9503784179688,1.744785338640213
0.0003,log_v,1,0.01,0.3548055067658424,0.934938833117485,0.5650295168161392,0.825066015124321,5.4044831813371275e-05,5.779015373263974e-05,6.544391339957656e-07
0.0003,log_v,5,3e-05,0.989731103181839,0.1235966917010955,0.9954629391431808,0.080544931377517,0.0003986254378105,0.0513987176236696,3.0693581685170557e-06
0.0003,log_v,10,0.01,0.9973606169223784,0.0705454610288143,0.9991969615221024,0.0401458581909537,0.0008572794904466,0.0126883727498352,0.0002158687166229
0.0003,log_v,20,0.01,0.9999499768018724,0.0074558401247486,1.0000019073486328,-6.601226050406694e-05,0.0014027548604644,0.3792302627116442,0.0100057019153609
0.0003,log_v,40,0.01,0.9999762326478958,0.0168218672042712,1.0000015646219254,-0.0016272332286462,0.0017936918593477,2.1422364115715027,0.0462345676496624
0.0003,m,1,0.01,3.830001205074041e-07,0.9999999701976776,7.022994736871624e-07,0.9999999403953552,69.22379875183105,69.22379875183105,0.6922379732131958
0.0003,m,5,0.003,0.0064846200402826,0.99997840821743,0.0080804566387087,0.9999633729457856,284.0539779663086,284.05418395996094,0.8521851599216461
0.0003,m,10,0.003,0.0177593433763831,0.9998399317264556,0.024718320928514,0.999670460820198,452.58548736572266,452.36822509765625,1.3571664988994598
0.0003,m,20,0.003,0.0752635411918163,0.9971385449171066,0.0999248251318931,0.9948699176311492,610.4585266113281,609.7990875244141,1.8337991833686829
0.0003,m,40,0.01,0.3369656056165695,0.947079136967659,0.3963028192520141,0.9263117164373398,714.875732421875,649.5624847412109,6.645480394363403
0.001,joint,1,0.01,1.5958032051344162e-07,1.0,9.397774419994676e-06,1.0000000149011612,181.1457862854004,181.1457862854004,1.811457931995392
0.001,joint,5,0.003,0.0186938657425344,0.9998255372047424,0.0255427276715636,0.9996697902679444,742.8453826904297,742.0026702880859,2.2263662815093994
0.001,joint,10,0.003,0.0869644954800605,0.9962378293275832,0.1344094015657901,0.9908965229988098,1171.3197326660156,1160.0032653808594,3.496341824531555
0.001,joint,20,0.003,0.2543389648199081,0.9682874381542206,0.3808860778808594,0.9253549724817276,1565.4970703125,1533.2091674804688,4.780492305755615
0.001,joint,40,0.003,0.3851823806762695,0.9267977476119996,0.5497598871588707,0.8389569371938705,1768.810302734375,1745.784149169922,5.727387189865112
0.001,log_v,1,0.01,0.1210093013942241,0.992651343345642,0.2307235896587371,0.9730179756879808,0.0001801494327082,0.00018142524641,1.8511698840484312e-06
0.001,log_v,5,3e-05,0.9980705082416534,0.044579713827261,0.9925349801778792,0.1140766413882374,0.0011269770620856,8.661803951486945,3.066856741895663e-07
0.001,log_v,10,0.01,0.9999576508998872,0.0091607829090207,0.9999894350767136,0.0045536289107985,0.0020583900040946,0.273688368499279,0.0050490316352806
0.001,log_v,20,0.003,0.9999993294477464,0.0009695805783849,0.9999995976686478,0.0011502390552777,0.0030218817992135,6.347633183002472,0.0322753610089421
0.001,log_v,40,0.003,0.9999999403953552,0.000815467297798,0.9999999701976776,0.0007882150239311,0.0035605258308351,36.59346437454224,0.3615206927061081
0.001,m,1,0.01,1.3757545502812718e-07,0.9999999403953552,2.245795620581248e-07,1.0000000894069672,230.7460021972656,230.7460021972656,2.3074598908424377
0.001,m,5,0.001,0.0182501780800521,0.999832883477211,0.0235590697266161,0.999718889594078,946.2375793457032,946.0611877441406,0.946181058883667
0.001,m,10,0.001,0.0936249140650034,0.9955755323171616,0.1256339158862829,0.9918663501739502,1492.1021728515625,1497.3123779296875,1.5045391619205477
0.001,m,20,0.003,0.2523917593061924,0.9704490900039672,0.3510937690734863,0.9390553086996078,1989.3898010253904,1902.9425354003904,5.890582323074341
0.001,m,40,0.003,0.3742665871977806,0.9339222460985184,0.5027626752853394,0.8704700320959091,2240.8621215820312,2143.0237426757812,6.892318248748779
